{"mean": [-0.00010439560439560388, -4.5787545787546045e-05, 0.007765260766157755, 0.4165768075046255, 0.15848604953817394, 2.092408424908425, 19.1122032967033, 3.7591712320304825e-05, 0.0020714285714285735, 0.0003924646553578396, 5.675521239135299e-05, -2.1978021978021083e-05], "std": [0.03883524062941537, 0.03339926232738486, 0.046689061541096734, 1.715248282722636, 0.07128574975459681, 0.40339589376753465, 8.63031892366894, 0.004705022519149388, 1.87936842871978, 0.010926195391190467, 0.49022684452502563, 0.03018926064610543]}