{"mean": [0.0020714285714285735, 2.092408424908425, 19.1122032967033, 0.7096478399696103, -4.5787545787546045e-05, 2.4284249084249088, 0.9743901098901099, 0.006368492036599261, 5.675521239135299e-05, 54.918461832153525, 3.7591712320304825e-05, 0.00031161510019433715], "std": [1.87936842871978, 0.40339589376753465, 8.63031892366894, 3.0282057107435687, 0.03339926232738486, 0.7867495440696842, 0.9505281228260098, 0.045528143213818595, 0.49022684452502563, 11.539755363704952, 0.004705022519149388, 0.011824606798742138]}