{"mean": [-4.5787545787546045e-05, 3.7591712320304825e-05, 0.0021034911788242482, -1.690072760702123e-06, 0.00020082271785748474, 2.092408424908425, -2.700051600222951e-06, 50.101060007102774, 0.9743901098901099, 0.0020714285714285735, 2.4284249084249088, 7.328038011499311e-05], "std": [0.03339926232738486, 0.004705022519149388, 1.0952225235269244, 0.018928327845141996, 0.02559228832926733, 0.40339589376753465, 0.00910126567354577, 11.129395283681564, 0.9505281228260098, 1.87936842871978, 0.7867495440696842, 0.0370382005686466]}