{"mean": [-4.5787545787546045e-05, 19.1122032967033, 0.00017014481811633678, 2.092408424908425, 0.0008718255892805047, -2.1978021978021083e-05, 0.25195498528739013, 5.675521239135299e-05, 3.7591712320304825e-05, 0.034225372377245336, 2.4284249084249088, 0.0020714285714285735], "std": [0.03339926232738486, 8.63031892366894, 0.01862372505952778, 0.40339589376753465, 0.03968540299804774, 0.03018926064610543, 0.1562396451640054, 0.49022684452502563, 0.004705022519149388, 0.5634784837288203, 0.7867495440696842, 1.87936842871978]}