{"mean": [-0.00010439560439560388, -4.5787545787546045e-05, 0.007765260766157755, 0.4165768075046286, 0.15848604953817386, 2.092408424908425, 19.1122032967033, 3.7591712320304805e-05, 0.002071428571428573, 0.00039246465535783975, 5.675521239135449e-05, -2.1978021978021083e-05], "std": [0.03883524062941537, 0.03339926232738486, 0.046689061541096734, 1.7152482827226356, 0.07128574975459681, 0.40339589376753465, 8.63031892366894, 0.004705022519149388, 1.87936842871978, 0.010926195391190469, 0.49022684452502563, 0.03018926064610543]}