{"mean": [0.002071428571428573, 2.092408424908425, 19.1122032967033, 0.7096478399696159, -4.5787545787546045e-05, 2.4284249084249088, 0.9743901098901099, 0.006368492036599261, 5.675521239135449e-05, 54.918461832153525, 3.7591712320304805e-05, 0.0003116151001943372], "std": [1.87936842871978, 0.40339589376753465, 8.63031892366894, 3.0282057107435696, 0.03339926232738486, 0.7867495440696842, 0.9505281228260098, 0.0455281432138186, 0.49022684452502563, 11.539755363704954, 0.004705022519149388, 0.011824606798742136]}