{"mean": [-4.5787545787546045e-05, 3.7591712320304805e-05, 0.002103491178824998, -1.6900727607017975e-06, 0.00020082271785748477, 2.092408424908425, -2.7000516002229102e-06, 50.101060007102774, 0.9743901098901099, 0.002071428571428573, 2.4284249084249088, 7.328038011499344e-05], "std": [0.03339926232738486, 0.004705022519149388, 1.0952225235269237, 0.018928327845141996, 0.02559228832926733, 0.40339589376753465, 0.00910126567354577, 11.129395283681564, 0.9505281228260098, 1.87936842871978, 0.7867495440696842, 0.0370382005686466]}