{"mean": [-4.5787545787546045e-05, 19.1122032967033, 0.00017014481811633713, 2.092408424908425, 0.0008718255892805047, -2.1978021978021083e-05, 0.2519549852873912, 5.675521239135449e-05, 3.7591712320304805e-05, 0.03422537237724677, 2.4284249084249088, 0.002071428571428573], "std": [0.03339926232738486, 8.63031892366894, 0.01862372505952778, 0.40339589376753465, 0.03968540299804774, 0.03018926064610543, 0.15623964516400507, 0.49022684452502563, 0.004705022519149388, 0.5634784837288204, 0.7867495440696842, 1.87936842871978]}