{
  "vsn_hidden_dim": 16,
  "lstm_hidden_dim": 32,
  "lstm_num_layers": 1,
  "lstm_dropout": 0.10225571456167798,
  "vsn_dropout": 0.06344005558987116,
  "lr": 0.0005846271009606885,
  "batch_size": 64
}