,cpi_headline,cpi_core,ppi,pce_headline,pce_core,unemployment,jobless_claims,ust_2y,ust_10y,ust_30y,spread_2s10s,spread_3m10y,vix,credit_ig,credit_hy,credit_baa_spread,m2,fed_balance_sheet,gpr,fed_funds,dollar_index,put_call_ratio,option_oi,ism_pmi,spx,sofr_ois_2y
1913-01-03,,,12.1,,,,,,,,,,,,,,,,,,,,,,,
1913-01-10,,,12.1,,,,,,,,,,,,,,,,,,,,,,,
1913-01-17,,,12.1,,,,,,,,,,,,,,,,,,,,,,,
1913-01-24,,,12.1,,,,,,,,,,,,,,,,,,,,,,,
1913-01-31,,,12.1,,,,,,,,,,,,,,,,,,,,,,,
1913-02-07,,,12.0,,,,,,,,,,,,,,,,,,,,,,,
1913-02-14,,,12.0,,,,,,,,,,,,,,,,,,,,,,,
1913-02-21,,,12.0,,,,,,,,,,,,,,,,,,,,,,,
1913-02-28,,,12.0,,,,,,,,,,,,,,,,,,,,,,,
1913-03-07,,,12.0,,,,,,,,,,,,,,,,,,,,,,,
1913-03-14,,,12.0,,,,,,,,,,,,,,,,,,,,,,,
1913-03-21,,,12.0,,,,,,,,,,,,,,,,,,,,,,,
1913-03-28,,,12.0,,,,,,,,,,,,,,,,,,,,,,,
1913-04-04,,,12.0,,,,,,,,,,,,,,,,,,,,,,,
1913-04-11,,,12.0,,,,,,,,,,,,,,,,,,,,,,,
1913-04-18,,,12.0,,,,,,,,,,,,,,,,,,,,,,,
1913-04-25,,,12.0,,,,,,,,,,,,,,,,,,,,,,,
1913-05-02,,,11.9,,,,,,,,,,,,,,,,,,,,,,,
1913-05-09,,,11.9,,,,,,,,,,,,,,,,,,,,,,,
1913-05-16,,,11.9,,,,,,,,,,,,,,,,,,,,,,,
1913-05-23,,,11.9,,,,,,,,,,,,,,,,,,,,,,,
1913-05-30,,,11.9,,,,,,,,,,,,,,,,,,,,,,,
1913-06-06,,,11.9,,,,,,,,,,,,,,,,,,,,,,,
1913-06-13,,,11.9,,,,,,,,,,,,,,,,,,,,,,,
1913-06-20,,,11.9,,,,,,,,,,,,,,,,,,,,,,,
1913-06-27,,,11.9,,,,,,,,,,,,,,,,,,,,,,,
1913-07-04,,,12.0,,,,,,,,,,,,,,,,,,,,,,,
1913-07-11,,,12.0,,,,,,,,,,,,,,,,,,,,,,,
1913-07-18,,,12.0,,,,,,,,,,,,,,,,,,,,,,,
1913-07-25,,,12.0,,,,,,,,,,,,,,,,,,,,,,,
1913-08-01,,,12.0,,,,,,,,,,,,,,,,,,,,,,,
1913-08-08,,,12.0,,,,,,,,,,,,,,,,,,,,,,,
1913-08-15,,,12.0,,,,,,,,,,,,,,,,,,,,,,,
1913-08-22,,,12.0,,,,,,,,,,,,,,,,,,,,,,,
1913-08-29,,,12.0,,,,,,,,,,,,,,,,,,,,,,,
1913-09-05,,,12.2,,,,,,,,,,,,,,,,,,,,,,,
1913-09-12,,,12.2,,,,,,,,,,,,,,,,,,,,,,,
1913-09-19,,,12.2,,,,,,,,,,,,,,,,,,,,,,,
1913-09-26,,,12.2,,,,,,,,,,,,,,,,,,,,,,,
1913-10-03,,,12.2,,,,,,,,,,,,,,,,,,,,,,,
1913-10-10,,,12.2,,,,,,,,,,,,,,,,,,,,,,,
1913-10-17,,,12.2,,,,,,,,,,,,,,,,,,,,,,,
1913-10-24,,,12.2,,,,,,,,,,,,,,,,,,,,,,,
1913-10-31,,,12.2,,,,,,,,,,,,,,,,,,,,,,,
1913-11-07,,,12.1,,,,,,,,,,,,,,,,,,,,,,,
1913-11-14,,,12.1,,,,,,,,,,,,,,,,,,,,,,,
1913-11-21,,,12.1,,,,,,,,,,,,,,,,,,,,,,,
1913-11-28,,,12.1,,,,,,,,,,,,,,,,,,,,,,,
1913-12-05,,,11.9,,,,,,,,,,,,,,,,,,,,,,,
1913-12-12,,,11.9,,,,,,,,,,,,,,,,,,,,,,,
1913-12-19,,,11.9,,,,,,,,,,,,,,,,,,,,,,,
1913-12-26,,,11.9,,,,,,,,,,,,,,,,,,,,,,,
1914-01-02,,,11.8,,,,,,,,,,,,,,,,,,,,,,,
1914-01-09,,,11.8,,,,,,,,,,,,,,,,,,,,,,,
1914-01-16,,,11.8,,,,,,,,,,,,,,,,,,,,,,,
1914-01-23,,,11.8,,,,,,,,,,,,,,,,,,,,,,,
1914-01-30,,,11.8,,,,,,,,,,,,,,,,,,,,,,,
1914-02-06,,,11.8,,,,,,,,,,,,,,,,,,,,,,,
1914-02-13,,,11.8,,,,,,,,,,,,,,,,,,,,,,,
1914-02-20,,,11.8,,,,,,,,,,,,,,,,,,,,,,,
1914-02-27,,,11.8,,,,,,,,,,,,,,,,,,,,,,,
1914-03-06,,,11.7,,,,,,,,,,,,,,,,,,,,,,,
1914-03-13,,,11.7,,,,,,,,,,,,,,,,,,,,,,,
1914-03-20,,,11.7,,,,,,,,,,,,,,,,,,,,,,,
1914-03-27,,,11.7,,,,,,,,,,,,,,,,,,,,,,,
1914-04-03,,,11.7,,,,,,,,,,,,,,,,,,,,,,,
1914-04-10,,,11.7,,,,,,,,,,,,,,,,,,,,,,,
1914-04-17,,,11.7,,,,,,,,,,,,,,,,,,,,,,,
1914-04-24,,,11.7,,,,,,,,,,,,,,,,,,,,,,,
1914-05-01,,,11.6,,,,,,,,,,,,,,,,,,,,,,,
1914-05-08,,,11.6,,,,,,,,,,,,,,,,,,,,,,,
1914-05-15,,,11.6,,,,,,,,,,,,,,,,,,,,,,,
1914-05-22,,,11.6,,,,,,,,,,,,,,,,,,,,,,,
1914-05-29,,,11.6,,,,,,,,,,,,,,,,,,,,,,,
1914-06-05,,,11.6,,,,,,,,,,,,,,,,,,,,,,,
1914-06-12,,,11.6,,,,,,,,,,,,,,,,,,,,,,,
1914-06-19,,,11.6,,,,,,,,,,,,,,,,,,,,,,,
1914-06-26,,,11.6,,,,,,,,,,,,,,,,,,,,,,,
1914-07-03,,,11.6,,,,,,,,,,,,,,,,,,,,,,,
1914-07-10,,,11.6,,,,,,,,,,,,,,,,,,,,,,,
1914-07-17,,,11.6,,,,,,,,,,,,,,,,,,,,,,,
1914-07-24,,,11.6,,,,,,,,,,,,,,,,,,,,,,,
1914-07-31,,,11.6,,,,,,,,,,,,,,,,,,,,,,,
1914-08-07,,,12.0,,,,,,,,,,,,,,,,,,,,,,,
1914-08-14,,,12.0,,,,,,,,,,,,,,,,,,,,,,,
1914-08-21,,,12.0,,,,,,,,,,,,,,,,,,,,,,,
1914-08-28,,,12.0,,,,,,,,,,,,,,,,,,,,,,,
1914-09-04,,,12.1,,,,,,,,,,,,,,,,,,,,,,,
1914-09-11,,,12.1,,,,,,,,,,,,,,,,,,,,,,,
1914-09-18,,,12.1,,,,,,,,,,,,,,,,,,,,,,,
1914-09-25,,,12.1,,,,,,,,,,,,,,,,,,,,,,,
1914-10-02,,,11.7,,,,,,,,,,,,,,,,,,,,,,,
1914-10-09,,,11.7,,,,,,,,,,,,,,,,,,,,,,,
1914-10-16,,,11.7,,,,,,,,,,,,,,,,,,,,,,,
1914-10-23,,,11.7,,,,,,,,,,,,,,,,,,,,,,,
1914-10-30,,,11.7,,,,,,,,,,,,,,,,,,,,,,,
1914-11-06,,,11.7,,,,,,,,,,,,,,,,,,,,,,,
1914-11-13,,,11.7,,,,,,,,,,,,,,,,,,,,,,,
1914-11-20,,,11.7,,,,,,,,,,,,,,,,,,,,,,,
1914-11-27,,,11.7,,,,,,,,,,,,,,,,,,,,,,,
1914-12-04,,,11.6,,,,,,,,,,,,,,,,,,,,,,,
1914-12-11,,,11.6,,,,,,,,,,,,,,,,,,,,,,,
1914-12-18,,,11.6,,,,,,,,,,,,,,,,,,,,,,,
1914-12-25,,,11.6,,,,,,,,,,,,,,,,,,,,,,,
1915-01-01,,,11.8,,,,,,,,,,,,,,,,,,,,,,,
1915-01-08,,,11.8,,,,,,,,,,,,,,,,,,,,,,,
1915-01-15,,,11.8,,,,,,,,,,,,,,,,,,,,,,,
1915-01-22,,,11.8,,,,,,,,,,,,,,,,,,,,,,,
1915-01-29,,,11.8,,,,,,,,,,,,,,,,,,,,,,,
1915-02-05,,,11.8,,,,,,,,,,,,,,,,,,,,,,,
1915-02-12,,,11.8,,,,,,,,,,,,,,,,,,,,,,,
1915-02-19,,,11.8,,,,,,,,,,,,,,,,,,,,,,,
1915-02-26,,,11.8,,,,,,,,,,,,,,,,,,,,,,,
1915-03-05,,,11.8,,,,,,,,,,,,,,,,,,,,,,,
1915-03-12,,,11.8,,,,,,,,,,,,,,,,,,,,,,,
1915-03-19,,,11.8,,,,,,,,,,,,,,,,,,,,,,,
1915-03-26,,,11.8,,,,,,,,,,,,,,,,,,,,,,,
1915-04-02,,,11.8,,,,,,,,,,,,,,,,,,,,,,,
1915-04-09,,,11.8,,,,,,,,,,,,,,,,,,,,,,,
1915-04-16,,,11.8,,,,,,,,,,,,,,,,,,,,,,,
1915-04-23,,,11.8,,,,,,,,,,,,,,,,,,,,,,,
1915-04-30,,,11.8,,,,,,,,,,,,,,,,,,,,,,,
1915-05-07,,,11.9,,,,,,,,,,,,,,,,,,,,,,,
1915-05-14,,,11.9,,,,,,,,,,,,,,,,,,,,,,,
1915-05-21,,,11.9,,,,,,,,,,,,,,,,,,,,,,,
1915-05-28,,,11.9,,,,,,,,,,,,,,,,,,,,,,,
1915-06-04,,,11.8,,,,,,,,,,,,,,,,,,,,,,,
1915-06-11,,,11.8,,,,,,,,,,,,,,,,,,,,,,,
1915-06-18,,,11.8,,,,,,,,,,,,,,,,,,,,,,,
1915-06-25,,,11.8,,,,,,,,,,,,,,,,,,,,,,,
1915-07-02,,,11.9,,,,,,,,,,,,,,,,,,,,,,,
1915-07-09,,,11.9,,,,,,,,,,,,,,,,,,,,,,,
1915-07-16,,,11.9,,,,,,,,,,,,,,,,,,,,,,,
1915-07-23,,,11.9,,,,,,,,,,,,,,,,,,,,,,,
1915-07-30,,,11.9,,,,,,,,,,,,,,,,,,,,,,,
1915-08-06,,,11.8,,,,,,,,,,,,,,,,,,,,,,,
1915-08-13,,,11.8,,,,,,,,,,,,,,,,,,,,,,,
1915-08-20,,,11.8,,,,,,,,,,,,,,,,,,,,,,,
1915-08-27,,,11.8,,,,,,,,,,,,,,,,,,,,,,,
1915-09-03,,,11.8,,,,,,,,,,,,,,,,,,,,,,,
1915-09-10,,,11.8,,,,,,,,,,,,,,,,,,,,,,,
1915-09-17,,,11.8,,,,,,,,,,,,,,,,,,,,,,,
1915-09-24,,,11.8,,,,,,,,,,,,,,,,,,,,,,,
1915-10-01,,,12.1,,,,,,,,,,,,,,,,,,,,,,,
1915-10-08,,,12.1,,,,,,,,,,,,,,,,,,,,,,,
1915-10-15,,,12.1,,,,,,,,,,,,,,,,,,,,,,,
1915-10-22,,,12.1,,,,,,,,,,,,,,,,,,,,,,,
1915-10-29,,,12.1,,,,,,,,,,,,,,,,,,,,,,,
1915-11-05,,,12.3,,,,,,,,,,,,,,,,,,,,,,,
1915-11-12,,,12.3,,,,,,,,,,,,,,,,,,,,,,,
1915-11-19,,,12.3,,,,,,,,,,,,,,,,,,,,,,,
1915-11-26,,,12.3,,,,,,,,,,,,,,,,,,,,,,,
1915-12-03,,,12.8,,,,,,,,,,,,,,,,,,,,,,,
1915-12-10,,,12.8,,,,,,,,,,,,,,,,,,,,,,,
1915-12-17,,,12.8,,,,,,,,,,,,,,,,,,,,,,,
1915-12-24,,,12.8,,,,,,,,,,,,,,,,,,,,,,,
1915-12-31,,,12.8,,,,,,,,,,,,,,,,,,,,,,,
1916-01-07,,,13.3,,,,,,,,,,,,,,,,,,,,,,,
1916-01-14,,,13.3,,,,,,,,,,,,,,,,,,,,,,,
1916-01-21,,,13.3,,,,,,,,,,,,,,,,,,,,,,,
1916-01-28,,,13.3,,,,,,,,,,,,,,,,,,,,,,,
1916-02-04,,,13.5,,,,,,,,,,,,,,,,,,,,,,,
1916-02-11,,,13.5,,,,,,,,,,,,,,,,,,,,,,,
1916-02-18,,,13.5,,,,,,,,,,,,,,,,,,,,,,,
1916-02-25,,,13.5,,,,,,,,,,,,,,,,,,,,,,,
1916-03-03,,,13.9,,,,,,,,,,,,,,,,,,,,,,,
1916-03-10,,,13.9,,,,,,,,,,,,,,,,,,,,,,,
1916-03-17,,,13.9,,,,,,,,,,,,,,,,,,,,,,,
1916-03-24,,,13.9,,,,,,,,,,,,,,,,,,,,,,,
1916-03-31,,,13.9,,,,,,,,,,,,,,,,,,,,,,,
1916-04-07,,,14.1,,,,,,,,,,,,,,,,,,,,,,,
1916-04-14,,,14.1,,,,,,,,,,,,,,,,,,,,,,,
1916-04-21,,,14.1,,,,,,,,,,,,,,,,,,,,,,,
1916-04-28,,,14.1,,,,,,,,,,,,,,,,,,,,,,,
1916-05-05,,,14.2,,,,,,,,,,,,,,,,,,,,,,,
1916-05-12,,,14.2,,,,,,,,,,,,,,,,,,,,,,,
1916-05-19,,,14.2,,,,,,,,,,,,,,,,,,,,,,,
1916-05-26,,,14.2,,,,,,,,,,,,,,,,,,,,,,,
1916-06-02,,,14.3,,,,,,,,,,,,,,,,,,,,,,,
1916-06-09,,,14.3,,,,,,,,,,,,,,,,,,,,,,,
1916-06-16,,,14.3,,,,,,,,,,,,,,,,,,,,,,,
1916-06-23,,,14.3,,,,,,,,,,,,,,,,,,,,,,,
1916-06-30,,,14.3,,,,,,,,,,,,,,,,,,,,,,,
1916-07-07,,,14.4,,,,,,,,,,,,,,,,,,,,,,,
1916-07-14,,,14.4,,,,,,,,,,,,,,,,,,,,,,,
1916-07-21,,,14.4,,,,,,,,,,,,,,,,,,,,,,,
1916-07-28,,,14.4,,,,,,,,,,,,,,,,,,,,,,,
1916-08-04,,,14.7,,,,,,,,,,,,,,,,,,,,,,,
1916-08-11,,,14.7,,,,,,,,,,,,,,,,,,,,,,,
1916-08-18,,,14.7,,,,,,,,,,,,,,,,,,,,,,,
1916-08-25,,,14.7,,,,,,,,,,,,,,,,,,,,,,,
1916-09-01,,,15.0,,,,,,,,,,,,,,,,,,,,,,,
1916-09-08,,,15.0,,,,,,,,,,,,,,,,,,,,,,,
1916-09-15,,,15.0,,,,,,,,,,,,,,,,,,,,,,,
1916-09-22,,,15.0,,,,,,,,,,,,,,,,,,,,,,,
1916-09-29,,,15.0,,,,,,,,,,,,,,,,,,,,,,,
1916-10-06,,,15.7,,,,,,,,,,,,,,,,,,,,,,,
1916-10-13,,,15.7,,,,,,,,,,,,,,,,,,,,,,,
1916-10-20,,,15.7,,,,,,,,,,,,,,,,,,,,,,,
1916-10-27,,,15.7,,,,,,,,,,,,,,,,,,,,,,,
1916-11-03,,,16.8,,,,,,,,,,,,,,,,,,,,,,,
1916-11-10,,,16.8,,,,,,,,,,,,,,,,,,,,,,,
1916-11-17,,,16.8,,,,,,,,,,,,,,,,,,,,,,,
1916-11-24,,,16.8,,,,,,,,,,,,,,,,,,,,,,,
1916-12-01,,,17.1,,,,,,,,,,,,,,,,,,,,,,,
1916-12-08,,,17.1,,,,,,,,,,,,,,,,,,,,,,,
1916-12-15,,,17.1,,,,,,,,,,,,,,,,,,,,,,,
1916-12-22,,,17.1,,,,,,,,,,,,,,,,,,,,,,,
1916-12-29,,,17.1,,,,,,,,,,,,,,,,,,,,,,,
1917-01-05,,,17.6,,,,,,,,,,,,,,,,,,,,,,,
1917-01-12,,,17.6,,,,,,,,,,,,,,,,,,,,,,,
1917-01-19,,,17.6,,,,,,,,,,,,,,,,,,,,,,,
1917-01-26,,,17.6,,,,,,,,,,,,,,,,,,,,,,,
1917-02-02,,,18.0,,,,,,,,,,,,,,,,,,,,,,,
1917-02-09,,,18.0,,,,,,,,,,,,,,,,,,,,,,,
1917-02-16,,,18.0,,,,,,,,,,,,,,,,,,,,,,,
1917-02-23,,,18.0,,,,,,,,,,,,,,,,,,,,,,,
1917-03-02,,,18.5,,,,,,,,,,,,,,,,,,,,,,,
1917-03-09,,,18.5,,,,,,,,,,,,,,,,,,,,,,,
1917-03-16,,,18.5,,,,,,,,,,,,,,,,,,,,,,,
1917-03-23,,,18.5,,,,,,,,,,,,,,,,,,,,,,,
1917-03-30,,,18.5,,,,,,,,,,,,,,,,,,,,,,,
1917-04-06,,,19.7,,,,,,,,,,,,,,,,,,,,,,,
1917-04-13,,,19.7,,,,,,,,,,,,,,,,,,,,,,,
1917-04-20,,,19.7,,,,,,,,,,,,,,,,,,,,,,,
1917-04-27,,,19.7,,,,,,,,,,,,,,,,,,,,,,,
1917-05-04,,,20.8,,,,,,,,,,,,,,,,,,,,,,,
1917-05-11,,,20.8,,,,,,,,,,,,,,,,,,,,,,,
1917-05-18,,,20.8,,,,,,,,,,,,,,,,,,,,,,,
1917-05-25,,,20.8,,,,,,,,,,,,,,,,,,,,,,,
1917-06-01,,,21.0,,,,,,,,,,,,,,,,,,,,,,,
1917-06-08,,,21.0,,,,,,,,,,,,,,,,,,,,,,,
1917-06-15,,,21.0,,,,,,,,,,,,,,,,,,,,,,,
1917-06-22,,,21.0,,,,,,,,,,,,,,,,,,,,,,,
1917-06-29,,,21.0,,,,,,,,,,,,,,,,,,,,,,,
1917-07-06,,,21.2,,,,,,,,,,,,,,,,,,,,,,,
1917-07-13,,,21.2,,,,,,,,,,,,,,,,,,,,,,,
1917-07-20,,,21.2,,,,,,,,,,,,,,,,,,,,,,,
1917-07-27,,,21.2,,,,,,,,,,,,,,,,,,,,,,,
1917-08-03,,,21.5,,,,,,,,,,,,,,,,,,,,,,,
1917-08-10,,,21.5,,,,,,,,,,,,,,,,,,,,,,,
1917-08-17,,,21.5,,,,,,,,,,,,,,,,,,,,,,,
1917-08-24,,,21.5,,,,,,,,,,,,,,,,,,,,,,,
1917-08-31,,,21.5,,,,,,,,,,,,,,,,,,,,,,,
1917-09-07,,,21.3,,,,,,,,,,,,,,,,,,,,,,,
1917-09-14,,,21.3,,,,,,,,,,,,,,,,,,,,,,,
1917-09-21,,,21.3,,,,,,,,,,,,,,,,,,,,,,,
1917-09-28,,,21.3,,,,,,,,,,,,,,,,,,,,,,,
1917-10-05,,,21.1,,,,,,,,,,,,,,,,,,,,,,,
1917-10-12,,,21.1,,,,,,,,,,,,,,,,,,,,,,,
1917-10-19,,,21.1,,,,,,,,,,,,,,,,,,,,,,,
1917-10-26,,,21.1,,,,,,,,,,,,,,,,,,,,,,,
1917-11-02,,,21.2,,,,,,,,,,,,,,,,,,,,,,,
1917-11-09,,,21.2,,,,,,,,,,,,,,,,,,,,,,,
1917-11-16,,,21.2,,,,,,,,,,,,,,,,,,,,,,,
1917-11-23,,,21.2,,,,,,,,,,,,,,,,,,,,,,,
1917-11-30,,,21.2,,,,,,,,,,,,,,,,,,,,,,,
1917-12-07,,,21.2,,,,,,,,,,,,,,,,,,,,,,,
1917-12-14,,,21.2,,,,,,,,,,,,,,,,,,,,,,,
1917-12-21,,,21.2,,,,,,,,,,,,,,,,,,,,,,,
1917-12-28,,,21.2,,,,,,,,,,,,,,,,,,,,,,,
1918-01-04,,,21.6,,,,,,,,,,,,,,,,,,,,,,,
1918-01-11,,,21.6,,,,,,,,,,,,,,,,,,,,,,,
1918-01-18,,,21.6,,,,,,,,,,,,,,,,,,,,,,,
1918-01-25,,,21.6,,,,,,,,,,,,,,,,,,,,,,,
1918-02-01,,,21.1,,,,,,,,,,,,,,,,,,,,,,,
1918-02-08,,,21.1,,,,,,,,,,,,,,,,,,,,,,,
1918-02-15,,,21.1,,,,,,,,,,,,,,,,,,,,,,,
1918-02-22,,,21.1,,,,,,,,,,,,,,,,,,,,,,,
1918-03-01,,,21.8,,,,,,,,,,,,,,,,,,,,,,,
1918-03-08,,,21.8,,,,,,,,,,,,,,,,,,,,,,,
1918-03-15,,,21.8,,,,,,,,,,,,,,,,,,,,,,,
1918-03-22,,,21.8,,,,,,,,,,,,,,,,,,,,,,,
1918-03-29,,,21.8,,,,,,,,,,,,,,,,,,,,,,,
1918-04-05,,,22.1,,,,,,,,,,,,,,,,,,,,,,,
1918-04-12,,,22.1,,,,,,,,,,,,,,,,,,,,,,,
1918-04-19,,,22.1,,,,,,,,,,,,,,,,,,,,,,,
1918-04-26,,,22.1,,,,,,,,,,,,,,,,,,,,,,,
1918-05-03,,,22.1,,,,,,,,,,,,,,,,,,,,,,,
1918-05-10,,,22.1,,,,,,,,,,,,,,,,,,,,,,,
1918-05-17,,,22.1,,,,,,,,,,,,,,,,,,,,,,,
1918-05-24,,,22.1,,,,,,,,,,,,,,,,,,,,,,,
1918-05-31,,,22.1,,,,,,,,,,,,,,,,,,,,,,,
1918-06-07,,,22.2,,,,,,,,,,,,,,,,,,,,,,,
1918-06-14,,,22.2,,,,,,,,,,,,,,,,,,,,,,,
1918-06-21,,,22.2,,,,,,,,,,,,,,,,,,,,,,,
1918-06-28,,,22.2,,,,,,,,,,,,,,,,,,,,,,,
1918-07-05,,,22.7,,,,,,,,,,,,,,,,,,,,,,,
1918-07-12,,,22.7,,,,,,,,,,,,,,,,,,,,,,,
1918-07-19,,,22.7,,,,,,,,,,,,,,,,,,,,,,,
1918-07-26,,,22.7,,,,,,,,,,,,,,,,,,,,,,,
1918-08-02,,,23.2,,,,,,,,,,,,,,,,,,,,,,,
1918-08-09,,,23.2,,,,,,,,,,,,,,,,,,,,,,,
1918-08-16,,,23.2,,,,,,,,,,,,,,,,,,,,,,,
1918-08-23,,,23.2,,,,,,,,,,,,,,,,,,,,,,,
1918-08-30,,,23.2,,,,,,,,,,,,,,,,,,,,,,,
1918-09-06,,,23.7,,,,,,,,,,,,,,,,,,,,,,,
1918-09-13,,,23.7,,,,,,,,,,,,,,,,,,,,,,,
1918-09-20,,,23.7,,,,,,,,,,,,,,,,,,,,,,,
1918-09-27,,,23.7,,,,,,,,,,,,,,,,,,,,,,,
1918-10-04,,,23.5,,,,,,,,,,,,,,,,,,,,,,,
1918-10-11,,,23.5,,,,,,,,,,,,,,,,,,,,,,,
1918-10-18,,,23.5,,,,,,,,,,,,,,,,,,,,,,,
1918-10-25,,,23.5,,,,,,,,,,,,,,,,,,,,,,,
1918-11-01,,,23.5,,,,,,,,,,,,,,,,,,,,,,,
1918-11-08,,,23.5,,,,,,,,,,,,,,,,,,,,,,,
1918-11-15,,,23.5,,,,,,,,,,,,,,,,,,,,,,,
1918-11-22,,,23.5,,,,,,,,,,,,,,,,,,,,,,,
1918-11-29,,,23.5,,,,,,,,,,,,,,,,,,,,,,,
1918-12-06,,,23.5,,,,,,,,,,,,,,,,,,,,,,,
1918-12-13,,,23.5,,,,,,,,,,,,,,,,,,,,,,,
1918-12-20,,,23.5,,,,,,,,,,,,,,,,,,,,,,,
1918-12-27,,,23.5,,,,,,,,,,,,,,,,,,,,,,,
1919-01-03,,,23.2,,,,,,,,,,,,,,,,,,,,,,,
1919-01-10,,,23.2,,,,,,,,,,,,,,,,,,,,,,,
1919-01-17,,,23.2,,,,,,,,,,,,,,,,,,,,,,,
1919-01-24,,,23.2,,,,,,,,,,,,,,,,,,,,,,,
1919-01-31,,,23.2,,,,,,,,,,,,,,,,,,,,,,,
1919-02-07,,,22.4,,,,,,,,,,,,,,,,,,,,,,,
1919-02-14,,,22.4,,,,,,,,,,,,,,,,,,,,,,,
1919-02-21,,,22.4,,,,,,,,,,,,,,,,,,,,,,,
1919-02-28,,,22.4,,,,,,,,,,,,,,,,,,,,,,,
1919-03-07,,,22.6,,,,,,,,,,,,,,,,,,,,,,,
1919-03-14,,,22.6,,,,,,,,,,,,,,,,,,,,,,,
1919-03-21,,,22.6,,,,,,,,,,,,,,,,,,,,,,,
1919-03-28,,,22.6,,,,,,,,,,,,,,,,,,,,,,,
1919-04-04,,,22.9,,,,,,,,,,,,,,,,,,,,,,,
1919-04-11,,,22.9,,,,,,,,,,,,,,,,,,,,,,,
1919-04-18,,,22.9,,,,,,,,,,,,,,,,,,,,,,,
1919-04-25,,,22.9,,,,,,,,,,,,,,,,,,,,,,,
1919-05-02,,,23.3,,,,,,,,,,,,,,,,,,,,,,,
1919-05-09,,,23.3,,,,,,,,,,,,,,,,,,,,,,,
1919-05-16,,,23.3,,,,,,,,,,,,,,,,,,,,,,,
1919-05-23,,,23.3,,,,,,,,,,,,,,,,,,,,,,,
1919-05-30,,,23.3,,,,,,,,,,,,,,,,,,,,,,,
1919-06-06,,,23.4,,,,,,,,,,,,,,,,,,,,,,,
1919-06-13,,,23.4,,,,,,,,,,,,,,,,,,,,,,,
1919-06-20,,,23.4,,,,,,,,,,,,,,,,,,,,,,,
1919-06-27,,,23.4,,,,,,,,,,,,,,,,,,,,,,,
1919-07-04,,,24.3,,,,,,,,,,,,,,,,,,,,,,,
1919-07-11,,,24.3,,,,,,,,,,,,,,,,,,,,,,,
1919-07-18,,,24.3,,,,,,,,,,,,,,,,,,,,,,,
1919-07-25,,,24.3,,,,,,,,,,,,,,,,,,,,,,,
1919-08-01,,,24.9,,,,,,,,,,,,,,,,,,,,,,,
1919-08-08,,,24.9,,,,,,,,,,,,,,,,,,,,,,,
1919-08-15,,,24.9,,,,,,,,,,,,,,,,,,,,,,,
1919-08-22,,,24.9,,,,,,,,,,,,,,,,,,,,,,,
1919-08-29,,,24.9,,,,,,,,,,,,,,,,,,,,,,,
1919-09-05,,,24.3,,,,,,,,,,,,,,,,,,,,,,,
1919-09-12,,,24.3,,,,,,,,,,,,,,,,,,,,,,,
1919-09-19,,,24.3,,,,,,,,,,,,,,,,,,,,,,,
1919-09-26,,,24.3,,,,,,,,,,,,,,,,,,,,,,,
1919-10-03,,,24.4,,,,,,,,,,,,,,,,,,,,,,,
1919-10-10,,,24.4,,,,,,,,,,,,,,,,,,,,,,,
1919-10-17,,,24.4,,,,,,,,,,,,,,,,,,,,,,,
1919-10-24,,,24.4,,,,,,,,,,,,,,,,,,,,,,,
1919-10-31,,,24.4,,,,,,,,,,,,,,,,,,,,,,,
1919-11-07,,,24.9,,,,,,,,,,,,,,,,,,,,,,,
1919-11-14,,,24.9,,,,,,,,,,,,,,,,,,,,,,,
1919-11-21,,,24.9,,,,,,,,,,,,,,,,,,,,,,,
1919-11-28,,,24.9,,,,,,,,,,,,,,,,,,,,,,,
1919-12-05,,,26.0,,,,,,,,,,,,,,,,,,,,,,,
1919-12-12,,,26.0,,,,,,,,,,,,,,,,,,,,,,,
1919-12-19,,,26.0,,,,,,,,,,,,,,,,,,,,,,,
1919-12-26,,,26.0,,,,,,,,,,,,,,,,,,,,,,,
1920-01-02,,,27.2,,,,,,,,,,,,,,,,,,,,,,,
1920-01-09,,,27.2,,,,,,,,,,,,,,,,,,,,,,,
1920-01-16,,,27.2,,,,,,,,,,,,,,,,,,,,,,,
1920-01-23,,,27.2,,,,,,,,,,,,,,,,,,,,,,,
1920-01-30,,,27.2,,,,,,,,,,,,,,,,,,,,,,,
1920-02-06,,,27.1,,,,,,,,,,,,,,,,,,,,,,,
1920-02-13,,,27.1,,,,,,,,,,,,,,,,,,,,,,,
1920-02-20,,,27.1,,,,,,,,,,,,,,,,,,,,,,,
1920-02-27,,,27.1,,,,,,,,,,,,,,,,,,,,,,,
1920-03-05,,,27.3,,,,,,,,,,,,,,,,,,,,,,,
1920-03-12,,,27.3,,,,,,,,,,,,,,,,,,,,,,,
1920-03-19,,,27.3,,,,,,,,,,,,,,,,,,,,,,,
1920-03-26,,,27.3,,,,,,,,,,,,,,,,,,,,,,,
1920-04-02,,,28.5,,,,,,,,,,,,,,,,,,,,,,,
1920-04-09,,,28.5,,,,,,,,,,,,,,,,,,,,,,,
1920-04-16,,,28.5,,,,,,,,,,,,,,,,,,,,,,,
1920-04-23,,,28.5,,,,,,,,,,,,,,,,,,,,,,,
1920-04-30,,,28.5,,,,,,,,,,,,,,,,,,,,,,,
1920-05-07,,,28.8,,,,,,,,,,,,,,,,,,,,,,,
1920-05-14,,,28.8,,,,,,,,,,,,,,,,,,,,,,,
1920-05-21,,,28.8,,,,,,,,,,,,,,,,,,,,,,,
1920-05-28,,,28.8,,,,,,,,,,,,,,,,,,,,,,,
1920-06-04,,,28.7,,,,,,,,,,,,,,,,,,,,,,,
1920-06-11,,,28.7,,,,,,,,,,,,,,,,,,,,,,,
1920-06-18,,,28.7,,,,,,,,,,,,,,,,,,,,,,,
1920-06-25,,,28.7,,,,,,,,,,,,,,,,,,,,,,,
1920-07-02,,,28.6,,,,,,,,,,,,,,,,,,,,,,,
1920-07-09,,,28.6,,,,,,,,,,,,,,,,,,,,,,,
1920-07-16,,,28.6,,,,,,,,,,,,,,,,,,,,,,,
1920-07-23,,,28.6,,,,,,,,,,,,,,,,,,,,,,,
1920-07-30,,,28.6,,,,,,,,,,,,,,,,,,,,,,,
1920-08-06,,,27.8,,,,,,,,,,,,,,,,,,,,,,,
1920-08-13,,,27.8,,,,,,,,,,,,,,,,,,,,,,,
1920-08-20,,,27.8,,,,,,,,,,,,,,,,,,,,,,,
1920-08-27,,,27.8,,,,,,,,,,,,,,,,,,,,,,,
1920-09-03,,,26.8,,,,,,,,,,,,,,,,,,,,,,,
1920-09-10,,,26.8,,,,,,,,,,,,,,,,,,,,,,,
1920-09-17,,,26.8,,,,,,,,,,,,,,,,,,,,,,,
1920-09-24,,,26.8,,,,,,,,,,,,,,,,,,,,,,,
1920-10-01,,,24.9,,,,,,,,,,,,,,,,,,,,,,,
1920-10-08,,,24.9,,,,,,,,,,,,,,,,,,,,,,,
1920-10-15,,,24.9,,,,,,,,,,,,,,,,,,,,,,,
1920-10-22,,,24.9,,,,,,,,,,,,,,,,,,,,,,,
1920-10-29,,,24.9,,,,,,,,,,,,,,,,,,,,,,,
1920-11-05,,,23.0,,,,,,,,,,,,,,,,,,,,,,,
1920-11-12,,,23.0,,,,,,,,,,,,,,,,,,,,,,,
1920-11-19,,,23.0,,,,,,,,,,,,,,,,,,,,,,,
1920-11-26,,,23.0,,,,,,,,,,,,,,,,,,,,,,,
1920-12-03,,,20.8,,,,,,,,,,,,,,,,,,,,,,,
1920-12-10,,,20.8,,,,,,,,,,,,,,,,,,,,,,,
1920-12-17,,,20.8,,,,,,,,,,,,,,,,,,,,,,,
1920-12-24,,,20.8,,,,,,,,,,,,,,,,,,,,,,,
1920-12-31,,,20.8,,,,,,,,,,,,,,,,,,,,,,,
1921-01-07,,,19.6,,,,,,,,,,,,,,,,,,,,,,,
1921-01-14,,,19.6,,,,,,,,,,,,,,,,,,,,,,,
1921-01-21,,,19.6,,,,,,,,,,,,,,,,,,,,,,,
1921-01-28,,,19.6,,,,,,,,,,,,,,,,,,,,,,,
1921-02-04,,,18.1,,,,,,,,,,,,,,,,,,,,,,,
1921-02-11,,,18.1,,,,,,,,,,,,,,,,,,,,,,,
1921-02-18,,,18.1,,,,,,,,,,,,,,,,,,,,,,,
1921-02-25,,,18.1,,,,,,,,,,,,,,,,,,,,,,,
1921-03-04,,,17.7,,,,,,,,,,,,,,,,,,,,,,,
1921-03-11,,,17.7,,,,,,,,,,,,,,,,,,,,,,,
1921-03-18,,,17.7,,,,,,,,,,,,,,,,,,,,,,,
1921-03-25,,,17.7,,,,,,,,,,,,,,,,,,,,,,,
1921-04-01,,,17.0,,,,,,,,,,,,,,,,,,,,,,,
1921-04-08,,,17.0,,,,,,,,,,,,,,,,,,,,,,,
1921-04-15,,,17.0,,,,,,,,,,,,,,,,,,,,,,,
1921-04-22,,,17.0,,,,,,,,,,,,,,,,,,,,,,,
1921-04-29,,,17.0,,,,,,,,,,,,,,,,,,,,,,,
1921-05-06,,,16.6,,,,,,,,,,,,,,,,,,,,,,,
1921-05-13,,,16.6,,,,,,,,,,,,,,,,,,,,,,,
1921-05-20,,,16.6,,,,,,,,,,,,,,,,,,,,,,,
1921-05-27,,,16.6,,,,,,,,,,,,,,,,,,,,,,,
1921-06-03,,,16.1,,,,,,,,,,,,,,,,,,,,,,,
1921-06-10,,,16.1,,,,,,,,,,,,,,,,,,,,,,,
1921-06-17,,,16.1,,,,,,,,,,,,,,,,,,,,,,,
1921-06-24,,,16.1,,,,,,,,,,,,,,,,,,,,,,,
1921-07-01,,,16.1,,,,,,,,,,,,,,,,,,,,,,,
1921-07-08,,,16.1,,,,,,,,,,,,,,,,,,,,,,,
1921-07-15,,,16.1,,,,,,,,,,,,,,,,,,,,,,,
1921-07-22,,,16.1,,,,,,,,,,,,,,,,,,,,,,,
1921-07-29,,,16.1,,,,,,,,,,,,,,,,,,,,,,,
1921-08-05,,,16.1,,,,,,,,,,,,,,,,,,,,,,,
1921-08-12,,,16.1,,,,,,,,,,,,,,,,,,,,,,,
1921-08-19,,,16.1,,,,,,,,,,,,,,,,,,,,,,,
1921-08-26,,,16.1,,,,,,,,,,,,,,,,,,,,,,,
1921-09-02,,,16.1,,,,,,,,,,,,,,,,,,,,,,,
1921-09-09,,,16.1,,,,,,,,,,,,,,,,,,,,,,,
1921-09-16,,,16.1,,,,,,,,,,,,,,,,,,,,,,,
1921-09-23,,,16.1,,,,,,,,,,,,,,,,,,,,,,,
1921-09-30,,,16.1,,,,,,,,,,,,,,,,,,,,,,,
1921-10-07,,,16.2,,,,,,,,,,,,,,,,,,,,,,,
1921-10-14,,,16.2,,,,,,,,,,,,,,,,,,,,,,,
1921-10-21,,,16.2,,,,,,,,,,,,,,,,,,,,,,,
1921-10-28,,,16.2,,,,,,,,,,,,,,,,,,,,,,,
1921-11-04,,,16.2,,,,,,,,,,,,,,,,,,,,,,,
1921-11-11,,,16.2,,,,,,,,,,,,,,,,,,,,,,,
1921-11-18,,,16.2,,,,,,,,,,,,,,,,,,,,,,,
1921-11-25,,,16.2,,,,,,,,,,,,,,,,,,,,,,,
1921-12-02,,,16.0,,,,,,,,,,,,,,,,,,,,,,,
1921-12-09,,,16.0,,,,,,,,,,,,,,,,,,,,,,,
1921-12-16,,,16.0,,,,,,,,,,,,,,,,,,,,,,,
1921-12-23,,,16.0,,,,,,,,,,,,,,,,,,,,,,,
1921-12-30,,,16.0,,,,,,,,,,,,,,,,,,,,,,,
1922-01-06,,,15.7,,,,,,,,,,,,,,,,,,,,,,,
1922-01-13,,,15.7,,,,,,,,,,,,,,,,,,,,,,,
1922-01-20,,,15.7,,,,,,,,,,,,,,,,,,,,,,,
1922-01-27,,,15.7,,,,,,,,,,,,,,,,,,,,,,,
1922-02-03,,,16.0,,,,,,,,,,,,,,,,,,,,,,,
1922-02-10,,,16.0,,,,,,,,,,,,,,,,,,,,,,,
1922-02-17,,,16.0,,,,,,,,,,,,,,,,,,,,,,,
1922-02-24,,,16.0,,,,,,,,,,,,,,,,,,,,,,,
1922-03-03,,,16.0,,,,,,,,,,,,,,,,,,,,,,,
1922-03-10,,,16.0,,,,,,,,,,,,,,,,,,,,,,,
1922-03-17,,,16.0,,,,,,,,,,,,,,,,,,,,,,,
1922-03-24,,,16.0,,,,,,,,,,,,,,,,,,,,,,,
1922-03-31,,,16.0,,,,,,,,,,,,,,,,,,,,,,,
1922-04-07,,,16.1,,,,,,,,,,,,,,,,,,,,,,,
1922-04-14,,,16.1,,,,,,,,,,,,,,,,,,,,,,,
1922-04-21,,,16.1,,,,,,,,,,,,,,,,,,,,,,,
1922-04-28,,,16.1,,,,,,,,,,,,,,,,,,,,,,,
1922-05-05,,,16.6,,,,,,,,,,,,,,,,,,,,,,,
1922-05-12,,,16.6,,,,,,,,,,,,,,,,,,,,,,,
1922-05-19,,,16.6,,,,,,,,,,,,,,,,,,,,,,,
1922-05-26,,,16.6,,,,,,,,,,,,,,,,,,,,,,,
1922-06-02,,,16.6,,,,,,,,,,,,,,,,,,,,,,,
1922-06-09,,,16.6,,,,,,,,,,,,,,,,,,,,,,,
1922-06-16,,,16.6,,,,,,,,,,,,,,,,,,,,,,,
1922-06-23,,,16.6,,,,,,,,,,,,,,,,,,,,,,,
1922-06-30,,,16.6,,,,,,,,,,,,,,,,,,,,,,,
1922-07-07,,,17.1,,,,,,,,,,,,,,,,,,,,,,,
1922-07-14,,,17.1,,,,,,,,,,,,,,,,,,,,,,,
1922-07-21,,,17.1,,,,,,,,,,,,,,,,,,,,,,,
1922-07-28,,,17.1,,,,,,,,,,,,,,,,,,,,,,,
1922-08-04,,,17.0,,,,,,,,,,,,,,,,,,,,,,,
1922-08-11,,,17.0,,,,,,,,,,,,,,,,,,,,,,,
1922-08-18,,,17.0,,,,,,,,,,,,,,,,,,,,,,,
1922-08-25,,,17.0,,,,,,,,,,,,,,,,,,,,,,,
1922-09-01,,,17.1,,,,,,,,,,,,,,,,,,,,,,,
1922-09-08,,,17.1,,,,,,,,,,,,,,,,,,,,,,,
1922-09-15,,,17.1,,,,,,,,,,,,,,,,,,,,,,,
1922-09-22,,,17.1,,,,,,,,,,,,,,,,,,,,,,,
1922-09-29,,,17.1,,,,,,,,,,,,,,,,,,,,,,,
1922-10-06,,,17.2,,,,,,,,,,,,,,,,,,,,,,,
1922-10-13,,,17.2,,,,,,,,,,,,,,,,,,,,,,,
1922-10-20,,,17.2,,,,,,,,,,,,,,,,,,,,,,,
1922-10-27,,,17.2,,,,,,,,,,,,,,,,,,,,,,,
1922-11-03,,,17.3,,,,,,,,,,,,,,,,,,,,,,,
1922-11-10,,,17.3,,,,,,,,,,,,,,,,,,,,,,,
1922-11-17,,,17.3,,,,,,,,,,,,,,,,,,,,,,,
1922-11-24,,,17.3,,,,,,,,,,,,,,,,,,,,,,,
1922-12-01,,,17.3,,,,,,,,,,,,,,,,,,,,,,,
1922-12-08,,,17.3,,,,,,,,,,,,,,,,,,,,,,,
1922-12-15,,,17.3,,,,,,,,,,,,,,,,,,,,,,,
1922-12-22,,,17.3,,,,,,,,,,,,,,,,,,,,,,,
1922-12-29,,,17.3,,,,,,,,,,,,,,,,,,,,,,,
1923-01-05,,,17.6,,,,,,,,,,,,,,,,,,,,,,,
1923-01-12,,,17.6,,,,,,,,,,,,,,,,,,,,,,,
1923-01-19,,,17.6,,,,,,,,,,,,,,,,,,,,,,,
1923-01-26,,,17.6,,,,,,,,,,,,,,,,,,,,,,,
1923-02-02,,,17.8,,,,,,,,,,,,,,,,,,,,,,,
1923-02-09,,,17.8,,,,,,,,,,,,,,,,,,,,,,,
1923-02-16,,,17.8,,,,,,,,,,,,,,,,,,,,,,,
1923-02-23,,,17.8,,,,,,,,,,,,,,,,,,,,,,,
1923-03-02,,,18.0,,,,,,,,,,,,,,,,,,,,,,,
1923-03-09,,,18.0,,,,,,,,,,,,,,,,,,,,,,,
1923-03-16,,,18.0,,,,,,,,,,,,,,,,,,,,,,,
1923-03-23,,,18.0,,,,,,,,,,,,,,,,,,,,,,,
1923-03-30,,,18.0,,,,,,,,,,,,,,,,,,,,,,,
1923-04-06,,,17.9,,,,,,,,,,,,,,,,,,,,,,,
1923-04-13,,,17.9,,,,,,,,,,,,,,,,,,,,,,,
1923-04-20,,,17.9,,,,,,,,,,,,,,,,,,,,,,,
1923-04-27,,,17.9,,,,,,,,,,,,,,,,,,,,,,,
1923-05-04,,,17.5,,,,,,,,,,,,,,,,,,,,,,,
1923-05-11,,,17.5,,,,,,,,,,,,,,,,,,,,,,,
1923-05-18,,,17.5,,,,,,,,,,,,,,,,,,,,,,,
1923-05-25,,,17.5,,,,,,,,,,,,,,,,,,,,,,,
1923-06-01,,,17.3,,,,,,,,,,,,,,,,,,,,,,,
1923-06-08,,,17.3,,,,,,,,,,,,,,,,,,,,,,,
1923-06-15,,,17.3,,,,,,,,,,,,,,,,,,,,,,,
1923-06-22,,,17.3,,,,,,,,,,,,,,,,,,,,,,,
1923-06-29,,,17.3,,,,,,,,,,,,,,,,,,,,,,,
1923-07-06,,,17.0,,,,,,,,,,,,,,,,,,,,,,,
1923-07-13,,,17.0,,,,,,,,,,,,,,,,,,,,,,,
1923-07-20,,,17.0,,,,,,,,,,,,,,,,,,,,,,,
1923-07-27,,,17.0,,,,,,,,,,,,,,,,,,,,,,,
1923-08-03,,,16.9,,,,,,,,,,,,,,,,,,,,,,,
1923-08-10,,,16.9,,,,,,,,,,,,,,,,,,,,,,,
1923-08-17,,,16.9,,,,,,,,,,,,,,,,,,,,,,,
1923-08-24,,,16.9,,,,,,,,,,,,,,,,,,,,,,,
1923-08-31,,,16.9,,,,,,,,,,,,,,,,,,,,,,,
1923-09-07,,,17.2,,,,,,,,,,,,,,,,,,,,,,,
1923-09-14,,,17.2,,,,,,,,,,,,,,,,,,,,,,,
1923-09-21,,,17.2,,,,,,,,,,,,,,,,,,,,,,,
1923-09-28,,,17.2,,,,,,,,,,,,,,,,,,,,,,,
1923-10-05,,,17.1,,,,,,,,,,,,,,,,,,,,,,,
1923-10-12,,,17.1,,,,,,,,,,,,,,,,,,,,,,,
1923-10-19,,,17.1,,,,,,,,,,,,,,,,,,,,,,,
1923-10-26,,,17.1,,,,,,,,,,,,,,,,,,,,,,,
1923-11-02,,,17.0,,,,,,,,,,,,,,,,,,,,,,,
1923-11-09,,,17.0,,,,,,,,,,,,,,,,,,,,,,,
1923-11-16,,,17.0,,,,,,,,,,,,,,,,,,,,,,,
1923-11-23,,,17.0,,,,,,,,,,,,,,,,,,,,,,,
1923-11-30,,,17.0,,,,,,,,,,,,,,,,,,,,,,,
1923-12-07,,,16.9,,,,,,,,,,,,,,,,,,,,,,,
1923-12-14,,,16.9,,,,,,,,,,,,,,,,,,,,,,,
1923-12-21,,,16.9,,,,,,,,,,,,,,,,,,,,,,,
1923-12-28,,,16.9,,,,,,,,,,,,,,,,,,,,,,,
1924-01-04,,,17.2,,,,,,,,,,,,,,,,,,,,,,,
1924-01-11,,,17.2,,,,,,,,,,,,,,,,,,,,,,,
1924-01-18,,,17.2,,,,,,,,,,,,,,,,,,,,,,,
1924-01-25,,,17.2,,,,,,,,,,,,,,,,,,,,,,,
1924-02-01,,,17.2,,,,,,,,,,,,,,,,,,,,,,,
1924-02-08,,,17.2,,,,,,,,,,,,,,,,,,,,,,,
1924-02-15,,,17.2,,,,,,,,,,,,,,,,,,,,,,,
1924-02-22,,,17.2,,,,,,,,,,,,,,,,,,,,,,,
1924-02-29,,,17.2,,,,,,,,,,,,,,,,,,,,,,,
1924-03-07,,,17.0,,,,,,,,,,,,,,,,,,,,,,,
1924-03-14,,,17.0,,,,,,,,,,,,,,,,,,,,,,,
1924-03-21,,,17.0,,,,,,,,,,,,,,,,,,,,,,,
1924-03-28,,,17.0,,,,,,,,,,,,,,,,,,,,,,,
1924-04-04,,,16.7,,,,,,,,,,,,,,,,,,,,,,,
1924-04-11,,,16.7,,,,,,,,,,,,,,,,,,,,,,,
1924-04-18,,,16.7,,,,,,,,,,,,,,,,,,,,,,,
1924-04-25,,,16.7,,,,,,,,,,,,,,,,,,,,,,,
1924-05-02,,,16.5,,,,,,,,,,,,,,,,,,,,,,,
1924-05-09,,,16.5,,,,,,,,,,,,,,,,,,,,,,,
1924-05-16,,,16.5,,,,,,,,,,,,,,,,,,,,,,,
1924-05-23,,,16.5,,,,,,,,,,,,,,,,,,,,,,,
1924-05-30,,,16.5,,,,,,,,,,,,,,,,,,,,,,,
1924-06-06,,,16.4,,,,,,,,,,,,,,,,,,,,,,,
1924-06-13,,,16.4,,,,,,,,,,,,,,,,,,,,,,,
1924-06-20,,,16.4,,,,,,,,,,,,,,,,,,,,,,,
1924-06-27,,,16.4,,,,,,,,,,,,,,,,,,,,,,,
1924-07-04,,,16.5,,,,,,,,,,,,,,,,,,,,,,,
1924-07-11,,,16.5,,,,,,,,,,,,,,,,,,,,,,,
1924-07-18,,,16.5,,,,,,,,,,,,,,,,,,,,,,,
1924-07-25,,,16.5,,,,,,,,,,,,,,,,,,,,,,,
1924-08-01,,,16.7,,,,,,,,,,,,,,,,,,,,,,,
1924-08-08,,,16.7,,,,,,,,,,,,,,,,,,,,,,,
1924-08-15,,,16.7,,,,,,,,,,,,,,,,,,,,,,,
1924-08-22,,,16.7,,,,,,,,,,,,,,,,,,,,,,,
1924-08-29,,,16.7,,,,,,,,,,,,,,,,,,,,,,,
1924-09-05,,,16.7,,,,,,,,,,,,,,,,,,,,,,,
1924-09-12,,,16.7,,,,,,,,,,,,,,,,,,,,,,,
1924-09-19,,,16.7,,,,,,,,,,,,,,,,,,,,,,,
1924-09-26,,,16.7,,,,,,,,,,,,,,,,,,,,,,,
1924-10-03,,,16.9,,,,,,,,,,,,,,,,,,,,,,,
1924-10-10,,,16.9,,,,,,,,,,,,,,,,,,,,,,,
1924-10-17,,,16.9,,,,,,,,,,,,,,,,,,,,,,,
1924-10-24,,,16.9,,,,,,,,,,,,,,,,,,,,,,,
1924-10-31,,,16.9,,,,,,,,,,,,,,,,,,,,,,,
1924-11-07,,,17.1,,,,,,,,,,,,,,,,,,,,,,,
1924-11-14,,,17.1,,,,,,,,,,,,,,,,,,,,,,,
1924-11-21,,,17.1,,,,,,,,,,,,,,,,,,,,,,,
1924-11-28,,,17.1,,,,,,,,,,,,,,,,,,,,,,,
1924-12-05,,,17.5,,,,,,,,,,,,,,,,,,,,,,,
1924-12-12,,,17.5,,,,,,,,,,,,,,,,,,,,,,,
1924-12-19,,,17.5,,,,,,,,,,,,,,,,,,,,,,,
1924-12-26,,,17.5,,,,,,,,,,,,,,,,,,,,,,,
1925-01-02,,,17.7,,,,,,,,,,,,,,,,,,,,,,,
1925-01-09,,,17.7,,,,,,,,,,,,,,,,,,,,,,,
1925-01-16,,,17.7,,,,,,,,,,,,,,,,,,,,,,,
1925-01-23,,,17.7,,,,,,,,,,,,,,,,,,,,,,,
1925-01-30,,,17.7,,,,,,,,,,,,,,,,,,,,,,,
1925-02-06,,,17.9,,,,,,,,,,,,,,,,,,,,,,,
1925-02-13,,,17.9,,,,,,,,,,,,,,,,,,,,,,,
1925-02-20,,,17.9,,,,,,,,,,,,,,,,,,,,,,,
1925-02-27,,,17.9,,,,,,,,,,,,,,,,,,,,,,,
1925-03-06,,,17.9,,,,,,,,,,,,,,,,,,,,,,,
1925-03-13,,,17.9,,,,,,,,,,,,,,,,,,,,,,,
1925-03-20,,,17.9,,,,,,,,,,,,,,,,,,,,,,,
1925-03-27,,,17.9,,,,,,,,,,,,,,,,,,,,,,,
1925-04-03,,,17.5,,,,,,,,,,,,,,,,,,,,,,,
1925-04-10,,,17.5,,,,,,,,,,,,,,,,,,,,,,,
1925-04-17,,,17.5,,,,,,,,,,,,,,,,,,,,,,,
1925-04-24,,,17.5,,,,,,,,,,,,,,,,,,,,,,,
1925-05-01,,,17.5,,,,,,,,,,,,,,,,,,,,,,,
1925-05-08,,,17.5,,,,,,,,,,,,,,,,,,,,,,,
1925-05-15,,,17.5,,,,,,,,,,,,,,,,,,,,,,,
1925-05-22,,,17.5,,,,,,,,,,,,,,,,,,,,,,,
1925-05-29,,,17.5,,,,,,,,,,,,,,,,,,,,,,,
1925-06-05,,,17.7,,,,,,,,,,,,,,,,,,,,,,,
1925-06-12,,,17.7,,,,,,,,,,,,,,,,,,,,,,,
1925-06-19,,,17.7,,,,,,,,,,,,,,,,,,,,,,,
1925-06-26,,,17.7,,,,,,,,,,,,,,,,,,,,,,,
1925-07-03,,,18.0,,,,,,,,,,,,,,,,,,,,,,,
1925-07-10,,,18.0,,,,,,,,,,,,,,,,,,,,,,,
1925-07-17,,,18.0,,,,,,,,,,,,,,,,,,,,,,,
1925-07-24,,,18.0,,,,,,,,,,,,,,,,,,,,,,,
1925-07-31,,,18.0,,,,,,,,,,,,,,,,,,,,,,,
1925-08-07,,,17.9,,,,,,,,,,,,,,,,,,,,,,,
1925-08-14,,,17.9,,,,,,,,,,,,,,,,,,,,,,,
1925-08-21,,,17.9,,,,,,,,,,,,,,,,,,,,,,,
1925-08-28,,,17.9,,,,,,,,,,,,,,,,,,,,,,,
1925-09-04,,,17.8,,,,,,,,,,,,,,,,,,,,,,,
1925-09-11,,,17.8,,,,,,,,,,,,,,,,,,,,,,,
1925-09-18,,,17.8,,,,,,,,,,,,,,,,,,,,,,,
1925-09-25,,,17.8,,,,,,,,,,,,,,,,,,,,,,,
1925-10-02,,,17.8,,,,,,,,,,,,,,,,,,,,,,,
1925-10-09,,,17.8,,,,,,,,,,,,,,,,,,,,,,,
1925-10-16,,,17.8,,,,,,,,,,,,,,,,,,,,,,,
1925-10-23,,,17.8,,,,,,,,,,,,,,,,,,,,,,,
1925-10-30,,,17.8,,,,,,,,,,,,,,,,,,,,,,,
1925-11-06,,,18.0,,,,,,,,,,,,,,,,,,,,,,,
1925-11-13,,,18.0,,,,,,,,,,,,,,,,,,,,,,,
1925-11-20,,,18.0,,,,,,,,,,,,,,,,,,,,,,,
1925-11-27,,,18.0,,,,,,,,,,,,,,,,,,,,,,,
1925-12-04,,,17.8,,,,,,,,,,,,,,,,,,,,,,,
1925-12-11,,,17.8,,,,,,,,,,,,,,,,,,,,,,,
1925-12-18,,,17.8,,,,,,,,,,,,,,,,,,,,,,,
1925-12-25,,,17.8,,,,,,,,,,,,,,,,,,,,,,,
1926-01-01,,,17.8,,,,,,,,,,,,,,,,,,,,,,,
1926-01-08,,,17.8,,,,,,,,,,,,,,,,,,,,,,,
1926-01-15,,,17.8,,,,,,,,,,,,,,,,,,,,,,,
1926-01-22,,,17.8,,,,,,,,,,,,,,,,,,,,,,,
1926-01-29,,,17.8,,,,,,,,,,,,,,,,,,,,,,,
1926-02-05,,,17.6,,,,,,,,,,,,,,,,,,,,,,,
1926-02-12,,,17.6,,,,,,,,,,,,,,,,,,,,,,,
1926-02-19,,,17.6,,,,,,,,,,,,,,,,,,,,,,,
1926-02-26,,,17.6,,,,,,,,,,,,,,,,,,,,,,,
1926-03-05,,,17.3,,,,,,,,,,,,,,,,,,,,,,,
1926-03-12,,,17.3,,,,,,,,,,,,,,,,,,,,,,,
1926-03-19,,,17.3,,,,,,,,,,,,,,,,,,,,,,,
1926-03-26,,,17.3,,,,,,,,,,,,,,,,,,,,,,,
1926-04-02,,,17.3,,,,,,,,,,,,,,,,,,,,,,,
1926-04-09,,,17.3,,,,,,,,,,,,,,,,,,,,,,,
1926-04-16,,,17.3,,,,,,,,,,,,,,,,,,,,,,,
1926-04-23,,,17.3,,,,,,,,,,,,,,,,,,,,,,,
1926-04-30,,,17.3,,,,,,,,,,,,,,,,,,,,,,,
1926-05-07,,,17.3,,,,,,,,,,,,,,,,,,,,,,,
1926-05-14,,,17.3,,,,,,,,,,,,,,,,,,,,,,,
1926-05-21,,,17.3,,,,,,,,,,,,,,,,,,,,,,,
1926-05-28,,,17.3,,,,,,,,,,,,,,,,,,,,,,,
1926-06-04,,,17.3,,,,,,,,,,,,,,,,,,,,,,,
1926-06-11,,,17.3,,,,,,,,,,,,,,,,,,,,,,,
1926-06-18,,,17.3,,,,,,,,,,,,,,,,,,,,,,,
1926-06-25,,,17.3,,,,,,,,,,,,,,,,,,,,,,,
1926-07-02,,,17.1,,,,,,,,,,,,,,,,,,,,,,,
1926-07-09,,,17.1,,,,,,,,,,,,,,,,,,,,,,,
1926-07-16,,,17.1,,,,,,,,,,,,,,,,,,,,,,,
1926-07-23,,,17.1,,,,,,,,,,,,,,,,,,,,,,,
1926-07-30,,,17.1,,,,,,,,,,,,,,,,,,,,,,,
1926-08-06,,,17.1,,,,,,,,,,,,,,,,,,,,,,,
1926-08-13,,,17.1,,,,,,,,,,,,,,,,,,,,,,,
1926-08-20,,,17.1,,,,,,,,,,,,,,,,,,,,,,,
1926-08-27,,,17.1,,,,,,,,,,,,,,,,,,,,,,,
1926-09-03,,,17.2,,,,,,,,,,,,,,,,,,,,,,,
1926-09-10,,,17.2,,,,,,,,,,,,,,,,,,,,,,,
1926-09-17,,,17.2,,,,,,,,,,,,,,,,,,,,,,,
1926-09-24,,,17.2,,,,,,,,,,,,,,,,,,,,,,,
1926-10-01,,,17.1,,,,,,,,,,,,,,,,,,,,,,,
1926-10-08,,,17.1,,,,,,,,,,,,,,,,,,,,,,,
1926-10-15,,,17.1,,,,,,,,,,,,,,,,,,,,,,,
1926-10-22,,,17.1,,,,,,,,,,,,,,,,,,,,,,,
1926-10-29,,,17.1,,,,,,,,,,,,,,,,,,,,,,,
1926-11-05,,,17.0,,,,,,,,,,,,,,,,,,,,,,,
1926-11-12,,,17.0,,,,,,,,,,,,,,,,,,,,,,,
1926-11-19,,,17.0,,,,,,,,,,,,,,,,,,,,,,,
1926-11-26,,,17.0,,,,,,,,,,,,,,,,,,,,,,,
1926-12-03,,,16.9,,,,,,,,,,,,,,,,,,,,,,,
1926-12-10,,,16.9,,,,,,,,,,,,,,,,,,,,,,,
1926-12-17,,,16.9,,,,,,,,,,,,,,,,,,,,,,,
1926-12-24,,,16.9,,,,,,,,,,,,,,,,,,,,,,,
1926-12-31,,,16.9,,,,,,,,,,,,,,,,,,,,,,,
1927-01-07,,,16.4,,,,,,,,,,,,,,,,,,,,,,,
1927-01-14,,,16.4,,,,,,,,,,,,,,,,,,,,,,,
1927-01-21,,,16.4,,,,,,,,,,,,,,,,,,,,,,,
1927-01-28,,,16.4,,,,,,,,,,,,,,,,,,,,,,,
1927-02-04,,,16.6,,,,,,,,,,,,,,,,,,,,,,,
1927-02-11,,,16.6,,,,,,,,,,,,,,,,,,,,,,,
1927-02-18,,,16.6,,,,,,,,,,,,,,,,,,,,,,,
1927-02-25,,,16.6,,,,,,,,,,,,,,,,,,,,,,,
1927-03-04,,,16.5,,,,,,,,,,,,,,,,,,,,,,,
1927-03-11,,,16.5,,,,,,,,,,,,,,,,,,,,,,,
1927-03-18,,,16.5,,,,,,,,,,,,,,,,,,,,,,,
1927-03-25,,,16.5,,,,,,,,,,,,,,,,,,,,,,,
1927-04-01,,,16.3,,,,,,,,,,,,,,,,,,,,,,,
1927-04-08,,,16.3,,,,,,,,,,,,,,,,,,,,,,,
1927-04-15,,,16.3,,,,,,,,,,,,,,,,,,,,,,,
1927-04-22,,,16.3,,,,,,,,,,,,,,,,,,,,,,,
1927-04-29,,,16.3,,,,,,,,,,,,,,,,,,,,,,,
1927-05-06,,,16.2,,,,,,,,,,,,,,,,,,,,,,,
1927-05-13,,,16.2,,,,,,,,,,,,,,,,,,,,,,,
1927-05-20,,,16.2,,,,,,,,,,,,,,,,,,,,,,,
1927-05-27,,,16.2,,,,,,,,,,,,,,,,,,,,,,,
1927-06-03,,,16.2,,,,,,,,,,,,,,,,,,,,,,,
1927-06-10,,,16.2,,,,,,,,,,,,,,,,,,,,,,,
1927-06-17,,,16.2,,,,,,,,,,,,,,,,,,,,,,,
1927-06-24,,,16.2,,,,,,,,,,,,,,,,,,,,,,,
1927-07-01,,,16.2,,,,,,,,,,,,,,,,,,,,,,,
1927-07-08,,,16.2,,,,,,,,,,,,,,,,,,,,,,,
1927-07-15,,,16.2,,,,,,,,,,,,,,,,,,,,,,,
1927-07-22,,,16.2,,,,,,,,,,,,,,,,,,,,,,,
1927-07-29,,,16.2,,,,,,,,,,,,,,,,,,,,,,,
1927-08-05,,,16.4,,,,,,,,,,,,,,,,,,,,,,,
1927-08-12,,,16.4,,,,,,,,,,,,,,,,,,,,,,,
1927-08-19,,,16.4,,,,,,,,,,,,,,,,,,,,,,,
1927-08-26,,,16.4,,,,,,,,,,,,,,,,,,,,,,,
1927-09-02,,,16.6,,,,,,,,,,,,,,,,,,,,,,,
1927-09-09,,,16.6,,,,,,,,,,,,,,,,,,,,,,,
1927-09-16,,,16.6,,,,,,,,,,,,,,,,,,,,,,,
1927-09-23,,,16.6,,,,,,,,,,,,,,,,,,,,,,,
1927-09-30,,,16.6,,,,,,,,,,,,,,,,,,,,,,,
1927-10-07,,,16.7,,,,,,,,,,,,,,,,,,,,,,,
1927-10-14,,,16.7,,,,,,,,,,,,,,,,,,,,,,,
1927-10-21,,,16.7,,,,,,,,,,,,,,,,,,,,,,,
1927-10-28,,,16.7,,,,,,,,,,,,,,,,,,,,,,,
1927-11-04,,,16.6,,,,,,,,,,,,,,,,,,,,,,,
1927-11-11,,,16.6,,,,,,,,,,,,,,,,,,,,,,,
1927-11-18,,,16.6,,,,,,,,,,,,,,,,,,,,,,,
1927-11-25,,,16.6,,,,,,,,,,,,,,,,,,,,,,,
1927-12-02,,,16.6,,,,,,,,,,,,,,,,,,,,,,,
1927-12-09,,,16.6,,,,,,,,,,,,,,,,,,,,,,,
1927-12-16,,,16.6,,,,,,,,,,,,,,,,,,,,,,,
1927-12-23,,,16.6,,,,,,,,,,,,,,,,,,,,,,,
1927-12-30,,,16.6,,,,,,,,,,,,,,,,,,,,,,,
1928-01-06,,,16.6,,,,,,,,,,,,,,,,,,,,,,,
1928-01-13,,,16.6,,,,,,,,,,,,,,,,,,,,,,,
1928-01-20,,,16.6,,,,,,,,,,,,,,,,,,,,,,,
1928-01-27,,,16.6,,,,,,,,,,,,,,,,,,,,,,,
1928-02-03,,,16.5,,,,,,,,,,,,,,,,,,,,,,,
1928-02-10,,,16.5,,,,,,,,,,,,,,,,,,,,,,,
1928-02-17,,,16.5,,,,,,,,,,,,,,,,,,,,,,,
1928-02-24,,,16.5,,,,,,,,,,,,,,,,,,,,,,,
1928-03-02,,,16.5,,,,,,,,,,,,,,,,,,,,,,,
1928-03-09,,,16.5,,,,,,,,,,,,,,,,,,,,,,,
1928-03-16,,,16.5,,,,,,,,,,,,,,,,,,,,,,,
1928-03-23,,,16.5,,,,,,,,,,,,,,,,,,,,,,,
1928-03-30,,,16.5,,,,,,,,,,,,,,,,,,,,,,,
1928-04-06,,,16.7,,,,,,,,,,,,,,,,,,,,,,,
1928-04-13,,,16.7,,,,,,,,,,,,,,,,,,,,,,,
1928-04-20,,,16.7,,,,,,,,,,,,,,,,,,,,,,,
1928-04-27,,,16.7,,,,,,,,,,,,,,,,,,,,,,,
1928-05-04,,,16.8,,,,,,,,,,,,,,,,,,,,,,,
1928-05-11,,,16.8,,,,,,,,,,,,,,,,,,,,,,,
1928-05-18,,,16.8,,,,,,,,,,,,,,,,,,,,,,,
1928-05-25,,,16.8,,,,,,,,,,,,,,,,,,,,,,,
1928-06-01,,,16.7,,,,,,,,,,,,,,,,,,,,,,,
1928-06-08,,,16.7,,,,,,,,,,,,,,,,,,,,,,,
1928-06-15,,,16.7,,,,,,,,,,,,,,,,,,,,,,,
1928-06-22,,,16.7,,,,,,,,,,,,,,,,,,,,,,,
1928-06-29,,,16.7,,,,,,,,,,,,,,,,,,,,,,,
1928-07-06,,,16.8,,,,,,,,,,,,,,,,,,,,,,,
1928-07-13,,,16.8,,,,,,,,,,,,,,,,,,,,,,,
1928-07-20,,,16.8,,,,,,,,,,,,,,,,,,,,,,,
1928-07-27,,,16.8,,,,,,,,,,,,,,,,,,,,,,,
1928-08-03,,,16.8,,,,,,,,,,,,,,,,,,,,,,,
1928-08-10,,,16.8,,,,,,,,,,,,,,,,,,,,,,,
1928-08-17,,,16.8,,,,,,,,,,,,,,,,,,,,,,,
1928-08-24,,,16.8,,,,,,,,,,,,,,,,,,,,,,,
1928-08-31,,,16.8,,,,,,,,,,,,,,,,,,,,,,,
1928-09-07,,,17.0,,,,,,,,,,,,,,,,,,,,,,,
1928-09-14,,,17.0,,,,,,,,,,,,,,,,,,,,,,,
1928-09-21,,,17.0,,,,,,,,,,,,,,,,,,,,,,,
1928-09-28,,,17.0,,,,,,,,,,,,,,,,,,,,,,,
1928-10-05,,,16.7,,,,,,,,,,,,,,,,,,,,,,,
1928-10-12,,,16.7,,,,,,,,,,,,,,,,,,,,,,,
1928-10-19,,,16.7,,,,,,,,,,,,,,,,,,,,,,,
1928-10-26,,,16.7,,,,,,,,,,,,,,,,,,,,,,,
1928-11-02,,,16.5,,,,,,,,,,,,,,,,,,,,,,,
1928-11-09,,,16.5,,,,,,,,,,,,,,,,,,,,,,,
1928-11-16,,,16.5,,,,,,,,,,,,,,,,,,,,,,,
1928-11-23,,,16.5,,,,,,,,,,,,,,,,,,,,,,,
1928-11-30,,,16.5,,,,,,,,,,,,,,,,,,,,,,,
1928-12-07,,,16.5,,,,,,,,,,,,,,,,,,,,,,,
1928-12-14,,,16.5,,,,,,,,,,,,,,,,,,,,,,,
1928-12-21,,,16.5,,,,,,,,,,,,,,,,,,,,,,,
1928-12-28,,,16.5,,,,,,,,,,,,,,,,,,,,,,,
1929-01-04,,,16.5,,,,,,,,,,,,,,,,,,,,,,,
1929-01-11,,,16.5,,,,,,,,,,,,,,,,,,,,,,,
1929-01-18,,,16.5,,,,,,,,,,,,,,,,,,,,,,,
1929-01-25,,,16.5,,,,,,,,,,,,,,,,,,,,,,,
1929-02-01,,,16.4,,,,,,,,,,,,,,,,,,,,,,,
1929-02-08,,,16.4,,,,,,,,,,,,,,,,,,,,,,,
1929-02-15,,,16.4,,,,,,,,,,,,,,,,,,,,,,,
1929-02-22,,,16.4,,,,,,,,,,,,,,,,,,,,,,,
1929-03-01,,,16.6,,,,,,,,,,,,,,,,,,,,,,,
1929-03-08,,,16.6,,,,,,,,,,,,,,,,,,,,,,,
1929-03-15,,,16.6,,,,,,,,,,,,,,,,,,,,,,,
1929-03-22,,,16.6,,,,,,,,,,,,,,,,,,,,,,,
1929-03-29,,,16.6,,,,,,,,,,,,,,,,,,,,,,,
1929-04-05,,,16.5,,,,,,,,,,,,,,,,,,,,,,,
1929-04-12,,,16.5,,,,,,,,,,,,,,,,,,,,,,,
1929-04-19,,,16.5,,,,,,,,,,,,,,,,,,,,,,,
1929-04-26,,,16.5,,,,,,,,,,,,,,,,,,,,,,,
1929-05-03,,,16.3,,,,,,,,,,,,,,,,,,,,,,,
1929-05-10,,,16.3,,,,,,,,,,,,,,,,,,,,,,,
1929-05-17,,,16.3,,,,,,,,,,,,,,,,,,,,,,,
1929-05-24,,,16.3,,,,,,,,,,,,,,,,,,,,,,,
1929-05-31,,,16.3,,,,,,,,,,,,,,,,,,,,,,,
1929-06-07,,,16.4,,,,,,,,,,,,,,,,,,,,,,,
1929-06-14,,,16.4,,,,,,,,,,,,,,,,,,,,,,,
1929-06-21,,,16.4,,,,,,,,,,,,,,,,,,,,,,,
1929-06-28,,,16.4,,,,,,,,,,,,,,,,,,,,,,,
1929-07-05,,,16.6,,,,,,,,,,,,,,,,,,,,,,,
1929-07-12,,,16.6,,,,,,,,,,,,,,,,,,,,,,,
1929-07-19,,,16.6,,,,,,,,,,,,,,,,,,,,,,,
1929-07-26,,,16.6,,,,,,,,,,,,,,,,,,,,,,,
1929-08-02,,,16.6,,,,,,,,,,,,,,,,,,,,,,,
1929-08-09,,,16.6,,,,,,,,,,,,,,,,,,,,,,,
1929-08-16,,,16.6,,,,,,,,,,,,,,,,,,,,,,,
1929-08-23,,,16.6,,,,,,,,,,,,,,,,,,,,,,,
1929-08-30,,,16.6,,,,,,,,,,,,,,,,,,,,,,,
1929-09-06,,,16.6,,,,,,,,,,,,,,,,,,,,,,,
1929-09-13,,,16.6,,,,,,,,,,,,,,,,,,,,,,,
1929-09-20,,,16.6,,,,,,,,,,,,,,,,,,,,,,,
1929-09-27,,,16.6,,,,,,,,,,,,,,,,,,,,,,,
1929-10-04,,,16.4,,,,,,,,,,,,,,,,,,,,,,,
1929-10-11,,,16.4,,,,,,,,,,,,,,,,,,,,,,,
1929-10-18,,,16.4,,,,,,,,,,,,,,,,,,,,,,,
1929-10-25,,,16.4,,,,,,,,,,,,,,,,,,,,,,,
1929-11-01,,,16.1,,,,,,,,,,,,,,,,,,,,,,,
1929-11-08,,,16.1,,,,,,,,,,,,,,,,,,,,,,,
1929-11-15,,,16.1,,,,,,,,,,,,,,,,,,,,,,,
1929-11-22,,,16.1,,,,,,,,,,,,,,,,,,,,,,,
1929-11-29,,,16.1,,,,,,,,,,,,,,,,,,,,,,,
1929-12-06,,,16.1,,,,,,,,,,,,,,,,,,,,,,,
1929-12-13,,,16.1,,,,,,,,,,,,,,,,,,,,,,,
1929-12-20,,,16.1,,,,,,,,,,,,,,,,,,,,,,,
1929-12-27,,,16.1,,,,,,,,,,,,,,,,,,,,,,,
1930-01-03,,,15.9,,,,,,,,,,,,,,,,,,,,,,,
1930-01-10,,,15.9,,,,,,,,,,,,,,,,,,,,,,,
1930-01-17,,,15.9,,,,,,,,,,,,,,,,,,,,,,,
1930-01-24,,,15.9,,,,,,,,,,,,,,,,,,,,,,,
1930-01-31,,,15.9,,,,,,,,,,,,,,,,,,,,,,,
1930-02-07,,,15.7,,,,,,,,,,,,,,,,,,,,,,,
1930-02-14,,,15.7,,,,,,,,,,,,,,,,,,,,,,,
1930-02-21,,,15.7,,,,,,,,,,,,,,,,,,,,,,,
1930-02-28,,,15.7,,,,,,,,,,,,,,,,,,,,,,,
1930-03-07,,,15.5,,,,,,,,,,,,,,,,,,,,,,,
1930-03-14,,,15.5,,,,,,,,,,,,,,,,,,,,,,,
1930-03-21,,,15.5,,,,,,,,,,,,,,,,,,,,,,,
1930-03-28,,,15.5,,,,,,,,,,,,,,,,,,,,,,,
1930-04-04,,,15.5,,,,,,,,,,,,,,,,,,,,,,,
1930-04-11,,,15.5,,,,,,,,,,,,,,,,,,,,,,,
1930-04-18,,,15.5,,,,,,,,,,,,,,,,,,,,,,,
1930-04-25,,,15.5,,,,,,,,,,,,,,,,,,,,,,,
1930-05-02,,,15.3,,,,,,,,,,,,,,,,,,,,,,,
1930-05-09,,,15.3,,,,,,,,,,,,,,,,,,,,,,,
1930-05-16,,,15.3,,,,,,,,,,,,,,,,,,,,,,,
1930-05-23,,,15.3,,,,,,,,,,,,,,,,,,,,,,,
1930-05-30,,,15.3,,,,,,,,,,,,,,,,,,,,,,,
1930-06-06,,,15.0,,,,,,,,,,,,,,,,,,,,,,,
1930-06-13,,,15.0,,,,,,,,,,,,,,,,,,,,,,,
1930-06-20,,,15.0,,,,,,,,,,,,,,,,,,,,,,,
1930-06-27,,,15.0,,,,,,,,,,,,,,,,,,,,,,,
1930-07-04,,,14.5,,,,,,,,,,,,,,,,,,,,,,,
1930-07-11,,,14.5,,,,,,,,,,,,,,,,,,,,,,,
1930-07-18,,,14.5,,,,,,,,,,,,,,,,,,,,,,,
1930-07-25,,,14.5,,,,,,,,,,,,,,,,,,,,,,,
1930-08-01,,,14.5,,,,,,,,,,,,,,,,,,,,,,,
1930-08-08,,,14.5,,,,,,,,,,,,,,,,,,,,,,,
1930-08-15,,,14.5,,,,,,,,,,,,,,,,,,,,,,,
1930-08-22,,,14.5,,,,,,,,,,,,,,,,,,,,,,,
1930-08-29,,,14.5,,,,,,,,,,,,,,,,,,,,,,,
1930-09-05,,,14.5,,,,,,,,,,,,,,,,,,,,,,,
1930-09-12,,,14.5,,,,,,,,,,,,,,,,,,,,,,,
1930-09-19,,,14.5,,,,,,,,,,,,,,,,,,,,,,,
1930-09-26,,,14.5,,,,,,,,,,,,,,,,,,,,,,,
1930-10-03,,,14.3,,,,,,,,,,,,,,,,,,,,,,,
1930-10-10,,,14.3,,,,,,,,,,,,,,,,,,,,,,,
1930-10-17,,,14.3,,,,,,,,,,,,,,,,,,,,,,,
1930-10-24,,,14.3,,,,,,,,,,,,,,,,,,,,,,,
1930-10-31,,,14.3,,,,,,,,,,,,,,,,,,,,,,,
1930-11-07,,,14.0,,,,,,,,,,,,,,,,,,,,,,,
1930-11-14,,,14.0,,,,,,,,,,,,,,,,,,,,,,,
1930-11-21,,,14.0,,,,,,,,,,,,,,,,,,,,,,,
1930-11-28,,,14.0,,,,,,,,,,,,,,,,,,,,,,,
1930-12-05,,,13.7,,,,,,,,,,,,,,,,,,,,,,,
1930-12-12,,,13.7,,,,,,,,,,,,,,,,,,,,,,,
1930-12-19,,,13.7,,,,,,,,,,,,,,,,,,,,,,,
1930-12-26,,,13.7,,,,,,,,,,,,,,,,,,,,,,,
1931-01-02,,,13.5,,,,,,,,,,,,,,,,,,,,,,,
1931-01-09,,,13.5,,,,,,,,,,,,,,,,,,,,,,,
1931-01-16,,,13.5,,,,,,,,,,,,,,,,,,,,,,,
1931-01-23,,,13.5,,,,,,,,,,,,,,,,,,,,,,,
1931-01-30,,,13.5,,,,,,,,,,,,,,,,,,,,,,,
1931-02-06,,,13.2,,,,,,,,,,,,,,,,,,,,,,,
1931-02-13,,,13.2,,,,,,,,,,,,,,,,,,,,,,,
1931-02-20,,,13.2,,,,,,,,,,,,,,,,,,,,,,,
1931-02-27,,,13.2,,,,,,,,,,,,,,,,,,,,,,,
1931-03-06,,,13.1,,,,,,,,,,,,,,,,,,,,,,,
1931-03-13,,,13.1,,,,,,,,,,,,,,,,,,,,,,,
1931-03-20,,,13.1,,,,,,,,,,,,,,,,,,,,,,,
1931-03-27,,,13.1,,,,,,,,,,,,,,,,,,,,,,,
1931-04-03,,,12.9,,,,,,,,,,,,,,,,,,,,,,,
1931-04-10,,,12.9,,,,,,,,,,,,,,,,,,,,,,,
1931-04-17,,,12.9,,,,,,,,,,,,,,,,,,,,,,,
1931-04-24,,,12.9,,,,,,,,,,,,,,,,,,,,,,,
1931-05-01,,,12.6,,,,,,,,,,,,,,,,,,,,,,,
1931-05-08,,,12.6,,,,,,,,,,,,,,,,,,,,,,,
1931-05-15,,,12.6,,,,,,,,,,,,,,,,,,,,,,,
1931-05-22,,,12.6,,,,,,,,,,,,,,,,,,,,,,,
1931-05-29,,,12.6,,,,,,,,,,,,,,,,,,,,,,,
1931-06-05,,,12.4,,,,,,,,,,,,,,,,,,,,,,,
1931-06-12,,,12.4,,,,,,,,,,,,,,,,,,,,,,,
1931-06-19,,,12.4,,,,,,,,,,,,,,,,,,,,,,,
1931-06-26,,,12.4,,,,,,,,,,,,,,,,,,,,,,,
1931-07-03,,,12.4,,,,,,,,,,,,,,,,,,,,,,,
1931-07-10,,,12.4,,,,,,,,,,,,,,,,,,,,,,,
1931-07-17,,,12.4,,,,,,,,,,,,,,,,,,,,,,,
1931-07-24,,,12.4,,,,,,,,,,,,,,,,,,,,,,,
1931-07-31,,,12.4,,,,,,,,,,,,,,,,,,,,,,,
1931-08-07,,,12.4,,,,,,,,,,,,,,,,,,,,,,,
1931-08-14,,,12.4,,,,,,,,,,,,,,,,,,,,,,,
1931-08-21,,,12.4,,,,,,,,,,,,,,,,,,,,,,,
1931-08-28,,,12.4,,,,,,,,,,,,,,,,,,,,,,,
1931-09-04,,,12.3,,,,,,,,,,,,,,,,,,,,,,,
1931-09-11,,,12.3,,,,,,,,,,,,,,,,,,,,,,,
1931-09-18,,,12.3,,,,,,,,,,,,,,,,,,,,,,,
1931-09-25,,,12.3,,,,,,,,,,,,,,,,,,,,,,,
1931-10-02,,,12.1,,,,,,,,,,,,,,,,,,,,,,,
1931-10-09,,,12.1,,,,,,,,,,,,,,,,,,,,,,,
1931-10-16,,,12.1,,,,,,,,,,,,,,,,,,,,,,,
1931-10-23,,,12.1,,,,,,,,,,,,,,,,,,,,,,,
1931-10-30,,,12.1,,,,,,,,,,,,,,,,,,,,,,,
1931-11-06,,,12.1,,,,,,,,,,,,,,,,,,,,,,,
1931-11-13,,,12.1,,,,,,,,,,,,,,,,,,,,,,,
1931-11-20,,,12.1,,,,,,,,,,,,,,,,,,,,,,,
1931-11-27,,,12.1,,,,,,,,,,,,,,,,,,,,,,,
1931-12-04,,,11.8,,,,,,,,,,,,,,,,,,,,,,,
1931-12-11,,,11.8,,,,,,,,,,,,,,,,,,,,,,,
1931-12-18,,,11.8,,,,,,,,,,,,,,,,,,,,,,,
1931-12-25,,,11.8,,,,,,,,,,,,,,,,,,,,,,,
1932-01-01,,,11.6,,,,,,,,,,,,,,,,,,,,,,,
1932-01-08,,,11.6,,,,,,,,,,,,,,,,,,,,,,,
1932-01-15,,,11.6,,,,,,,,,,,,,,,,,,,,,,,
1932-01-22,,,11.6,,,,,,,,,,,,,,,,,,,,,,,
1932-01-29,,,11.6,,,,,,,,,,,,,,,,,,,,,,,
1932-02-05,,,11.4,,,,,,,,,,,,,,,,,,,,,,,
1932-02-12,,,11.4,,,,,,,,,,,,,,,,,,,,,,,
1932-02-19,,,11.4,,,,,,,,,,,,,,,,,,,,,,,
1932-02-26,,,11.4,,,,,,,,,,,,,,,,,,,,,,,
1932-03-04,,,11.4,,,,,,,,,,,,,,,,,,,,,,,
1932-03-11,,,11.4,,,,,,,,,,,,,,,,,,,,,,,
1932-03-18,,,11.4,,,,,,,,,,,,,,,,,,,,,,,
1932-03-25,,,11.4,,,,,,,,,,,,,,,,,,,,,,,
1932-04-01,,,11.3,,,,,,,,,,,,,,,,,,,,,,,
1932-04-08,,,11.3,,,,,,,,,,,,,,,,,,,,,,,
1932-04-15,,,11.3,,,,,,,,,,,,,,,,,,,,,,,
1932-04-22,,,11.3,,,,,,,,,,,,,,,,,,,,,,,
1932-04-29,,,11.3,,,,,,,,,,,,,,,,,,,,,,,
1932-05-06,,,11.1,,,,,,,,,,,,,,,,,,,,,,,
1932-05-13,,,11.1,,,,,,,,,,,,,,,,,,,,,,,
1932-05-20,,,11.1,,,,,,,,,,,,,,,,,,,,,,,
1932-05-27,,,11.1,,,,,,,,,,,,,,,,,,,,,,,
1932-06-03,,,11.0,,,,,,,,,,,,,,,,,,,,,,,
1932-06-10,,,11.0,,,,,,,,,,,,,,,,,,,,,,,
1932-06-17,,,11.0,,,,,,,,,,,,,,,,,,,,,,,
1932-06-24,,,11.0,,,,,,,,,,,,,,,,,,,,,,,
1932-07-01,,,11.1,,,,,,,,,,,,,,,,,,,,,,,
1932-07-08,,,11.1,,,,,,,,,,,,,,,,,,,,,,,
1932-07-15,,,11.1,,,,,,,,,,,,,,,,,,,,,,,
1932-07-22,,,11.1,,,,,,,,,,,,,,,,,,,,,,,
1932-07-29,,,11.1,,,,,,,,,,,,,,,,,,,,,,,
1932-08-05,,,11.2,,,,,,,,,,,,,,,,,,,,,,,
1932-08-12,,,11.2,,,,,,,,,,,,,,,,,,,,,,,
1932-08-19,,,11.2,,,,,,,,,,,,,,,,,,,,,,,
1932-08-26,,,11.2,,,,,,,,,,,,,,,,,,,,,,,
1932-09-02,,,11.3,,,,,,,,,,,,,,,,,,,,,,,
1932-09-09,,,11.3,,,,,,,,,,,,,,,,,,,,,,,
1932-09-16,,,11.3,,,,,,,,,,,,,,,,,,,,,,,
1932-09-23,,,11.3,,,,,,,,,,,,,,,,,,,,,,,
1932-09-30,,,11.3,,,,,,,,,,,,,,,,,,,,,,,
1932-10-07,,,11.1,,,,,,,,,,,,,,,,,,,,,,,
1932-10-14,,,11.1,,,,,,,,,,,,,,,,,,,,,,,
1932-10-21,,,11.1,,,,,,,,,,,,,,,,,,,,,,,
1932-10-28,,,11.1,,,,,,,,,,,,,,,,,,,,,,,
1932-11-04,,,11.0,,,,,,,,,,,,,,,,,,,,,,,
1932-11-11,,,11.0,,,,,,,,,,,,,,,,,,,,,,,
1932-11-18,,,11.0,,,,,,,,,,,,,,,,,,,,,,,
1932-11-25,,,11.0,,,,,,,,,,,,,,,,,,,,,,,
1932-12-02,,,10.8,,,,,,,,,,,,,,,,,,,,,,,
1932-12-09,,,10.8,,,,,,,,,,,,,,,,,,,,,,,
1932-12-16,,,10.8,,,,,,,,,,,,,,,,,,,,,,,
1932-12-23,,,10.8,,,,,,,,,,,,,,,,,,,,,,,
1932-12-30,,,10.8,,,,,,,,,,,,,,,,,,,,,,,
1933-01-06,,,10.5,,,,,,,,,,,,,,,,,,,,,,,
1933-01-13,,,10.5,,,,,,,,,,,,,,,,,,,,,,,
1933-01-20,,,10.5,,,,,,,,,,,,,,,,,,,,,,,
1933-01-27,,,10.5,,,,,,,,,,,,,,,,,,,,,,,
1933-02-03,,,10.3,,,,,,,,,,,,,,,,,,,,,,,
1933-02-10,,,10.3,,,,,,,,,,,,,,,,,,,,,,,
1933-02-17,,,10.3,,,,,,,,,,,,,,,,,,,,,,,
1933-02-24,,,10.3,,,,,,,,,,,,,,,,,,,,,,,
1933-03-03,,,10.4,,,,,,,,,,,,,,,,,,,,,,,
1933-03-10,,,10.4,,,,,,,,,,,,,,,,,,,,,,,
1933-03-17,,,10.4,,,,,,,,,,,,,,,,,,,,,,,
1933-03-24,,,10.4,,,,,,,,,,,,,,,,,,,,,,,
1933-03-31,,,10.4,,,,,,,,,,,,,,,,,,,,,,,
1933-04-07,,,10.4,,,,,,,,,,,,,,,,,,,,,,,
1933-04-14,,,10.4,,,,,,,,,,,,,,,,,,,,,,,
1933-04-21,,,10.4,,,,,,,,,,,,,,,,,,,,,,,
1933-04-28,,,10.4,,,,,,,,,,,,,,,,,,,,,,,
1933-05-05,,,10.8,,,,,,,,,,,,,,,,,,,,,,,
1933-05-12,,,10.8,,,,,,,,,,,,,,,,,,,,,,,
1933-05-19,,,10.8,,,,,,,,,,,,,,,,,,,,,,,
1933-05-26,,,10.8,,,,,,,,,,,,,,,,,,,,,,,
1933-06-02,,,11.2,,,,,,,,,,,,,,,,,,,,,,,
1933-06-09,,,11.2,,,,,,,,,,,,,,,,,,,,,,,
1933-06-16,,,11.2,,,,,,,,,,,,,,,,,,,,,,,
1933-06-23,,,11.2,,,,,,,,,,,,,,,,,,,,,,,
1933-06-30,,,11.2,,,,,,,,,,,,,,,,,,,,,,,
1933-07-07,,,11.9,,,,,,,,,,,,,,,,,,,,,,,
1933-07-14,,,11.9,,,,,,,,,,,,,,,,,,,,,,,
1933-07-21,,,11.9,,,,,,,,,,,,,,,,,,,,,,,
1933-07-28,,,11.9,,,,,,,,,,,,,,,,,,,,,,,
1933-08-04,,,12.0,,,,,,,,,,,,,,,,,,,,,,,
1933-08-11,,,12.0,,,,,,,,,,,,,,,,,,,,,,,
1933-08-18,,,12.0,,,,,,,,,,,,,,,,,,,,,,,
1933-08-25,,,12.0,,,,,,,,,,,,,,,,,,,,,,,
1933-09-01,,,12.2,,,,,,,,,,,,,,,,,,,,,,,
1933-09-08,,,12.2,,,,,,,,,,,,,,,,,,,,,,,
1933-09-15,,,12.2,,,,,,,,,,,,,,,,,,,,,,,
1933-09-22,,,12.2,,,,,,,,,,,,,,,,,,,,,,,
1933-09-29,,,12.2,,,,,,,,,,,,,,,,,,,,,,,
1933-10-06,,,12.3,,,,,,,,,,,,,,,,,,,,,,,
1933-10-13,,,12.3,,,,,,,,,,,,,,,,,,,,,,,
1933-10-20,,,12.3,,,,,,,,,,,,,,,,,,,,,,,
1933-10-27,,,12.3,,,,,,,,,,,,,,,,,,,,,,,
1933-11-03,,,12.3,,,,,,,,,,,,,,,,,,,,,,,
1933-11-10,,,12.3,,,,,,,,,,,,,,,,,,,,,,,
1933-11-17,,,12.3,,,,,,,,,,,,,,,,,,,,,,,
1933-11-24,,,12.3,,,,,,,,,,,,,,,,,,,,,,,
1933-12-01,,,12.2,,,,,,,,,,,,,,,,,,,,,,,
1933-12-08,,,12.2,,,,,,,,,,,,,,,,,,,,,,,
1933-12-15,,,12.2,,,,,,,,,,,,,,,,,,,,,,,
1933-12-22,,,12.2,,,,,,,,,,,,,,,,,,,,,,,
1933-12-29,,,12.2,,,,,,,,,,,,,,,,,,,,,,,
1934-01-05,,,12.4,,,,,,,,,,,,,,,,,,,,,,,
1934-01-12,,,12.4,,,,,,,,,,,,,,,,,,,,,,,
1934-01-19,,,12.4,,,,,,,,,,,,,,,,,,,,,,,
1934-01-26,,,12.4,,,,,,,,,,,,,,,,,,,,,,,
1934-02-02,,,12.7,,,,,,,,,,,,,,,,,,,,,,,
1934-02-09,,,12.7,,,,,,,,,,,,,,,,,,,,,,,
1934-02-16,,,12.7,,,,,,,,,,,,,,,,,,,,,,,
1934-02-23,,,12.7,,,,,,,,,,,,,,,,,,,,,,,
1934-03-02,,,12.7,,,,,,,,,,,,,,,,,,,,,,,
1934-03-09,,,12.7,,,,,,,,,,,,,,,,,,,,,,,
1934-03-16,,,12.7,,,,,,,,,,,,,,,,,,,,,,,
1934-03-23,,,12.7,,,,,,,,,,,,,,,,,,,,,,,
1934-03-30,,,12.7,,,,,,,,,,,,,,,,,,,,,,,
1934-04-06,,,12.7,,,,,,,,,,,,,,,,,,,,,,,
1934-04-13,,,12.7,,,,,,,,,,,,,,,,,,,,,,,
1934-04-20,,,12.7,,,,,,,,,,,,,,,,,,,,,,,
1934-04-27,,,12.7,,,,,,,,,,,,,,,,,,,,,,,
1934-05-04,,,12.7,,,,,,,,,,,,,,,,,,,,,,,
1934-05-11,,,12.7,,,,,,,,,,,,,,,,,,,,,,,
1934-05-18,,,12.7,,,,,,,,,,,,,,,,,,,,,,,
1934-05-25,,,12.7,,,,,,,,,,,,,,,,,,,,,,,
1934-06-01,,,12.9,,,,,,,,,,,,,,,,,,,,,,,
1934-06-08,,,12.9,,,,,,,,,,,,,,,,,,,,,,,
1934-06-15,,,12.9,,,,,,,,,,,,,,,,,,,,,,,
1934-06-22,,,12.9,,,,,,,,,,,,,,,,,,,,,,,
1934-06-29,,,12.9,,,,,,,,,,,,,,,,,,,,,,,
1934-07-06,,,12.9,,,,,,,,,,,,,,,,,,,,,,,
1934-07-13,,,12.9,,,,,,,,,,,,,,,,,,,,,,,
1934-07-20,,,12.9,,,,,,,,,,,,,,,,,,,,,,,
1934-07-27,,,12.9,,,,,,,,,,,,,,,,,,,,,,,
1934-08-03,,,13.2,,,,,,,,,,,,,,,,,,,,,,,
1934-08-10,,,13.2,,,,,,,,,,,,,,,,,,,,,,,
1934-08-17,,,13.2,,,,,,,,,,,,,,,,,,,,,,,
1934-08-24,,,13.2,,,,,,,,,,,,,,,,,,,,,,,
1934-08-31,,,13.2,,,,,,,,,,,,,,,,,,,,,,,
1934-09-07,,,13.4,,,,,,,,,,,,,,,,,,,,,,,
1934-09-14,,,13.4,,,,,,,,,,,,,,,,,,,,,,,
1934-09-21,,,13.4,,,,,,,,,,,,,,,,,,,,,,,
1934-09-28,,,13.4,,,,,,,,,,,,,,,,,,,,,,,
1934-10-05,,,13.2,,,,,,,,,,,,,,,,,,,,,,,
1934-10-12,,,13.2,,,,,,,,,,,,,,,,,,,,,,,
1934-10-19,,,13.2,,,,,,,,,,,,,,,,,,,,,,,
1934-10-26,,,13.2,,,,,,,,,,,,,,,,,,,,,,,
1934-11-02,,,13.2,,,,,,,,,,,,,,,,,,,,,,,
1934-11-09,,,13.2,,,,,,,,,,,,,,,,,,,,,,,
1934-11-16,,,13.2,,,,,,,,,,,,,,,,,,,,,,,
1934-11-23,,,13.2,,,,,,,,,,,,,,,,,,,,,,,
1934-11-30,,,13.2,,,,,,,,,,,,,,,,,,,,,,,
1934-12-07,,,13.3,,,,,,,,,,,,,,,,,,,,,,,
1934-12-14,,,13.3,,,,,,,,,,,,,,,,,,,,,,,
1934-12-21,,,13.3,,,,,,,,,,,,,,,,,,,,,,,
1934-12-28,,,13.3,,,,,,,,,,,,,,,,,,,,,,,
1935-01-04,,,13.6,,,,,,,,,,,,,,,,,,,,,,,
1935-01-11,,,13.6,,,,,,,,,,,,,,,,,,,,,,,
1935-01-18,,,13.6,,,,,,,,,,,,,,,,,,,,,,,
1935-01-25,,,13.6,,,,,,,,,,,,,,,,,,,,,,,
1935-02-01,,,13.7,,,,,,,,,,,,,,,,,,,,,,,
1935-02-08,,,13.7,,,,,,,,,,,,,,,,,,,,,,,
1935-02-15,,,13.7,,,,,,,,,,,,,,,,,,,,,,,
1935-02-22,,,13.7,,,,,,,,,,,,,,,,,,,,,,,
1935-03-01,,,13.7,,,,,,,,,,,,,,,,,,,,,,,
1935-03-08,,,13.7,,,,,,,,,,,,,,,,,,,,,,,
1935-03-15,,,13.7,,,,,,,,,,,,,,,,,,,,,,,
1935-03-22,,,13.7,,,,,,,,,,,,,,,,,,,,,,,
1935-03-29,,,13.7,,,,,,,,,,,,,,,,,,,,,,,
1935-04-05,,,13.8,,,,,,,,,,,,,,,,,,,,,,,
1935-04-12,,,13.8,,,,,,,,,,,,,,,,,,,,,,,
1935-04-19,,,13.8,,,,,,,,,,,,,,,,,,,,,,,
1935-04-26,,,13.8,,,,,,,,,,,,,,,,,,,,,,,
1935-05-03,,,13.8,,,,,,,,,,,,,,,,,,,,,,,
1935-05-10,,,13.8,,,,,,,,,,,,,,,,,,,,,,,
1935-05-17,,,13.8,,,,,,,,,,,,,,,,,,,,,,,
1935-05-24,,,13.8,,,,,,,,,,,,,,,,,,,,,,,
1935-05-31,,,13.8,,,,,,,,,,,,,,,,,,,,,,,
1935-06-07,,,13.8,,,,,,,,,,,,,,,,,,,,,,,
1935-06-14,,,13.8,,,,,,,,,,,,,,,,,,,,,,,
1935-06-21,,,13.8,,,,,,,,,,,,,,,,,,,,,,,
1935-06-28,,,13.8,,,,,,,,,,,,,,,,,,,,,,,
1935-07-05,,,13.7,,,,,,,,,,,,,,,,,,,,,,,
1935-07-12,,,13.7,,,,,,,,,,,,,,,,,,,,,,,
1935-07-19,,,13.7,,,,,,,,,,,,,,,,,,,,,,,
1935-07-26,,,13.7,,,,,,,,,,,,,,,,,,,,,,,
1935-08-02,,,13.9,,,,,,,,,,,,,,,,,,,,,,,
1935-08-09,,,13.9,,,,,,,,,,,,,,,,,,,,,,,
1935-08-16,,,13.9,,,,,,,,,,,,,,,,,,,,,,,
1935-08-23,,,13.9,,,,,,,,,,,,,,,,,,,,,,,
1935-08-30,,,13.9,,,,,,,,,,,,,,,,,,,,,,,
1935-09-06,,,13.9,,,,,,,,,,,,,,,,,,,,,,,
1935-09-13,,,13.9,,,,,,,,,,,,,,,,,,,,,,,
1935-09-20,,,13.9,,,,,,,,,,,,,,,,,,,,,,,
1935-09-27,,,13.9,,,,,,,,,,,,,,,,,,,,,,,
1935-10-04,,,13.9,,,,,,,,,,,,,,,,,,,,,,,
1935-10-11,,,13.9,,,,,,,,,,,,,,,,,,,,,,,
1935-10-18,,,13.9,,,,,,,,,,,,,,,,,,,,,,,
1935-10-25,,,13.9,,,,,,,,,,,,,,,,,,,,,,,
1935-11-01,,,13.9,,,,,,,,,,,,,,,,,,,,,,,
1935-11-08,,,13.9,,,,,,,,,,,,,,,,,,,,,,,
1935-11-15,,,13.9,,,,,,,,,,,,,,,,,,,,,,,
1935-11-22,,,13.9,,,,,,,,,,,,,,,,,,,,,,,
1935-11-29,,,13.9,,,,,,,,,,,,,,,,,,,,,,,
1935-12-06,,,14.0,,,,,,,,,,,,,,,,,,,,,,,
1935-12-13,,,14.0,,,,,,,,,,,,,,,,,,,,,,,
1935-12-20,,,14.0,,,,,,,,,,,,,,,,,,,,,,,
1935-12-27,,,14.0,,,,,,,,,,,,,,,,,,,,,,,
1936-01-03,,,13.9,,,,,,,,,,,,,,,,,,,,,,,
1936-01-10,,,13.9,,,,,,,,,,,,,,,,,,,,,,,
1936-01-17,,,13.9,,,,,,,,,,,,,,,,,,,,,,,
1936-01-24,,,13.9,,,,,,,,,,,,,,,,,,,,,,,
1936-01-31,,,13.9,,,,,,,,,,,,,,,,,,,,,,,
1936-02-07,,,13.9,,,,,,,,,,,,,,,,,,,,,,,
1936-02-14,,,13.9,,,,,,,,,,,,,,,,,,,,,,,
1936-02-21,,,13.9,,,,,,,,,,,,,,,,,,,,,,,
1936-02-28,,,13.9,,,,,,,,,,,,,,,,,,,,,,,
1936-03-06,,,13.7,,,,,,,,,,,,,,,,,,,,,,,
1936-03-13,,,13.7,,,,,,,,,,,,,,,,,,,,,,,
1936-03-20,,,13.7,,,,,,,,,,,,,,,,,,,,,,,
1936-03-27,,,13.7,,,,,,,,,,,,,,,,,,,,,,,
1936-04-03,,,13.7,,,,,,,,,,,,,,,,,,,,,,,
1936-04-10,,,13.7,,,,,,,,,,,,,,,,,,,,,,,
1936-04-17,,,13.7,,,,,,,,,,,,,,,,,,,,,,,
1936-04-24,,,13.7,,,,,,,,,,,,,,,,,,,,,,,
1936-05-01,,,13.5,,,,,,,,,,,,,,,,,,,,,,,
1936-05-08,,,13.5,,,,,,,,,,,,,,,,,,,,,,,
1936-05-15,,,13.5,,,,,,,,,,,,,,,,,,,,,,,
1936-05-22,,,13.5,,,,,,,,,,,,,,,,,,,,,,,
1936-05-29,,,13.5,,,,,,,,,,,,,,,,,,,,,,,
1936-06-05,,,13.7,,,,,,,,,,,,,,,,,,,,,,,
1936-06-12,,,13.7,,,,,,,,,,,,,,,,,,,,,,,
1936-06-19,,,13.7,,,,,,,,,,,,,,,,,,,,,,,
1936-06-26,,,13.7,,,,,,,,,,,,,,,,,,,,,,,
1936-07-03,,,13.9,,,,,,,,,,,,,,,,,,,,,,,
1936-07-10,,,13.9,,,,,,,,,,,,,,,,,,,,,,,
1936-07-17,,,13.9,,,,,,,,,,,,,,,,,,,,,,,
1936-07-24,,,13.9,,,,,,,,,,,,,,,,,,,,,,,
1936-07-31,,,13.9,,,,,,,,,,,,,,,,,,,,,,,
1936-08-07,,,14.0,,,,,,,,,,,,,,,,,,,,,,,
1936-08-14,,,14.0,,,,,,,,,,,,,,,,,,,,,,,
1936-08-21,,,14.0,,,,,,,,,,,,,,,,,,,,,,,
1936-08-28,,,14.0,,,,,,,,,,,,,,,,,,,,,,,
1936-09-04,,,14.0,,,,,,,,,,,,,,,,,,,,,,,
1936-09-11,,,14.0,,,,,,,,,,,,,,,,,,,,,,,
1936-09-18,,,14.0,,,,,,,,,,,,,,,,,,,,,,,
1936-09-25,,,14.0,,,,,,,,,,,,,,,,,,,,,,,
1936-10-02,,,14.0,,,,,,,,,,,,,,,,,,,,,,,
1936-10-09,,,14.0,,,,,,,,,,,,,,,,,,,,,,,
1936-10-16,,,14.0,,,,,,,,,,,,,,,,,,,,,,,
1936-10-23,,,14.0,,,,,,,,,,,,,,,,,,,,,,,
1936-10-30,,,14.0,,,,,,,,,,,,,,,,,,,,,,,
1936-11-06,,,14.2,,,,,,,,,,,,,,,,,,,,,,,
1936-11-13,,,14.2,,,,,,,,,,,,,,,,,,,,,,,
1936-11-20,,,14.2,,,,,,,,,,,,,,,,,,,,,,,
1936-11-27,,,14.2,,,,,,,,,,,,,,,,,,,,,,,
1936-12-04,,,14.5,,,,,,,,,,,,,,,,,,,,,,,
1936-12-11,,,14.5,,,,,,,,,,,,,,,,,,,,,,,
1936-12-18,,,14.5,,,,,,,,,,,,,,,,,,,,,,,
1936-12-25,,,14.5,,,,,,,,,,,,,,,,,,,,,,,
1937-01-01,,,14.8,,,,,,,,,,,,,,,,,,,,,,,
1937-01-08,,,14.8,,,,,,,,,,,,,,,,,,,,,,,
1937-01-15,,,14.8,,,,,,,,,,,,,,,,,,,,,,,
1937-01-22,,,14.8,,,,,,,,,,,,,,,,,,,,,,,
1937-01-29,,,14.8,,,,,,,,,,,,,,,,,,,,,,,
1937-02-05,,,14.9,,,,,,,,,,,,,,,,,,,,,,,
1937-02-12,,,14.9,,,,,,,,,,,,,,,,,,,,,,,
1937-02-19,,,14.9,,,,,,,,,,,,,,,,,,,,,,,
1937-02-26,,,14.9,,,,,,,,,,,,,,,,,,,,,,,
1937-03-05,,,15.1,,,,,,,,,,,,,,,,,,,,,,,
1937-03-12,,,15.1,,,,,,,,,,,,,,,,,,,,,,,
1937-03-19,,,15.1,,,,,,,,,,,,,,,,,,,,,,,
1937-03-26,,,15.1,,,,,,,,,,,,,,,,,,,,,,,
1937-04-02,,,15.2,,,,,,,,,,,,,,,,,,,,,,,
1937-04-09,,,15.2,,,,,,,,,,,,,,,,,,,,,,,
1937-04-16,,,15.2,,,,,,,,,,,,,,,,,,,,,,,
1937-04-23,,,15.2,,,,,,,,,,,,,,,,,,,,,,,
1937-04-30,,,15.2,,,,,,,,,,,,,,,,,,,,,,,
1937-05-07,,,15.1,,,,,,,,,,,,,,,,,,,,,,,
1937-05-14,,,15.1,,,,,,,,,,,,,,,,,,,,,,,
1937-05-21,,,15.1,,,,,,,,,,,,,,,,,,,,,,,
1937-05-28,,,15.1,,,,,,,,,,,,,,,,,,,,,,,
1937-06-04,,,15.0,,,,,,,,,,,,,,,,,,,,,,,
1937-06-11,,,15.0,,,,,,,,,,,,,,,,,,,,,,,
1937-06-18,,,15.0,,,,,,,,,,,,,,,,,,,,,,,
1937-06-25,,,15.0,,,,,,,,,,,,,,,,,,,,,,,
1937-07-02,,,15.2,,,,,,,,,,,,,,,,,,,,,,,
1937-07-09,,,15.2,,,,,,,,,,,,,,,,,,,,,,,
1937-07-16,,,15.2,,,,,,,,,,,,,,,,,,,,,,,
1937-07-23,,,15.2,,,,,,,,,,,,,,,,,,,,,,,
1937-07-30,,,15.2,,,,,,,,,,,,,,,,,,,,,,,
1937-08-06,,,15.1,,,,,,,,,,,,,,,,,,,,,,,
1937-08-13,,,15.1,,,,,,,,,,,,,,,,,,,,,,,
1937-08-20,,,15.1,,,,,,,,,,,,,,,,,,,,,,,
1937-08-27,,,15.1,,,,,,,,,,,,,,,,,,,,,,,
1937-09-03,,,15.1,,,,,,,,,,,,,,,,,,,,,,,
1937-09-10,,,15.1,,,,,,,,,,,,,,,,,,,,,,,
1937-09-17,,,15.1,,,,,,,,,,,,,,,,,,,,,,,
1937-09-24,,,15.1,,,,,,,,,,,,,,,,,,,,,,,
1937-10-01,,,14.7,,,,,,,,,,,,,,,,,,,,,,,
1937-10-08,,,14.7,,,,,,,,,,,,,,,,,,,,,,,
1937-10-15,,,14.7,,,,,,,,,,,,,,,,,,,,,,,
1937-10-22,,,14.7,,,,,,,,,,,,,,,,,,,,,,,
1937-10-29,,,14.7,,,,,,,,,,,,,,,,,,,,,,,
1937-11-05,,,14.4,,,,,,,,,,,,,,,,,,,,,,,
1937-11-12,,,14.4,,,,,,,,,,,,,,,,,,,,,,,
1937-11-19,,,14.4,,,,,,,,,,,,,,,,,,,,,,,
1937-11-26,,,14.4,,,,,,,,,,,,,,,,,,,,,,,
1937-12-03,,,14.1,,,,,,,,,,,,,,,,,,,,,,,
1937-12-10,,,14.1,,,,,,,,,,,,,,,,,,,,,,,
1937-12-17,,,14.1,,,,,,,,,,,,,,,,,,,,,,,
1937-12-24,,,14.1,,,,,,,,,,,,,,,,,,,,,,,
1937-12-31,,,14.1,,,,,,,,,,,,,,,,,,,,,,,
1938-01-07,,,14.0,,,,,,,,,,,,,,,,,,,,,,,
1938-01-14,,,14.0,,,,,,,,,,,,,,,,,,,,,,,
1938-01-21,,,14.0,,,,,,,,,,,,,,,,,,,,,,,
1938-01-28,,,14.0,,,,,,,,,,,,,,,,,,,,,,,
1938-02-04,,,13.8,,,,,,,,,,,,,,,,,,,,,,,
1938-02-11,,,13.8,,,,,,,,,,,,,,,,,,,,,,,
1938-02-18,,,13.8,,,,,,,,,,,,,,,,,,,,,,,
1938-02-25,,,13.8,,,,,,,,,,,,,,,,,,,,,,,
1938-03-04,,,13.7,,,,,,,,,,,,,,,,,,,,,,,
1938-03-11,,,13.7,,,,,,,,,,,,,,,,,,,,,,,
1938-03-18,,,13.7,,,,,,,,,,,,,,,,,,,,,,,
1938-03-25,,,13.7,,,,,,,,,,,,,,,,,,,,,,,
1938-04-01,,,13.5,,,,,,,,,,,,,,,,,,,,,,,
1938-04-08,,,13.5,,,,,,,,,,,,,,,,,,,,,,,
1938-04-15,,,13.5,,,,,,,,,,,,,,,,,,,,,,,
1938-04-22,,,13.5,,,,,,,,,,,,,,,,,,,,,,,
1938-04-29,,,13.5,,,,,,,,,,,,,,,,,,,,,,,
1938-05-06,,,13.5,,,,,,,,,,,,,,,,,,,,,,,
1938-05-13,,,13.5,,,,,,,,,,,,,,,,,,,,,,,
1938-05-20,,,13.5,,,,,,,,,,,,,,,,,,,,,,,
1938-05-27,,,13.5,,,,,,,,,,,,,,,,,,,,,,,
1938-06-03,,,13.5,,,,,,,,,,,,,,,,,,,,,,,
1938-06-10,,,13.5,,,,,,,,,,,,,,,,,,,,,,,
1938-06-17,,,13.5,,,,,,,,,,,,,,,,,,,,,,,
1938-06-24,,,13.5,,,,,,,,,,,,,,,,,,,,,,,
1938-07-01,,,13.6,,,,,,,,,,,,,,,,,,,,,,,
1938-07-08,,,13.6,,,,,,,,,,,,,,,,,,,,,,,
1938-07-15,,,13.6,,,,,,,,,,,,,,,,,,,,,,,
1938-07-22,,,13.6,,,,,,,,,,,,,,,,,,,,,,,
1938-07-29,,,13.6,,,,,,,,,,,,,,,,,,,,,,,
1938-08-05,,,13.4,,,,,,,,,,,,,,,,,,,,,,,
1938-08-12,,,13.4,,,,,,,,,,,,,,,,,,,,,,,
1938-08-19,,,13.4,,,,,,,,,,,,,,,,,,,,,,,
1938-08-26,,,13.4,,,,,,,,,,,,,,,,,,,,,,,
1938-09-02,,,13.5,,,,,,,,,,,,,,,,,,,,,,,
1938-09-09,,,13.5,,,,,,,,,,,,,,,,,,,,,,,
1938-09-16,,,13.5,,,,,,,,,,,,,,,,,,,,,,,
1938-09-23,,,13.5,,,,,,,,,,,,,,,,,,,,,,,
1938-09-30,,,13.5,,,,,,,,,,,,,,,,,,,,,,,
1938-10-07,,,13.4,,,,,,,,,,,,,,,,,,,,,,,
1938-10-14,,,13.4,,,,,,,,,,,,,,,,,,,,,,,
1938-10-21,,,13.4,,,,,,,,,,,,,,,,,,,,,,,
1938-10-28,,,13.4,,,,,,,,,,,,,,,,,,,,,,,
1938-11-04,,,13.4,,,,,,,,,,,,,,,,,,,,,,,
1938-11-11,,,13.4,,,,,,,,,,,,,,,,,,,,,,,
1938-11-18,,,13.4,,,,,,,,,,,,,,,,,,,,,,,
1938-11-25,,,13.4,,,,,,,,,,,,,,,,,,,,,,,
1938-12-02,,,13.3,,,,,,,,,,,,,,,,,,,,,,,
1938-12-09,,,13.3,,,,,,,,,,,,,,,,,,,,,,,
1938-12-16,,,13.3,,,,,,,,,,,,,,,,,,,,,,,
1938-12-23,,,13.3,,,,,,,,,,,,,,,,,,,,,,,
1938-12-30,,,13.3,,,,,,,,,,,,,,,,,,,,,,,
1939-01-06,,,13.3,,,,,,,,,,,,,,,,,,,,,,,
1939-01-13,,,13.3,,,,,,,,,,,,,,,,,,,,,,,
1939-01-20,,,13.3,,,,,,,,,,,,,,,,,,,,,,,
1939-01-27,,,13.3,,,,,,,,,,,,,,,,,,,,,,,
1939-02-03,,,13.3,,,,,,,,,,,,,,,,,,,,,,,
1939-02-10,,,13.3,,,,,,,,,,,,,,,,,,,,,,,
1939-02-17,,,13.3,,,,,,,,,,,,,,,,,,,,,,,
1939-02-24,,,13.3,,,,,,,,,,,,,,,,,,,,,,,
1939-03-03,,,13.2,,,,,,,,,,,,,,,,,,,,,,,
1939-03-10,,,13.2,,,,,,,,,,,,,,,,,,,,,,,
1939-03-17,,,13.2,,,,,,,,,,,,,,,,,,,,,,,
1939-03-24,,,13.2,,,,,,,,,,,,,,,,,,,,,,,
1939-03-31,,,13.2,,,,,,,,,,,,,,,,,,,,,,,
1939-04-07,,,13.1,,,,,,,,,,,,,,,,,,,,,,,
1939-04-14,,,13.1,,,,,,,,,,,,,,,,,,,,,,,
1939-04-21,,,13.1,,,,,,,,,,,,,,,,,,,,,,,
1939-04-28,,,13.1,,,,,,,,,,,,,,,,,,,,,,,
1939-05-05,,,13.1,,,,,,,,,,,,,,,,,,,,,,,
1939-05-12,,,13.1,,,,,,,,,,,,,,,,,,,,,,,
1939-05-19,,,13.1,,,,,,,,,,,,,,,,,,,,,,,
1939-05-26,,,13.1,,,,,,,,,,,,,,,,,,,,,,,
1939-06-02,,,13.0,,,,,,,,,,,,,,,,,,,,,,,
1939-06-09,,,13.0,,,,,,,,,,,,,,,,,,,,,,,
1939-06-16,,,13.0,,,,,,,,,,,,,,,,,,,,,,,
1939-06-23,,,13.0,,,,,,,,,,,,,,,,,,,,,,,
1939-06-30,,,13.0,,,,,,,,,,,,,,,,,,,,,,,
1939-07-07,,,13.0,,,,,,,,,,,,,,,,,,,,,,,
1939-07-14,,,13.0,,,,,,,,,,,,,,,,,,,,,,,
1939-07-21,,,13.0,,,,,,,,,,,,,,,,,,,,,,,
1939-07-28,,,13.0,,,,,,,,,,,,,,,,,,,,,,,
1939-08-04,,,12.9,,,,,,,,,,,,,,,,,,,,,,,
1939-08-11,,,12.9,,,,,,,,,,,,,,,,,,,,,,,
1939-08-18,,,12.9,,,,,,,,,,,,,,,,,,,,,,,
1939-08-25,,,12.9,,,,,,,,,,,,,,,,,,,,,,,
1939-09-01,,,13.6,,,,,,,,,,,,,,,,,,,,,,,
1939-09-08,,,13.6,,,,,,,,,,,,,,,,,,,,,,,
1939-09-15,,,13.6,,,,,,,,,,,,,,,,,,,,,,,
1939-09-22,,,13.6,,,,,,,,,,,,,,,,,,,,,,,
1939-09-29,,,13.6,,,,,,,,,,,,,,,,,,,,,,,
1939-10-06,,,13.7,,,,,,,,,,,,,,,,,,,,,,,
1939-10-13,,,13.7,,,,,,,,,,,,,,,,,,,,,,,
1939-10-20,,,13.7,,,,,,,,,,,,,,,,,,,,,,,
1939-10-27,,,13.7,,,,,,,,,,,,,,,,,,,,,,,
1939-11-03,,,13.6,,,,,,,,,,,,,,,,,,,,,,,
1939-11-10,,,13.6,,,,,,,,,,,,,,,,,,,,,,,
1939-11-17,,,13.6,,,,,,,,,,,,,,,,,,,,,,,
1939-11-24,,,13.6,,,,,,,,,,,,,,,,,,,,,,,
1939-12-01,,,13.7,,,,,,,,,,,,,,,,,,,,,,,
1939-12-08,,,13.7,,,,,,,,,,,,,,,,,,,,,,,
1939-12-15,,,13.7,,,,,,,,,,,,,,,,,,,,,,,
1939-12-22,,,13.7,,,,,,,,,,,,,,,,,,,,,,,
1939-12-29,,,13.7,,,,,,,,,,,,,,,,,,,,,,,
1940-01-05,,,13.7,,,,,,,,,,,,,,,,,,,,,,,
1940-01-12,,,13.7,,,,,,,,,,,,,,,,,,,,,,,
1940-01-19,,,13.7,,,,,,,,,,,,,,,,,,,,,,,
1940-01-26,,,13.7,,,,,,,,,,,,,,,,,,,,,,,
1940-02-02,,,13.6,,,,,,,,,,,,,,,,,,,,,,,
1940-02-09,,,13.6,,,,,,,,,,,,,,,,,,,,,,,
1940-02-16,,,13.6,,,,,,,,,,,,,,,,,,,,,,,
1940-02-23,,,13.6,,,,,,,,,,,,,,,,,,,,,,,
1940-03-01,,,13.5,,,,,,,,,,,,,,,,,,,,,,,
1940-03-08,,,13.5,,,,,,,,,,,,,,,,,,,,,,,
1940-03-15,,,13.5,,,,,,,,,,,,,,,,,,,,,,,
1940-03-22,,,13.5,,,,,,,,,,,,,,,,,,,,,,,
1940-03-29,,,13.5,,,,,,,,,,,,,,,,,,,,,,,
1940-04-05,,,13.5,,,,,,,,,,,,,,,,,,,,,,,
1940-04-12,,,13.5,,,,,,,,,,,,,,,,,,,,,,,
1940-04-19,,,13.5,,,,,,,,,,,,,,,,,,,,,,,
1940-04-26,,,13.5,,,,,,,,,,,,,,,,,,,,,,,
1940-05-03,,,13.5,,,,,,,,,,,,,,,,,,,,,,,
1940-05-10,,,13.5,,,,,,,,,,,,,,,,,,,,,,,
1940-05-17,,,13.5,,,,,,,,,,,,,,,,,,,,,,,
1940-05-24,,,13.5,,,,,,,,,,,,,,,,,,,,,,,
1940-05-31,,,13.5,,,,,,,,,,,,,,,,,,,,,,,
1940-06-07,,,13.4,,,,,,,,,,,,,,,,,,,,,,,
1940-06-14,,,13.4,,,,,,,,,,,,,,,,,,,,,,,
1940-06-21,,,13.4,,,,,,,,,,,,,,,,,,,,,,,
1940-06-28,,,13.4,,,,,,,,,,,,,,,,,,,,,,,
1940-07-05,,,13.4,,,,,,,,,,,,,,,,,,,,,,,
1940-07-12,,,13.4,,,,,,,,,,,,,,,,,,,,,,,
1940-07-19,,,13.4,,,,,,,,,,,,,,,,,,,,,,,
1940-07-26,,,13.4,,,,,,,,,,,,,,,,,,,,,,,
1940-08-02,,,13.4,,,,,,,,,,,,,,,,,,,,,,,
1940-08-09,,,13.4,,,,,,,,,,,,,,,,,,,,,,,
1940-08-16,,,13.4,,,,,,,,,,,,,,,,,,,,,,,
1940-08-23,,,13.4,,,,,,,,,,,,,,,,,,,,,,,
1940-08-30,,,13.4,,,,,,,,,,,,,,,,,,,,,,,
1940-09-06,,,13.4,,,,,,,,,,,,,,,,,,,,,,,
1940-09-13,,,13.4,,,,,,,,,,,,,,,,,,,,,,,
1940-09-20,,,13.4,,,,,,,,,,,,,,,,,,,,,,,
1940-09-27,,,13.4,,,,,,,,,,,,,,,,,,,,,,,
1940-10-04,,,13.6,,,,,,,,,,,,,,,,,,,,,,,
1940-10-11,,,13.6,,,,,,,,,,,,,,,,,,,,,,,
1940-10-18,,,13.6,,,,,,,,,,,,,,,,,,,,,,,
1940-10-25,,,13.6,,,,,,,,,,,,,,,,,,,,,,,
1940-11-01,,,13.7,,,,,,,,,,,,,,,,,,,,,,,
1940-11-08,,,13.7,,,,,,,,,,,,,,,,,,,,,,,
1940-11-15,,,13.7,,,,,,,,,,,,,,,,,,,,,,,
1940-11-22,,,13.7,,,,,,,,,,,,,,,,,,,,,,,
1940-11-29,,,13.7,,,,,,,,,,,,,,,,,,,,,,,
1940-12-06,,,13.8,,,,,,,,,,,,,,,,,,,,,,,
1940-12-13,,,13.8,,,,,,,,,,,,,,,,,,,,,,,
1940-12-20,,,13.8,,,,,,,,,,,,,,,,,,,,,,,
1940-12-27,,,13.8,,,,,,,,,,,,,,,,,,,,,,,
1941-01-03,,,13.9,,,,,,,,,,,,,,,,,,,,,,,
1941-01-10,,,13.9,,,,,,,,,,,,,,,,,,,,,,,
1941-01-17,,,13.9,,,,,,,,,,,,,,,,,,,,,,,
1941-01-24,,,13.9,,,,,,,,,,,,,,,,,,,,,,,
1941-01-31,,,13.9,,,,,,,,,,,,,,,,,,,,,,,
1941-02-07,,,13.9,,,,,,,,,,,,,,,,,,,,,,,
1941-02-14,,,13.9,,,,,,,,,,,,,,,,,,,,,,,
1941-02-21,,,13.9,,,,,,,,,,,,,,,,,,,,,,,
1941-02-28,,,13.9,,,,,,,,,,,,,,,,,,,,,,,
1941-03-07,,,14.0,,,,,,,,,,,,,,,,,,,,,,,
1941-03-14,,,14.0,,,,,,,,,,,,,,,,,,,,,,,
1941-03-21,,,14.0,,,,,,,,,,,,,,,,,,,,,,,
1941-03-28,,,14.0,,,,,,,,,,,,,,,,,,,,,,,
1941-04-04,,,14.4,,,,,,,,,,,,,,,,,,,,,,,
1941-04-11,,,14.4,,,,,,,,,,,,,,,,,,,,,,,
1941-04-18,,,14.4,,,,,,,,,,,,,,,,,,,,,,,
1941-04-25,,,14.4,,,,,,,,,,,,,,,,,,,,,,,
1941-05-02,,,14.6,,,,,,,,,,,,,,,,,,,,,,,
1941-05-09,,,14.6,,,,,,,,,,,,,,,,,,,,,,,
1941-05-16,,,14.6,,,,,,,,,,,,,,,,,,,,,,,
1941-05-23,,,14.6,,,,,,,,,,,,,,,,,,,,,,,
1941-05-30,,,14.6,,,,,,,,,,,,,,,,,,,,,,,
1941-06-06,,,15.0,,,,,,,,,,,,,,,,,,,,,,,
1941-06-13,,,15.0,,,,,,,,,,,,,,,,,,,,,,,
1941-06-20,,,15.0,,,,,,,,,,,,,,,,,,,,,,,
1941-06-27,,,15.0,,,,,,,,,,,,,,,,,,,,,,,
1941-07-04,,,15.3,,,,,,,,,,,,,,,,,,,,,,,
1941-07-11,,,15.3,,,,,,,,,,,,,,,,,,,,,,,
1941-07-18,,,15.3,,,,,,,,,,,,,,,,,,,,,,,
1941-07-25,,,15.3,,,,,,,,,,,,,,,,,,,,,,,
1941-08-01,,,15.6,,,,,,,,,,,,,,,,,,,,,,,
1941-08-08,,,15.6,,,,,,,,,,,,,,,,,,,,,,,
1941-08-15,,,15.6,,,,,,,,,,,,,,,,,,,,,,,
1941-08-22,,,15.6,,,,,,,,,,,,,,,,,,,,,,,
1941-08-29,,,15.6,,,,,,,,,,,,,,,,,,,,,,,
1941-09-05,,,15.8,,,,,,,,,,,,,,,,,,,,,,,
1941-09-12,,,15.8,,,,,,,,,,,,,,,,,,,,,,,
1941-09-19,,,15.8,,,,,,,,,,,,,,,,,,,,,,,
1941-09-26,,,15.8,,,,,,,,,,,,,,,,,,,,,,,
1941-10-03,,,15.9,,,,,,,,,,,,,,,,,,,,,,,
1941-10-10,,,15.9,,,,,,,,,,,,,,,,,,,,,,,
1941-10-17,,,15.9,,,,,,,,,,,,,,,,,,,,,,,
1941-10-24,,,15.9,,,,,,,,,,,,,,,,,,,,,,,
1941-10-31,,,15.9,,,,,,,,,,,,,,,,,,,,,,,
1941-11-07,,,15.9,,,,,,,,,,,,,,,,,,,,,,,
1941-11-14,,,15.9,,,,,,,,,,,,,,,,,,,,,,,
1941-11-21,,,15.9,,,,,,,,,,,,,,,,,,,,,,,
1941-11-28,,,15.9,,,,,,,,,,,,,,,,,,,,,,,
1941-12-05,,,16.2,,,,,,,,,,,,,,,,,,,,,,,
1941-12-12,,,16.2,,,,,,,,,,,,,,,,,,,,,,,
1941-12-19,,,16.2,,,,,,,,,,,,,,,,,,,,,,,
1941-12-26,,,16.2,,,,,,,,,,,,,,,,,,,,,,,
1942-01-02,,,16.5,,,,,,,,,,,,,,,,,,,,,,,
1942-01-09,,,16.5,,,,,,,,,,,,,,,,,,,,,,,
1942-01-16,,,16.5,,,,,,,,,,,,,,,,,,,,,,,
1942-01-23,,,16.5,,,,,,,,,,,,,,,,,,,,,,,
1942-01-30,,,16.5,,,,,,,,,,,,,,,,,,,,,,,
1942-02-06,,,16.7,,,,,,,,,,,,,,,,,,,,,,,
1942-02-13,,,16.7,,,,,,,,,,,,,,,,,,,,,,,
1942-02-20,,,16.7,,,,,,,,,,,,,,,,,,,,,,,
1942-02-27,,,16.7,,,,,,,,,,,,,,,,,,,,,,,
1942-03-06,,,16.8,,,,,,,,,,,,,,,,,,,,,,,
1942-03-13,,,16.8,,,,,,,,,,,,,,,,,,,,,,,
1942-03-20,,,16.8,,,,,,,,,,,,,,,,,,,,,,,
1942-03-27,,,16.8,,,,,,,,,,,,,,,,,,,,,,,
1942-04-03,,,17.0,,,,,,,,,,,,,,,,,,,,,,,
1942-04-10,,,17.0,,,,,,,,,,,,,,,,,,,,,,,
1942-04-17,,,17.0,,,,,,,,,,,,,,,,,,,,,,,
1942-04-24,,,17.0,,,,,,,,,,,,,,,,,,,,,,,
1942-05-01,,,17.0,,,,,,,,,,,,,,,,,,,,,,,
1942-05-08,,,17.0,,,,,,,,,,,,,,,,,,,,,,,
1942-05-15,,,17.0,,,,,,,,,,,,,,,,,,,,,,,
1942-05-22,,,17.0,,,,,,,,,,,,,,,,,,,,,,,
1942-05-29,,,17.0,,,,,,,,,,,,,,,,,,,,,,,
1942-06-05,,,17.0,,,,,,,,,,,,,,,,,,,,,,,
1942-06-12,,,17.0,,,,,,,,,,,,,,,,,,,,,,,
1942-06-19,,,17.0,,,,,,,,,,,,,,,,,,,,,,,
1942-06-26,,,17.0,,,,,,,,,,,,,,,,,,,,,,,
1942-07-03,,,17.0,,,,,,,,,,,,,,,,,,,,,,,
1942-07-10,,,17.0,,,,,,,,,,,,,,,,,,,,,,,
1942-07-17,,,17.0,,,,,,,,,,,,,,,,,,,,,,,
1942-07-24,,,17.0,,,,,,,,,,,,,,,,,,,,,,,
1942-07-31,,,17.0,,,,,,,,,,,,,,,,,,,,,,,
1942-08-07,,,17.1,,,,,,,,,,,,,,,,,,,,,,,
1942-08-14,,,17.1,,,,,,,,,,,,,,,,,,,,,,,
1942-08-21,,,17.1,,,,,,,,,,,,,,,,,,,,,,,
1942-08-28,,,17.1,,,,,,,,,,,,,,,,,,,,,,,
1942-09-04,,,17.2,,,,,,,,,,,,,,,,,,,,,,,
1942-09-11,,,17.2,,,,,,,,,,,,,,,,,,,,,,,
1942-09-18,,,17.2,,,,,,,,,,,,,,,,,,,,,,,
1942-09-25,,,17.2,,,,,,,,,,,,,,,,,,,,,,,
1942-10-02,,,17.2,,,,,,,,,,,,,,,,,,,,,,,
1942-10-09,,,17.2,,,,,,,,,,,,,,,,,,,,,,,
1942-10-16,,,17.2,,,,,,,,,,,,,,,,,,,,,,,
1942-10-23,,,17.2,,,,,,,,,,,,,,,,,,,,,,,
1942-10-30,,,17.2,,,,,,,,,,,,,,,,,,,,,,,
1942-11-06,,,17.3,,,,,,,,,,,,,,,,,,,,,,,
1942-11-13,,,17.3,,,,,,,,,,,,,,,,,,,,,,,
1942-11-20,,,17.3,,,,,,,,,,,,,,,,,,,,,,,
1942-11-27,,,17.3,,,,,,,,,,,,,,,,,,,,,,,
1942-12-04,,,17.4,,,,,,,,,,,,,,,,,,,,,,,
1942-12-11,,,17.4,,,,,,,,,,,,,,,,,,,,,,,
1942-12-18,,,17.4,,,,,,,,,,,,,,,,,,,,,,,
1942-12-25,,,17.4,,,,,,,,,,,,,,,,,,,,,,,
1943-01-01,,,17.5,,,,,,,,,,,,,,,,,,,,,,,
1943-01-08,,,17.5,,,,,,,,,,,,,,,,,,,,,,,
1943-01-15,,,17.5,,,,,,,,,,,,,,,,,,,,,,,
1943-01-22,,,17.5,,,,,,,,,,,,,,,,,,,,,,,
1943-01-29,,,17.5,,,,,,,,,,,,,,,,,,,,,,,
1943-02-05,,,17.7,,,,,,,,,,,,,,,,,,,,,,,
1943-02-12,,,17.7,,,,,,,,,,,,,,,,,,,,,,,
1943-02-19,,,17.7,,,,,,,,,,,,,,,,,,,,,,,
1943-02-26,,,17.7,,,,,,,,,,,,,,,,,,,,,,,
1943-03-05,,,17.8,,,,,,,,,,,,,,,,,,,,,,,
1943-03-12,,,17.8,,,,,,,,,,,,,,,,,,,,,,,
1943-03-19,,,17.8,,,,,,,,,,,,,,,,,,,,,,,
1943-03-26,,,17.8,,,,,,,,,,,,,,,,,,,,,,,
1943-04-02,,,17.9,,,,,,,,,,,,,,,,,,,,,,,
1943-04-09,,,17.9,,,,,,,,,,,,,,,,,,,,,,,
1943-04-16,,,17.9,,,,,,,,,,,,,,,,,,,,,,,
1943-04-23,,,17.9,,,,,,,,,,,,,,,,,,,,,,,
1943-04-30,,,17.9,,,,,,,,,,,,,,,,,,,,,,,
1943-05-07,,,17.9,,,,,,,,,,,,,,,,,,,,,,,
1943-05-14,,,17.9,,,,,,,,,,,,,,,,,,,,,,,
1943-05-21,,,17.9,,,,,,,,,,,,,,,,,,,,,,,
1943-05-28,,,17.9,,,,,,,,,,,,,,,,,,,,,,,
1943-06-04,,,17.9,,,,,,,,,,,,,,,,,,,,,,,
1943-06-11,,,17.9,,,,,,,,,,,,,,,,,,,,,,,
1943-06-18,,,17.9,,,,,,,,,,,,,,,,,,,,,,,
1943-06-25,,,17.9,,,,,,,,,,,,,,,,,,,,,,,
1943-07-02,,,17.8,,,,,,,,,,,,,,,,,,,,,,,
1943-07-09,,,17.8,,,,,,,,,,,,,,,,,,,,,,,
1943-07-16,,,17.8,,,,,,,,,,,,,,,,,,,,,,,
1943-07-23,,,17.8,,,,,,,,,,,,,,,,,,,,,,,
1943-07-30,,,17.8,,,,,,,,,,,,,,,,,,,,,,,
1943-08-06,,,17.8,,,,,,,,,,,,,,,,,,,,,,,
1943-08-13,,,17.8,,,,,,,,,,,,,,,,,,,,,,,
1943-08-20,,,17.8,,,,,,,,,,,,,,,,,,,,,,,
1943-08-27,,,17.8,,,,,,,,,,,,,,,,,,,,,,,
1943-09-03,,,17.8,,,,,,,,,,,,,,,,,,,,,,,
1943-09-10,,,17.8,,,,,,,,,,,,,,,,,,,,,,,
1943-09-17,,,17.8,,,,,,,,,,,,,,,,,,,,,,,
1943-09-24,,,17.8,,,,,,,,,,,,,,,,,,,,,,,
1943-10-01,,,17.8,,,,,,,,,,,,,,,,,,,,,,,
1943-10-08,,,17.8,,,,,,,,,,,,,,,,,,,,,,,
1943-10-15,,,17.8,,,,,,,,,,,,,,,,,,,,,,,
1943-10-22,,,17.8,,,,,,,,,,,,,,,,,,,,,,,
1943-10-29,,,17.8,,,,,,,,,,,,,,,,,,,,,,,
1943-11-05,,,17.7,,,,,,,,,,,,,,,,,,,,,,,
1943-11-12,,,17.7,,,,,,,,,,,,,,,,,,,,,,,
1943-11-19,,,17.7,,,,,,,,,,,,,,,,,,,,,,,
1943-11-26,,,17.7,,,,,,,,,,,,,,,,,,,,,,,
1943-12-03,,,17.8,,,,,,,,,,,,,,,,,,,,,,,
1943-12-10,,,17.8,,,,,,,,,,,,,,,,,,,,,,,
1943-12-17,,,17.8,,,,,,,,,,,,,,,,,,,,,,,
1943-12-24,,,17.8,,,,,,,,,,,,,,,,,,,,,,,
1943-12-31,,,17.8,,,,,,,,,,,,,,,,,,,,,,,
1944-01-07,,,17.8,,,,,,,,,,,,,,,,,,,,,,,
1944-01-14,,,17.8,,,,,,,,,,,,,,,,,,,,,,,
1944-01-21,,,17.8,,,,,,,,,,,,,,,,,,,,,,,
1944-01-28,,,17.8,,,,,,,,,,,,,,,,,,,,,,,
1944-02-04,,,17.8,,,,,,,,,,,,,,,,,,,,,,,
1944-02-11,,,17.8,,,,,,,,,,,,,,,,,,,,,,,
1944-02-18,,,17.8,,,,,,,,,,,,,,,,,,,,,,,
1944-02-25,,,17.8,,,,,,,,,,,,,,,,,,,,,,,
1944-03-03,,,17.9,,,,,,,,,,,,,,,,,,,,,,,
1944-03-10,,,17.9,,,,,,,,,,,,,,,,,,,,,,,
1944-03-17,,,17.9,,,,,,,,,,,,,,,,,,,,,,,
1944-03-24,,,17.9,,,,,,,,,,,,,,,,,,,,,,,
1944-03-31,,,17.9,,,,,,,,,,,,,,,,,,,,,,,
1944-04-07,,,17.9,,,,,,,,,,,,,,,,,,,,,,,
1944-04-14,,,17.9,,,,,,,,,,,,,,,,,,,,,,,
1944-04-21,,,17.9,,,,,,,,,,,,,,,,,,,,,,,
1944-04-28,,,17.9,,,,,,,,,,,,,,,,,,,,,,,
1944-05-05,,,17.9,,,,,,,,,,,,,,,,,,,,,,,
1944-05-12,,,17.9,,,,,,,,,,,,,,,,,,,,,,,
1944-05-19,,,17.9,,,,,,,,,,,,,,,,,,,,,,,
1944-05-26,,,17.9,,,,,,,,,,,,,,,,,,,,,,,
1944-06-02,,,18.0,,,,,,,,,,,,,,,,,,,,,,,
1944-06-09,,,18.0,,,,,,,,,,,,,,,,,,,,,,,
1944-06-16,,,18.0,,,,,,,,,,,,,,,,,,,,,,,
1944-06-23,,,18.0,,,,,,,,,,,,,,,,,,,,,,,
1944-06-30,,,18.0,,,,,,,,,,,,,,,,,,,,,,,
1944-07-07,,,17.9,,,,,,,,,,,,,,,,,,,,,,,
1944-07-14,,,17.9,,,,,,,,,,,,,,,,,,,,,,,
1944-07-21,,,17.9,,,,,,,,,,,,,,,,,,,,,,,
1944-07-28,,,17.9,,,,,,,,,,,,,,,,,,,,,,,
1944-08-04,,,17.9,,,,,,,,,,,,,,,,,,,,,,,
1944-08-11,,,17.9,,,,,,,,,,,,,,,,,,,,,,,
1944-08-18,,,17.9,,,,,,,,,,,,,,,,,,,,,,,
1944-08-25,,,17.9,,,,,,,,,,,,,,,,,,,,,,,
1944-09-01,,,17.9,,,,,,,,,,,,,,,,,,,,,,,
1944-09-08,,,17.9,,,,,,,,,,,,,,,,,,,,,,,
1944-09-15,,,17.9,,,,,,,,,,,,,,,,,,,,,,,
1944-09-22,,,17.9,,,,,,,,,,,,,,,,,,,,,,,
1944-09-29,,,17.9,,,,,,,,,,,,,,,,,,,,,,,
1944-10-06,,,17.9,,,,,,,,,,,,,,,,,,,,,,,
1944-10-13,,,17.9,,,,,,,,,,,,,,,,,,,,,,,
1944-10-20,,,17.9,,,,,,,,,,,,,,,,,,,,,,,
1944-10-27,,,17.9,,,,,,,,,,,,,,,,,,,,,,,
1944-11-03,,,18.0,,,,,,,,,,,,,,,,,,,,,,,
1944-11-10,,,18.0,,,,,,,,,,,,,,,,,,,,,,,
1944-11-17,,,18.0,,,,,,,,,,,,,,,,,,,,,,,
1944-11-24,,,18.0,,,,,,,,,,,,,,,,,,,,,,,
1944-12-01,,,18.0,,,,,,,,,,,,,,,,,,,,,,,
1944-12-08,,,18.0,,,,,,,,,,,,,,,,,,,,,,,
1944-12-15,,,18.0,,,,,,,,,,,,,,,,,,,,,,,
1944-12-22,,,18.0,,,,,,,,,,,,,,,,,,,,,,,
1944-12-29,,,18.0,,,,,,,,,,,,,,,,,,,,,,,
1945-01-05,,,18.1,,,,,,,,,,,,,,,,,,,,,,,
1945-01-12,,,18.1,,,,,,,,,,,,,,,,,,,,,,,
1945-01-19,,,18.1,,,,,,,,,,,,,,,,,,,,,,,
1945-01-26,,,18.1,,,,,,,,,,,,,,,,,,,,,,,
1945-02-02,,,18.1,,,,,,,,,,,,,,,,,,,,,,,
1945-02-09,,,18.1,,,,,,,,,,,,,,,,,,,,,,,
1945-02-16,,,18.1,,,,,,,,,,,,,,,,,,,,,,,
1945-02-23,,,18.1,,,,,,,,,,,,,,,,,,,,,,,
1945-03-02,,,18.1,,,,,,,,,,,,,,,,,,,,,,,
1945-03-09,,,18.1,,,,,,,,,,,,,,,,,,,,,,,
1945-03-16,,,18.1,,,,,,,,,,,,,,,,,,,,,,,
1945-03-23,,,18.1,,,,,,,,,,,,,,,,,,,,,,,
1945-03-30,,,18.1,,,,,,,,,,,,,,,,,,,,,,,
1945-04-06,,,18.2,,,,,,,,,,,,,,,,,,,,,,,
1945-04-13,,,18.2,,,,,,,,,,,,,,,,,,,,,,,
1945-04-20,,,18.2,,,,,,,,,,,,,,,,,,,,,,,
1945-04-27,,,18.2,,,,,,,,,,,,,,,,,,,,,,,
1945-05-04,,,18.3,,,,,,,,,,,,,,,,,,,,,,,
1945-05-11,,,18.3,,,,,,,,,,,,,,,,,,,,,,,
1945-05-18,,,18.3,,,,,,,,,,,,,,,,,,,,,,,
1945-05-25,,,18.3,,,,,,,,,,,,,,,,,,,,,,,
1945-06-01,,,18.3,,,,,,,,,,,,,,,,,,,,,,,
1945-06-08,,,18.3,,,,,,,,,,,,,,,,,,,,,,,
1945-06-15,,,18.3,,,,,,,,,,,,,,,,,,,,,,,
1945-06-22,,,18.3,,,,,,,,,,,,,,,,,,,,,,,
1945-06-29,,,18.3,,,,,,,,,,,,,,,,,,,,,,,
1945-07-06,,,18.3,,,,,,,,,,,,,,,,,,,,,,,
1945-07-13,,,18.3,,,,,,,,,,,,,,,,,,,,,,,
1945-07-20,,,18.3,,,,,,,,,,,,,,,,,,,,,,,
1945-07-27,,,18.3,,,,,,,,,,,,,,,,,,,,,,,
1945-08-03,,,18.2,,,,,,,,,,,,,,,,,,,,,,,
1945-08-10,,,18.2,,,,,,,,,,,,,,,,,,,,,,,
1945-08-17,,,18.2,,,,,,,,,,,,,,,,,,,,,,,
1945-08-24,,,18.2,,,,,,,,,,,,,,,,,,,,,,,
1945-08-31,,,18.2,,,,,,,,,,,,,,,,,,,,,,,
1945-09-07,,,18.1,,,,,,,,,,,,,,,,,,,,,,,
1945-09-14,,,18.1,,,,,,,,,,,,,,,,,,,,,,,
1945-09-21,,,18.1,,,,,,,,,,,,,,,,,,,,,,,
1945-09-28,,,18.1,,,,,,,,,,,,,,,,,,,,,,,
1945-10-05,,,18.2,,,,,,,,,,,,,,,,,,,,,,,
1945-10-12,,,18.2,,,,,,,,,,,,,,,,,,,,,,,
1945-10-19,,,18.2,,,,,,,,,,,,,,,,,,,,,,,
1945-10-26,,,18.2,,,,,,,,,,,,,,,,,,,,,,,
1945-11-02,,,18.4,,,,,,,,,,,,,,,,,,,,,,,
1945-11-09,,,18.4,,,,,,,,,,,,,,,,,,,,,,,
1945-11-16,,,18.4,,,,,,,,,,,,,,,,,,,,,,,
1945-11-23,,,18.4,,,,,,,,,,,,,,,,,,,,,,,
1945-11-30,,,18.4,,,,,,,,,,,,,,,,,,,,,,,
1945-12-07,,,18.4,,,,,,,,,,,,,,,,,,,,,,,
1945-12-14,,,18.4,,,,,,,,,,,,,,,,,,,,,,,
1945-12-21,,,18.4,,,,,,,,,,,,,,,,,,,,,,,
1945-12-28,,,18.4,,,,,,,,,,,,,,,,,,,,,,,
1946-01-04,,,18.4,,,,,,,,,,,,,,,,,,,,,,,
1946-01-11,,,18.4,,,,,,,,,,,,,,,,,,,,,,,
1946-01-18,,,18.4,,,,,,,,,,,,,,,,,,,,,,,
1946-01-25,,,18.4,,,,,,,,,,,,,,,,,,,,,,,
1946-02-01,,,18.5,,,,,,,,,,,,,,,,,,,,,,,
1946-02-08,,,18.5,,,,,,,,,,,,,,,,,,,,,,,
1946-02-15,,,18.5,,,,,,,,,,,,,,,,,,,,,,,
1946-02-22,,,18.5,,,,,,,,,,,,,,,,,,,,,,,
1946-03-01,,,18.8,,,,,,,,,,,,,,,,,,,,,,,
1946-03-08,,,18.8,,,,,,,,,,,,,,,,,,,,,,,
1946-03-15,,,18.8,,,,,,,,,,,,,,,,,,,,,,,
1946-03-22,,,18.8,,,,,,,,,,,,,,,,,,,,,,,
1946-03-29,,,18.8,,,,,,,,,,,,,,,,,,,,,,,
1946-04-05,,,19.0,,,,,,,,,,,,,,,,,,,,,,,
1946-04-12,,,19.0,,,,,,,,,,,,,,,,,,,,,,,
1946-04-19,,,19.0,,,,,,,,,,,,,,,,,,,,,,,
1946-04-26,,,19.0,,,,,,,,,,,,,,,,,,,,,,,
1946-05-03,,,19.1,,,,,,,,,,,,,,,,,,,,,,,
1946-05-10,,,19.1,,,,,,,,,,,,,,,,,,,,,,,
1946-05-17,,,19.1,,,,,,,,,,,,,,,,,,,,,,,
1946-05-24,,,19.1,,,,,,,,,,,,,,,,,,,,,,,
1946-05-31,,,19.1,,,,,,,,,,,,,,,,,,,,,,,
1946-06-07,,,19.4,,,,,,,,,,,,,,,,,,,,,,,
1946-06-14,,,19.4,,,,,,,,,,,,,,,,,,,,,,,
1946-06-21,,,19.4,,,,,,,,,,,,,,,,,,,,,,,
1946-06-28,,,19.4,,,,,,,,,,,,,,,,,,,,,,,
1946-07-05,,,21.5,,,,,,,,,,,,,,,,,,,,,,,
1946-07-12,,,21.5,,,,,,,,,,,,,,,,,,,,,,,
1946-07-19,,,21.5,,,,,,,,,,,,,,,,,,,,,,,
1946-07-26,,,21.5,,,,,,,,,,,,,,,,,,,,,,,
1946-08-02,,,22.2,,,,,,,,,,,,,,,,,,,,,,,
1946-08-09,,,22.2,,,,,,,,,,,,,,,,,,,,,,,
1946-08-16,,,22.2,,,,,,,,,,,,,,,,,,,,,,,
1946-08-23,,,22.2,,,,,,,,,,,,,,,,,,,,,,,
1946-08-30,,,22.2,,,,,,,,,,,,,,,,,,,,,,,
1946-09-06,,,21.4,,,,,,,,,,,,,,,,,,,,,,,
1946-09-13,,,21.4,,,,,,,,,,,,,,,,,,,,,,,
1946-09-20,,,21.4,,,,,,,,,,,,,,,,,,,,,,,
1946-09-27,,,21.4,,,,,,,,,,,,,,,,,,,,,,,
1946-10-04,,,23.1,,,,,,,,,,,,,,,,,,,,,,,
1946-10-11,,,23.1,,,,,,,,,,,,,,,,,,,,,,,
1946-10-18,,,23.1,,,,,,,,,,,,,,,,,,,,,,,
1946-10-25,,,23.1,,,,,,,,,,,,,,,,,,,,,,,
1946-11-01,,,24.1,,,,,,,,,,,,,,,,,,,,,,,
1946-11-08,,,24.1,,,,,,,,,,,,,,,,,,,,,,,
1946-11-15,,,24.1,,,,,,,,,,,,,,,,,,,,,,,
1946-11-22,,,24.1,,,,,,,,,,,,,,,,,,,,,,,
1946-11-29,,,24.1,,,,,,,,,,,,,,,,,,,,,,,
1946-12-06,,,24.3,,,,,,,,,,,,,,,,,,,,,,,
1946-12-13,,,24.3,,,,,,,,,,,,,,,,,,,,,,,
1946-12-20,,,24.3,,,,,,,,,,,,,,,,,,,,,,,
1946-12-27,,,24.3,,,,,,,,,,,,,,,,,,,,,,,
1947-01-03,21.48,,24.5,,,,,,,,,,,,,,,,,,,,,,,
1947-01-10,21.48,,24.5,,,,,,,,,,,,,,,,,,,,,,,
1947-01-17,21.48,,24.5,,,,,,,,,,,,,,,,,,,,,,,
1947-01-24,21.48,,24.5,,,,,,,,,,,,,,,,,,,,,,,
1947-01-31,21.48,,24.5,,,,,,,,,,,,,,,,,,,,,,,
1947-02-07,21.62,,24.7,,,,,,,,,,,,,,,,,,,,,,,
1947-02-14,21.62,,24.7,,,,,,,,,,,,,,,,,,,,,,,
1947-02-21,21.62,,24.7,,,,,,,,,,,,,,,,,,,,,,,
1947-02-28,21.62,,24.7,,,,,,,,,,,,,,,,,,,,,,,
1947-03-07,22.0,,25.3,,,,,,,,,,,,,,,,,,,,,,,
1947-03-14,22.0,,25.3,,,,,,,,,,,,,,,,,,,,,,,
1947-03-21,22.0,,25.3,,,,,,,,,,,,,,,,,,,,,,,
1947-03-28,22.0,,25.3,,,,,,,,,,,,,,,,,,,,,,,
1947-04-04,22.0,,25.1,,,,,,,,,,,,,,,,,,,,,,,
1947-04-11,22.0,,25.1,,,,,,,,,,,,,,,,,,,,,,,
1947-04-18,22.0,,25.1,,,,,,,,,,,,,,,,,,,,,,,
1947-04-25,22.0,,25.1,,,,,,,,,,,,,,,,,,,,,,,
1947-05-02,21.95,,25.0,,,,,,,,,,,,,,,,,,,,,,,
1947-05-09,21.95,,25.0,,,,,,,,,,,,,,,,,,,,,,,
1947-05-16,21.95,,25.0,,,,,,,,,,,,,,,,,,,,,,,
1947-05-23,21.95,,25.0,,,,,,,,,,,,,,,,,,,,,,,
1947-05-30,21.95,,25.0,,,,,,,,,,,,,,,,,,,,,,,
1947-06-06,22.08,,25.0,,,,,,,,,,,,,,,,,,,,,,,
1947-06-13,22.08,,25.0,,,,,,,,,,,,,,,,,,,,,,,
1947-06-20,22.08,,25.0,,,,,,,,,,,,,,,,,,,,,,,
1947-06-27,22.08,,25.0,,,,,,,,,,,,,,,,,,,,,,,
1947-07-04,22.23,,25.3,,,,,,,,,,,,,,,,,,,,,,,
1947-07-11,22.23,,25.3,,,,,,,,,,,,,,,,,,,,,,,
1947-07-18,22.23,,25.3,,,,,,,,,,,,,,,,,,,,,,,
1947-07-25,22.23,,25.3,,,,,,,,,,,,,,,,,,,,,,,
1947-08-01,22.4,,25.6,,,,,,,,,,,,,,,,,,,,,,,
1947-08-08,22.4,,25.6,,,,,,,,,,,,,,,,,,,,,,,
1947-08-15,22.4,,25.6,,,,,,,,,,,,,,,,,,,,,,,
1947-08-22,22.4,,25.6,,,,,,,,,,,,,,,,,,,,,,,
1947-08-29,22.4,,25.6,,,,,,,,,,,,,,,,,,,,,,,
1947-09-05,22.84,,26.1,,,,,,,,,,,,,,,,,,,,,,,
1947-09-12,22.84,,26.1,,,,,,,,,,,,,,,,,,,,,,,
1947-09-19,22.84,,26.1,,,,,,,,,,,,,,,,,,,,,,,
1947-09-26,22.84,,26.1,,,,,,,,,,,,,,,,,,,,,,,
1947-10-03,22.91,,26.4,,,,,,,,,,,,,,,,,,,,,,,
1947-10-10,22.91,,26.4,,,,,,,,,,,,,,,,,,,,,,,
1947-10-17,22.91,,26.4,,,,,,,,,,,,,,,,,,,,,,,
1947-10-24,22.91,,26.4,,,,,,,,,,,,,,,,,,,,,,,
1947-10-31,22.91,,26.4,,,,,,,,,,,,,,,,,,,,,,,
1947-11-07,23.06,,26.7,,,,,,,,,,,,,,,,,,,,,,,
1947-11-14,23.06,,26.7,,,,,,,,,,,,,,,,,,,,,,,
1947-11-21,23.06,,26.7,,,,,,,,,,,,,,,,,,,,,,,
1947-11-28,23.06,,26.7,,,,,,,,,,,,,,,,,,,,,,,
1947-12-05,23.41,,27.2,,,,,,,,,,,,,,,,,,,,,,,
1947-12-12,23.41,,27.2,,,,,,,,,,,,,,,,,,,,,,,
1947-12-19,23.41,,27.2,,,,,,,,,,,,,,,,,,,,,,,
1947-12-26,23.41,,27.2,,,,,,,,,,,,,,,,,,,,,,,
1948-01-02,23.68,,27.7,,,3.4,,,,,,,,,,,,,,,,,,,,
1948-01-09,23.68,,27.7,,,3.4,,,,,,,,,,,,,,,,,,,,
1948-01-16,23.68,,27.7,,,3.4,,,,,,,,,,,,,,,,,,,,
1948-01-23,23.68,,27.7,,,3.4,,,,,,,,,,,,,,,,,,,,
1948-01-30,23.68,,27.7,,,3.4,,,,,,,,,,,,,,,,,,,,
1948-02-06,23.67,,27.2,,,3.8,,,,,,,,,,,,,,,,,,,,
1948-02-13,23.67,,27.2,,,3.8,,,,,,,,,,,,,,,,,,,,
1948-02-20,23.67,,27.2,,,3.8,,,,,,,,,,,,,,,,,,,,
1948-02-27,23.67,,27.2,,,3.8,,,,,,,,,,,,,,,,,,,,
1948-03-05,23.5,,27.2,,,4.0,,,,,,,,,,,,,,,,,,,,
1948-03-12,23.5,,27.2,,,4.0,,,,,,,,,,,,,,,,,,,,
1948-03-19,23.5,,27.2,,,4.0,,,,,,,,,,,,,,,,,,,,
1948-03-26,23.5,,27.2,,,4.0,,,,,,,,,,,,,,,,,,,,
1948-04-02,23.82,,27.4,,,3.9,,,,,,,,,,,,,,,,,,,,
1948-04-09,23.82,,27.4,,,3.9,,,,,,,,,,,,,,,,,,,,
1948-04-16,23.82,,27.4,,,3.9,,,,,,,,,,,,,,,,,,,,
1948-04-23,23.82,,27.4,,,3.9,,,,,,,,,,,,,,,,,,,,
1948-04-30,23.82,,27.4,,,3.9,,,,,,,,,,,,,,,,,,,,
1948-05-07,24.01,,27.5,,,3.5,,,,,,,,,,,,,,,,,,,,
1948-05-14,24.01,,27.5,,,3.5,,,,,,,,,,,,,,,,,,,,
1948-05-21,24.01,,27.5,,,3.5,,,,,,,,,,,,,,,,,,,,
1948-05-28,24.01,,27.5,,,3.5,,,,,,,,,,,,,,,,,,,,
1948-06-04,24.15,,27.7,,,3.6,,,,,,,,,,,,,,,,,,,,
1948-06-11,24.15,,27.7,,,3.6,,,,,,,,,,,,,,,,,,,,
1948-06-18,24.15,,27.7,,,3.6,,,,,,,,,,,,,,,,,,,,
1948-06-25,24.15,,27.7,,,3.6,,,,,,,,,,,,,,,,,,,,
1948-07-02,24.4,,28.0,,,3.6,,,,,,,,,,,,,,,,,,,,
1948-07-09,24.4,,28.0,,,3.6,,,,,,,,,,,,,,,,,,,,
1948-07-16,24.4,,28.0,,,3.6,,,,,,,,,,,,,,,,,,,,
1948-07-23,24.4,,28.0,,,3.6,,,,,,,,,,,,,,,,,,,,
1948-07-30,24.4,,28.0,,,3.6,,,,,,,,,,,,,,,,,,,,
1948-08-06,24.43,,28.2,,,3.9,,,,,,,,,,,,,,,,,,,,
1948-08-13,24.43,,28.2,,,3.9,,,,,,,,,,,,,,,,,,,,
1948-08-20,24.43,,28.2,,,3.9,,,,,,,,,,,,,,,,,,,,
1948-08-27,24.43,,28.2,,,3.9,,,,,,,,,,,,,,,,,,,,
1948-09-03,24.36,,28.1,,,3.8,,,,,,,,,,,,,,,,,,,,
1948-09-10,24.36,,28.1,,,3.8,,,,,,,,,,,,,,,,,,,,
1948-09-17,24.36,,28.1,,,3.8,,,,,,,,,,,,,,,,,,,,
1948-09-24,24.36,,28.1,,,3.8,,,,,,,,,,,,,,,,,,,,
1948-10-01,24.31,,27.8,,,3.7,,,,,,,,,,,,,,,,,,,,
1948-10-08,24.31,,27.8,,,3.7,,,,,,,,,,,,,,,,,,,,
1948-10-15,24.31,,27.8,,,3.7,,,,,,,,,,,,,,,,,,,,
1948-10-22,24.31,,27.8,,,3.7,,,,,,,,,,,,,,,,,,,,
1948-10-29,24.31,,27.8,,,3.7,,,,,,,,,,,,,,,,,,,,
1948-11-05,24.16,,27.8,,,3.8,,,,,,,,,,,,,,,,,,,,
1948-11-12,24.16,,27.8,,,3.8,,,,,,,,,,,,,,,,,,,,
1948-11-19,24.16,,27.8,,,3.8,,,,,,,,,,,,,,,,,,,,
1948-11-26,24.16,,27.8,,,3.8,,,,,,,,,,,,,,,,,,,,
1948-12-03,24.05,,27.6,,,4.0,,,,,,,,,,,,,,,,,,,,
1948-12-10,24.05,,27.6,,,4.0,,,,,,,,,,,,,,,,,,,,
1948-12-17,24.05,,27.6,,,4.0,,,,,,,,,,,,,,,,,,,,
1948-12-24,24.05,,27.6,,,4.0,,,,,,,,,,,,,,,,,,,,
1948-12-31,24.05,,27.6,,,4.0,,,,,,,,,,,,,,,,,,,,
1949-01-07,24.01,,27.3,,,4.3,,,,,,,,,,,,,,,,,,,,
1949-01-14,24.01,,27.3,,,4.3,,,,,,,,,,,,,,,,,,,,
1949-01-21,24.01,,27.3,,,4.3,,,,,,,,,,,,,,,,,,,,
1949-01-28,24.01,,27.3,,,4.3,,,,,,,,,,,,,,,,,,,,
1949-02-04,23.91,,26.8,,,4.7,,,,,,,,,,,,,,,,,,,,
1949-02-11,23.91,,26.8,,,4.7,,,,,,,,,,,,,,,,,,,,
1949-02-18,23.91,,26.8,,,4.7,,,,,,,,,,,,,,,,,,,,
1949-02-25,23.91,,26.8,,,4.7,,,,,,,,,,,,,,,,,,,,
1949-03-04,23.91,,26.8,,,5.0,,,,,,,,,,,,,,,,,,,,
1949-03-11,23.91,,26.8,,,5.0,,,,,,,,,,,,,,,,,,,,
1949-03-18,23.91,,26.8,,,5.0,,,,,,,,,,,,,,,,,,,,
1949-03-25,23.91,,26.8,,,5.0,,,,,,,,,,,,,,,,,,,,
1949-04-01,23.92,,26.5,,,5.3,,,,,,,,,,,,,,,,,,,,
1949-04-08,23.92,,26.5,,,5.3,,,,,,,,,,,,,,,,,,,,
1949-04-15,23.92,,26.5,,,5.3,,,,,,,,,,,,,,,,,,,,
1949-04-22,23.92,,26.5,,,5.3,,,,,,,,,,,,,,,,,,,,
1949-04-29,23.92,,26.5,,,5.3,,,,,,,,,,,,,,,,,,,,
1949-05-06,23.91,,26.3,,,6.1,,,,,,,,,,,,,,,,,,,,
1949-05-13,23.91,,26.3,,,6.1,,,,,,,,,,,,,,,,,,,,
1949-05-20,23.91,,26.3,,,6.1,,,,,,,,,,,,,,,,,,,,
1949-05-27,23.91,,26.3,,,6.1,,,,,,,,,,,,,,,,,,,,
1949-06-03,23.92,,26.0,,,6.2,,,,,,,,,,,,,,,,,,,,
1949-06-10,23.92,,26.0,,,6.2,,,,,,,,,,,,,,,,,,,,
1949-06-17,23.92,,26.0,,,6.2,,,,,,,,,,,,,,,,,,,,
1949-06-24,23.92,,26.0,,,6.2,,,,,,,,,,,,,,,,,,,,
1949-07-01,23.7,,26.0,,,6.7,,,,,,,,,,,,,,,,,,,,
1949-07-08,23.7,,26.0,,,6.7,,,,,,,,,,,,,,,,,,,,
1949-07-15,23.7,,26.0,,,6.7,,,,,,,,,,,,,,,,,,,,
1949-07-22,23.7,,26.0,,,6.7,,,,,,,,,,,,,,,,,,,,
1949-07-29,23.7,,26.0,,,6.7,,,,,,,,,,,,,,,,,,,,
1949-08-05,23.7,,26.0,,,6.8,,,,,,,,,,,,,,,,,,,,
1949-08-12,23.7,,26.0,,,6.8,,,,,,,,,,,,,,,,,,,,
1949-08-19,23.7,,26.0,,,6.8,,,,,,,,,,,,,,,,,,,,
1949-08-26,23.7,,26.0,,,6.8,,,,,,,,,,,,,,,,,,,,
1949-09-02,23.75,,26.1,,,6.6,,,,,,,,,,,,,,,,,,,,
1949-09-09,23.75,,26.1,,,6.6,,,,,,,,,,,,,,,,,,,,
1949-09-16,23.75,,26.1,,,6.6,,,,,,,,,,,,,,,,,,,,
1949-09-23,23.75,,26.1,,,6.6,,,,,,,,,,,,,,,,,,,,
1949-09-30,23.75,,26.1,,,6.6,,,,,,,,,,,,,,,,,,,,
1949-10-07,23.67,,26.0,,,7.9,,,,,,,,,,,,,,,,,,,,
1949-10-14,23.67,,26.0,,,7.9,,,,,,,,,,,,,,,,,,,,
1949-10-21,23.67,,26.0,,,7.9,,,,,,,,,,,,,,,,,,,,
1949-10-28,23.67,,26.0,,,7.9,,,,,,,,,,,,,,,,,,,,
1949-11-04,23.7,,26.0,,,6.4,,,,,,,,,,,,,,,,,,,,
1949-11-11,23.7,,26.0,,,6.4,,,,,,,,,,,,,,,,,,,,
1949-11-18,23.7,,26.0,,,6.4,,,,,,,,,,,,,,,,,,,,
1949-11-25,23.7,,26.0,,,6.4,,,,,,,,,,,,,,,,,,,,
1949-12-02,23.61,,25.9,,,6.6,,,,,,,,,,,,,,,,,,,,
1949-12-09,23.61,,25.9,,,6.6,,,,,,,,,,,,,,,,,,,,
1949-12-16,23.61,,25.9,,,6.6,,,,,,,,,,,,,,,,,,,,
1949-12-23,23.61,,25.9,,,6.6,,,,,,,,,,,,,,,,,,,,
1949-12-30,23.61,,25.9,,,6.6,,,,,,,,,,,,,,,,,,,,
1950-01-06,23.51,,25.9,,,6.5,,,,,,,,,,,,,,,,,,,,
1950-01-13,23.51,,25.9,,,6.5,,,,,,,,,,,,,,,,,,,,
1950-01-20,23.51,,25.9,,,6.5,,,,,,,,,,,,,,,,,,,,
1950-01-27,23.51,,25.9,,,6.5,,,,,,,,,,,,,,,,,,,,
1950-02-03,23.61,,26.1,,,6.4,,,,,,,,,,,,,,,,,,,,
1950-02-10,23.61,,26.1,,,6.4,,,,,,,,,,,,,,,,,,,,
1950-02-17,23.61,,26.1,,,6.4,,,,,,,,,,,,,,,,,,,,
1950-02-24,23.61,,26.1,,,6.4,,,,,,,,,,,,,,,,,,,,
1950-03-03,23.64,,26.1,,,6.3,,,,,,,,,,,,,,,,,,,,
1950-03-10,23.64,,26.1,,,6.3,,,,,,,,,,,,,,,,,,,,
1950-03-17,23.64,,26.1,,,6.3,,,,,,,,,,,,,,,,,,,,
1950-03-24,23.64,,26.1,,,6.3,,,,,,,,,,,,,,,,,,,,
1950-03-31,23.64,,26.1,,,6.3,,,,,,,,,,,,,,,,,,,,
1950-04-07,23.65,,26.1,,,5.8,,,,,,,,,,,,,,,,,,,,
1950-04-14,23.65,,26.1,,,5.8,,,,,,,,,,,,,,,,,,,,
1950-04-21,23.65,,26.1,,,5.8,,,,,,,,,,,,,,,,,,,,
1950-04-28,23.65,,26.1,,,5.8,,,,,,,,,,,,,,,,,,,,
1950-05-05,23.77,,26.4,,,5.5,,,,,,,,,,,,,,,,,,,,
1950-05-12,23.77,,26.4,,,5.5,,,,,,,,,,,,,,,,,,,,
1950-05-19,23.77,,26.4,,,5.5,,,,,,,,,,,,,,,,,,,,
1950-05-26,23.77,,26.4,,,5.5,,,,,,,,,,,,,,,,,,,,
1950-06-02,23.88,,26.6,,,5.4,,,,,,,,,,,,,,,,,,,,
1950-06-09,23.88,,26.6,,,5.4,,,,,,,,,,,,,,,,,,,,
1950-06-16,23.88,,26.6,,,5.4,,,,,,,,,,,,,,,,,,,,
1950-06-23,23.88,,26.6,,,5.4,,,,,,,,,,,,,,,,,,,,
1950-06-30,23.88,,26.6,,,5.4,,,,,,,,,,,,,,,,,,,,
1950-07-07,24.07,,27.3,,,5.0,,,,,,,,,,,,,,,,,,,,
1950-07-14,24.07,,27.3,,,5.0,,,,,,,,,,,,,,,,,,,,
1950-07-21,24.07,,27.3,,,5.0,,,,,,,,,,,,,,,,,,,,
1950-07-28,24.07,,27.3,,,5.0,,,,,,,,,,,,,,,,,,,,
1950-08-04,24.2,,27.9,,,4.5,,,,,,,,,,,,,,,,,,,,
1950-08-11,24.2,,27.9,,,4.5,,,,,,,,,,,,,,,,,,,,
1950-08-18,24.2,,27.9,,,4.5,,,,,,,,,,,,,,,,,,,,
1950-08-25,24.2,,27.9,,,4.5,,,,,,,,,,,,,,,,,,,,
1950-09-01,24.34,,28.4,,,4.4,,,,,,,,,,,,,,,,,,,,
1950-09-08,24.34,,28.4,,,4.4,,,,,,,,,,,,,,,,,,,,
1950-09-15,24.34,,28.4,,,4.4,,,,,,,,,,,,,,,,,,,,
1950-09-22,24.34,,28.4,,,4.4,,,,,,,,,,,,,,,,,,,,
1950-09-29,24.34,,28.4,,,4.4,,,,,,,,,,,,,,,,,,,,
1950-10-06,24.5,,28.6,,,4.2,,,,,,,,,,,,,,,,,,,,
1950-10-13,24.5,,28.6,,,4.2,,,,,,,,,,,,,,,,,,,,
1950-10-20,24.5,,28.6,,,4.2,,,,,,,,,,,,,,,,,,,,
1950-10-27,24.5,,28.6,,,4.2,,,,,,,,,,,,,,,,,,,,
1950-11-03,24.6,,29.0,,,4.2,,,,,,,,,,,,,,,,,,,,
1950-11-10,24.6,,29.0,,,4.2,,,,,,,,,,,,,,,,,,,,
1950-11-17,24.6,,29.0,,,4.2,,,,,,,,,,,,,,,,,,,,
1950-11-24,24.6,,29.0,,,4.2,,,,,,,,,,,,,,,,,,,,
1950-12-01,24.98,,29.7,,,4.3,,,,,,,,,,,,,,,,,,,,
1950-12-08,24.98,,29.7,,,4.3,,,,,,,,,,,,,,,,,,,,
1950-12-15,24.98,,29.7,,,4.3,,,,,,,,,,,,,,,,,,,,
1950-12-22,24.98,,29.7,,,4.3,,,,,,,,,,,,,,,,,,,,
1950-12-29,24.98,,29.7,,,4.3,,,,,,,,,,,,,,,,,,,,
1951-01-05,25.38,,30.5,,,3.7,,,,,,,,,,,,,,,,,,,,
1951-01-12,25.38,,30.5,,,3.7,,,,,,,,,,,,,,,,,,,,
1951-01-19,25.38,,30.5,,,3.7,,,,,,,,,,,,,,,,,,,,
1951-01-26,25.38,,30.5,,,3.7,,,,,,,,,,,,,,,,,,,,
1951-02-02,25.83,,30.9,,,3.4,,,,,,,,,,,,,,,,,,,,
1951-02-09,25.83,,30.9,,,3.4,,,,,,,,,,,,,,,,,,,,
1951-02-16,25.83,,30.9,,,3.4,,,,,,,,,,,,,,,,,,,,
1951-02-23,25.83,,30.9,,,3.4,,,,,,,,,,,,,,,,,,,,
1951-03-02,25.88,,30.9,,,3.4,,,,,,,,,,,,,,,,,,,,
1951-03-09,25.88,,30.9,,,3.4,,,,,,,,,,,,,,,,,,,,
1951-03-16,25.88,,30.9,,,3.4,,,,,,,,,,,,,,,,,,,,
1951-03-23,25.88,,30.9,,,3.4,,,,,,,,,,,,,,,,,,,,
1951-03-30,25.88,,30.9,,,3.4,,,,,,,,,,,,,,,,,,,,
1951-04-06,25.92,,30.8,,,3.1,,,,,,,,,,,,,,,,,,,,
1951-04-13,25.92,,30.8,,,3.1,,,,,,,,,,,,,,,,,,,,
1951-04-20,25.92,,30.8,,,3.1,,,,,,,,,,,,,,,,,,,,
1951-04-27,25.92,,30.8,,,3.1,,,,,,,,,,,,,,,,,,,,
1951-05-04,25.99,,30.7,,,3.0,,,,,,,,,,,,,,,,,,,,
1951-05-11,25.99,,30.7,,,3.0,,,,,,,,,,,,,,,,,,,,
1951-05-18,25.99,,30.7,,,3.0,,,,,,,,,,,,,,,,,,,,
1951-05-25,25.99,,30.7,,,3.0,,,,,,,,,,,,,,,,,,,,
1951-06-01,25.93,,30.5,,,3.2,,,,,,,,,,,,,,,,,,,,
1951-06-08,25.93,,30.5,,,3.2,,,,,,,,,,,,,,,,,,,,
1951-06-15,25.93,,30.5,,,3.2,,,,,,,,,,,,,,,,,,,,
1951-06-22,25.93,,30.5,,,3.2,,,,,,,,,,,,,,,,,,,,
1951-06-29,25.93,,30.5,,,3.2,,,,,,,,,,,,,,,,,,,,
1951-07-06,25.91,,30.3,,,3.1,,,,,,,,,,,,,,,,,,,,
1951-07-13,25.91,,30.3,,,3.1,,,,,,,,,,,,,,,,,,,,
1951-07-20,25.91,,30.3,,,3.1,,,,,,,,,,,,,,,,,,,,
1951-07-27,25.91,,30.3,,,3.1,,,,,,,,,,,,,,,,,,,,
1951-08-03,25.86,,30.1,,,3.1,,,,,,,,,,,,,,,,,,,,
1951-08-10,25.86,,30.1,,,3.1,,,,,,,,,,,,,,,,,,,,
1951-08-17,25.86,,30.1,,,3.1,,,,,,,,,,,,,,,,,,,,
1951-08-24,25.86,,30.1,,,3.1,,,,,,,,,,,,,,,,,,,,
1951-08-31,25.86,,30.1,,,3.1,,,,,,,,,,,,,,,,,,,,
1951-09-07,26.03,,30.1,,,3.3,,,,,,,,,,,,,,,,,,,,
1951-09-14,26.03,,30.1,,,3.3,,,,,,,,,,,,,,,,,,,,
1951-09-21,26.03,,30.1,,,3.3,,,,,,,,,,,,,,,,,,,,
1951-09-28,26.03,,30.1,,,3.3,,,,,,,,,,,,,,,,,,,,
1951-10-05,26.16,,30.1,,,3.5,,,,,,,,,,,,,,,,,,,,
1951-10-12,26.16,,30.1,,,3.5,,,,,,,,,,,,,,,,,,,,
1951-10-19,26.16,,30.1,,,3.5,,,,,,,,,,,,,,,,,,,,
1951-10-26,26.16,,30.1,,,3.5,,,,,,,,,,,,,,,,,,,,
1951-11-02,26.32,,30.1,,,3.5,,,,,,,,,,,,,,,,,,,,
1951-11-09,26.32,,30.1,,,3.5,,,,,,,,,,,,,,,,,,,,
1951-11-16,26.32,,30.1,,,3.5,,,,,,,,,,,,,,,,,,,,
1951-11-23,26.32,,30.1,,,3.5,,,,,,,,,,,,,,,,,,,,
1951-11-30,26.32,,30.1,,,3.5,,,,,,,,,,,,,,,,,,,,
1951-12-07,26.47,,30.1,,,3.1,,,,,,,,,,,,,,,,,,,,
1951-12-14,26.47,,30.1,,,3.1,,,,,,,,,,,,,,,,,,,,
1951-12-21,26.47,,30.1,,,3.1,,,,,,,,,,,,,,,,,,,,
1951-12-28,26.47,,30.1,,,3.1,,,,,,,,,,,,,,,,,,,,
1952-01-04,26.45,,30.0,,,3.2,,,,,,,,,,,,,,,,,,,,
1952-01-11,26.45,,30.0,,,3.2,,,,,,,,,,,,,,,,,,,,
1952-01-18,26.45,,30.0,,,3.2,,,,,,,,,,,,,,,,,,,,
1952-01-25,26.45,,30.0,,,3.2,,,,,,,,,,,,,,,,,,,,
1952-02-01,26.41,,29.8,,,3.1,,,,,,,,,,,,,,,,,,,,
1952-02-08,26.41,,29.8,,,3.1,,,,,,,,,,,,,,,,,,,,
1952-02-15,26.41,,29.8,,,3.1,,,,,,,,,,,,,,,,,,,,
1952-02-22,26.41,,29.8,,,3.1,,,,,,,,,,,,,,,,,,,,
1952-02-29,26.41,,29.8,,,3.1,,,,,,,,,,,,,,,,,,,,
1952-03-07,26.39,,29.8,,,2.9,,,,,,,,,,,,,,,,,,,,
1952-03-14,26.39,,29.8,,,2.9,,,,,,,,,,,,,,,,,,,,
1952-03-21,26.39,,29.8,,,2.9,,,,,,,,,,,,,,,,,,,,
1952-03-28,26.39,,29.8,,,2.9,,,,,,,,,,,,,,,,,,,,
1952-04-04,26.46,,29.6,,,2.9,,,,,,,,,,,,,,,,,,,,
1952-04-11,26.46,,29.6,,,2.9,,,,,,,,,,,,,,,,,,,,
1952-04-18,26.46,,29.6,,,2.9,,,,,,,,,,,,,,,,,,,,
1952-04-25,26.46,,29.6,,,2.9,,,,,,,,,,,,,,,,,,,,
1952-05-02,26.47,,29.6,,,3.0,,,,,,,,,,,,,,,,,,,,
1952-05-09,26.47,,29.6,,,3.0,,,,,,,,,,,,,,,,,,,,
1952-05-16,26.47,,29.6,,,3.0,,,,,,,,,,,,,,,,,,,,
1952-05-23,26.47,,29.6,,,3.0,,,,,,,,,,,,,,,,,,,,
1952-05-30,26.47,,29.6,,,3.0,,,,,,,,,,,,,,,,,,,,
1952-06-06,26.53,,29.5,,,3.0,,,,,,,,,,,,,,,,,,,,
1952-06-13,26.53,,29.5,,,3.0,,,,,,,,,,,,,,,,,,,,
1952-06-20,26.53,,29.5,,,3.0,,,,,,,,,,,,,,,,,,,,
1952-06-27,26.53,,29.5,,,3.0,,,,,,,,,,,,,,,,,,,,
1952-07-04,26.68,,29.6,,,3.2,,,,,,,,,,,,,,,,,,,,
1952-07-11,26.68,,29.6,,,3.2,,,,,,,,,,,,,,,,,,,,
1952-07-18,26.68,,29.6,,,3.2,,,,,,,,,,,,,,,,,,,,
1952-07-25,26.68,,29.6,,,3.2,,,,,,,,,,,,,,,,,,,,
1952-08-01,26.69,,29.8,,,3.4,,,,,,,,,,,,,,,,,,,,
1952-08-08,26.69,,29.8,,,3.4,,,,,,,,,,,,,,,,,,,,
1952-08-15,26.69,,29.8,,,3.4,,,,,,,,,,,,,,,,,,,,
1952-08-22,26.69,,29.8,,,3.4,,,,,,,,,,,,,,,,,,,,
1952-08-29,26.69,,29.8,,,3.4,,,,,,,,,,,,,,,,,,,,
1952-09-05,26.63,,29.6,,,3.1,,,,,,,,,,,,,,,,,,,,
1952-09-12,26.63,,29.6,,,3.1,,,,,,,,,,,,,,,,,,,,
1952-09-19,26.63,,29.6,,,3.1,,,,,,,,,,,,,,,,,,,,
1952-09-26,26.63,,29.6,,,3.1,,,,,,,,,,,,,,,,,,,,
1952-10-03,26.69,,29.5,,,3.0,,,,,,,,,,,,,,,,,,,,
1952-10-10,26.69,,29.5,,,3.0,,,,,,,,,,,,,,,,,,,,
1952-10-17,26.69,,29.5,,,3.0,,,,,,,,,,,,,,,,,,,,
1952-10-24,26.69,,29.5,,,3.0,,,,,,,,,,,,,,,,,,,,
1952-10-31,26.69,,29.5,,,3.0,,,,,,,,,,,,,,,,,,,,
1952-11-07,26.69,,29.3,,,2.8,,,,,,,,,,,,,,,,,,,,
1952-11-14,26.69,,29.3,,,2.8,,,,,,,,,,,,,,,,,,,,
1952-11-21,26.69,,29.3,,,2.8,,,,,,,,,,,,,,,,,,,,
1952-11-28,26.69,,29.3,,,2.8,,,,,,,,,,,,,,,,,,,,
1952-12-05,26.71,,29.1,,,2.7,,,,,,,,,,,,,,,,,,,,
1952-12-12,26.71,,29.1,,,2.7,,,,,,,,,,,,,,,,,,,,
1952-12-19,26.71,,29.1,,,2.7,,,,,,,,,,,,,,,,,,,,
1952-12-26,26.71,,29.1,,,2.7,,,,,,,,,,,,,,,,,,,,
1953-01-02,26.64,,29.1,,,2.9,,,,,,,,,,,,,,,,,,,,
1953-01-09,26.64,,29.1,,,2.9,,,,,,,,,,,,,,,,,,,,
1953-01-16,26.64,,29.1,,,2.9,,,,,,,,,,,,,,,,,,,,
1953-01-23,26.64,,29.1,,,2.9,,,,,,,,,,,,,,,,,,,,
1953-01-30,26.64,,29.1,,,2.9,,,,,,,,,,,,,,,,,,,,
1953-02-06,26.59,,29.1,,,2.6,,,,,,,,,,,,,,,,,,,,
1953-02-13,26.59,,29.1,,,2.6,,,,,,,,,,,,,,,,,,,,
1953-02-20,26.59,,29.1,,,2.6,,,,,,,,,,,,,,,,,,,,
1953-02-27,26.59,,29.1,,,2.6,,,,,,,,,,,,,,,,,,,,
1953-03-06,26.63,,29.2,,,2.6,,,,,,,,,,,,,,,,,,,,
1953-03-13,26.63,,29.2,,,2.6,,,,,,,,,,,,,,,,,,,,
1953-03-20,26.63,,29.2,,,2.6,,,,,,,,,,,,,,,,,,,,
1953-03-27,26.63,,29.2,,,2.6,,,,,,,,,,,,,,,,,,,,
1953-04-03,26.69,,29.0,,,2.7,,,,,,,,,,,,,,,,,,,,
1953-04-10,26.69,,29.0,,,2.7,,,,,,,,,,,,,,,,,,,,
1953-04-17,26.69,,29.0,,,2.7,,,,,,,,,,,,,,,,,,,,
1953-04-24,26.69,,29.0,,,2.7,,,,,,,,,,,,,,,,,,,,
1953-05-01,26.7,,29.1,,,2.5,,,,,,,,,,,,,,,,,,,,
1953-05-08,26.7,,29.1,,,2.5,,,,,,,,,,,,,,,,,,,,
1953-05-15,26.7,,29.1,,,2.5,,,,,,,,,,,,,,,,,,,,
1953-05-22,26.7,,29.1,,,2.5,,,,,,,,,,,,,,,,,,,,
1953-05-29,26.7,,29.1,,,2.5,,,,,,,,,,,,,,,,,,,,
1953-06-05,26.77,,29.0,,,2.5,,,,,,,,,,,,,,,,,,,,
1953-06-12,26.77,,29.0,,,2.5,,,,,,,,,,,,,,,,,,,,
1953-06-19,26.77,,29.0,,,2.5,,,,,,,,,,,,,,,,,,,,
1953-06-26,26.77,,29.0,,,2.5,,,,,,,,,,,,,,,,,,,,
1953-07-03,26.79,,29.4,,,2.6,,,,,,,,,,,,,,,,,,,,
1953-07-10,26.79,,29.4,,,2.6,,,,,,,,,,,,,,,,,,,,
1953-07-17,26.79,,29.4,,,2.6,,,,,,,,,,,,,,,,,,,,
1953-07-24,26.79,,29.4,,,2.6,,,,,,,,,,,,,,,,,,,,
1953-07-31,26.79,,29.4,,,2.6,,,,,,,,,,,,,,,,,,,,
1953-08-07,26.85,,29.3,,,2.7,,,,,,,,,,,,,,,,,,,,
1953-08-14,26.85,,29.3,,,2.7,,,,,,,,,,,,,,,,,,,,
1953-08-21,26.85,,29.3,,,2.7,,,,,,,,,,,,,,,,,,,,
1953-08-28,26.85,,29.3,,,2.7,,,,,,,,,,,,,,,,,,,,
1953-09-04,26.89,,29.4,,,2.9,,,,,,,,,,,,,,,,,,,,
1953-09-11,26.89,,29.4,,,2.9,,,,,,,,,,,,,,,,,,,,
1953-09-18,26.89,,29.4,,,2.9,,,,,,,,,,,,,,,,,,,,
1953-09-25,26.89,,29.4,,,2.9,,,,,,,,,,,,,,,,,,,,
1953-10-02,26.95,,29.2,,,3.1,,,,,,,,,,,,,,,,,,,,
1953-10-09,26.95,,29.2,,,3.1,,,,,,,,,,,,,,,,,,,,
1953-10-16,26.95,,29.2,,,3.1,,,,,,,,,,,,,,,,,,,,
1953-10-23,26.95,,29.2,,,3.1,,,,,,,,,,,,,,,,,,,,
1953-10-30,26.95,,29.2,,,3.1,,,,,,,,,,,,,,,,,,,,
1953-11-06,26.85,,29.1,,,3.5,,,,,,,,,,,,,,,,,,,,
1953-11-13,26.85,,29.1,,,3.5,,,,,,,,,,,,,,,,,,,,
1953-11-20,26.85,,29.1,,,3.5,,,,,,,,,,,,,,,,,,,,
1953-11-27,26.85,,29.1,,,3.5,,,,,,,,,,,,,,,,,,,,
1953-12-04,26.87,,29.2,,,4.5,,,,,,,,,,,,,,,,,,,,
1953-12-11,26.87,,29.2,,,4.5,,,,,,,,,,,,,,,,,,,,
1953-12-18,26.87,,29.2,,,4.5,,,,,,,,,,,,,,,,,,,,
1953-12-25,26.87,,29.2,,,4.5,,,,,,,,,,,,,,,,,,,,
1954-01-01,26.94,,29.4,,,4.9,,,,,,,,,,,,,,,,,,,,
1954-01-08,26.94,,29.4,,,4.9,,,,,,,,,,,,,,,,,,,,
1954-01-15,26.94,,29.4,,,4.9,,,,,,,,,,,,,,,,,,,,
1954-01-22,26.94,,29.4,,,4.9,,,,,,,,,,,,,,,,,,,,
1954-01-29,26.94,,29.4,,,4.9,,,,,,,,,,,,,,,,,,,,
1954-02-05,26.99,,29.3,,,5.2,,,,,,,,,,,,,,,,,,,,
1954-02-12,26.99,,29.3,,,5.2,,,,,,,,,,,,,,,,,,,,
1954-02-19,26.99,,29.3,,,5.2,,,,,,,,,,,,,,,,,,,,
1954-02-26,26.99,,29.3,,,5.2,,,,,,,,,,,,,,,,,,,,
1954-03-05,26.93,,29.3,,,5.7,,,,,,,,,,,,,,,,,,,,
1954-03-12,26.93,,29.3,,,5.7,,,,,,,,,,,,,,,,,,,,
1954-03-19,26.93,,29.3,,,5.7,,,,,,,,,,,,,,,,,,,,
1954-03-26,26.93,,29.3,,,5.7,,,,,,,,,,,,,,,,,,,,
1954-04-02,26.86,,29.4,,,5.9,,,,,,,,,,,,,,,,,,,,
1954-04-09,26.86,,29.4,,,5.9,,,,,,,,,,,,,,,,,,,,
1954-04-16,26.86,,29.4,,,5.9,,,,,,,,,,,,,,,,,,,,
1954-04-23,26.86,,29.4,,,5.9,,,,,,,,,,,,,,,,,,,,
1954-04-30,26.86,,29.4,,,5.9,,,,,,,,,,,,,,,,,,,,
1954-05-07,26.93,,29.4,,,5.9,,,,,,,,,,,,,,,,,,,,
1954-05-14,26.93,,29.4,,,5.9,,,,,,,,,,,,,,,,,,,,
1954-05-21,26.93,,29.4,,,5.9,,,,,,,,,,,,,,,,,,,,
1954-05-28,26.93,,29.4,,,5.9,,,,,,,,,,,,,,,,,,,,
1954-06-04,26.94,,29.2,,,5.6,,,,,,,,,,,,,,,,,,,,
1954-06-11,26.94,,29.2,,,5.6,,,,,,,,,,,,,,,,,,,,
1954-06-18,26.94,,29.2,,,5.6,,,,,,,,,,,,,,,,,,,,
1954-06-25,26.94,,29.2,,,5.6,,,,,,,,,,,,,,,,,,,,
1954-07-02,26.86,,29.3,,,5.8,,,,,,,,,,,,,,0.8,,,,,,
1954-07-09,26.86,,29.3,,,5.8,,,,,,,,,,,,,,0.8,,,,,,
1954-07-16,26.86,,29.3,,,5.8,,,,,,,,,,,,,,0.8,,,,,,
1954-07-23,26.86,,29.3,,,5.8,,,,,,,,,,,,,,0.8,,,,,,
1954-07-30,26.86,,29.3,,,5.8,,,,,,,,,,,,,,0.8,,,,,,
1954-08-06,26.85,,29.3,,,6.0,,,,,,,,,,,,,,1.22,,,,,,
1954-08-13,26.85,,29.3,,,6.0,,,,,,,,,,,,,,1.22,,,,,,
1954-08-20,26.85,,29.3,,,6.0,,,,,,,,,,,,,,1.22,,,,,,
1954-08-27,26.85,,29.3,,,6.0,,,,,,,,,,,,,,1.22,,,,,,
1954-09-03,26.81,,29.2,,,6.1,,,,,,,,,,,,,,1.07,,,,,,
1954-09-10,26.81,,29.2,,,6.1,,,,,,,,,,,,,,1.07,,,,,,
1954-09-17,26.81,,29.2,,,6.1,,,,,,,,,,,,,,1.07,,,,,,
1954-09-24,26.81,,29.2,,,6.1,,,,,,,,,,,,,,1.07,,,,,,
1954-10-01,26.72,,29.1,,,5.7,,,,,,,,,,,,,,0.85,,,,,,
1954-10-08,26.72,,29.1,,,5.7,,,,,,,,,,,,,,0.85,,,,,,
1954-10-15,26.72,,29.1,,,5.7,,,,,,,,,,,,,,0.85,,,,,,
1954-10-22,26.72,,29.1,,,5.7,,,,,,,,,,,,,,0.85,,,,,,
1954-10-29,26.72,,29.1,,,5.7,,,,,,,,,,,,,,0.85,,,,,,
1954-11-05,26.78,,29.2,,,5.3,,,,,,,,,,,,,,0.83,,,,,,
1954-11-12,26.78,,29.2,,,5.3,,,,,,,,,,,,,,0.83,,,,,,
1954-11-19,26.78,,29.2,,,5.3,,,,,,,,,,,,,,0.83,,,,,,
1954-11-26,26.78,,29.2,,,5.3,,,,,,,,,,,,,,0.83,,,,,,
1954-12-03,26.77,,29.0,,,5.0,,,,,,,,,,,,,,1.28,,,,,,
1954-12-10,26.77,,29.0,,,5.0,,,,,,,,,,,,,,1.28,,,,,,
1954-12-17,26.77,,29.0,,,5.0,,,,,,,,,,,,,,1.28,,,,,,
1954-12-24,26.77,,29.0,,,5.0,,,,,,,,,,,,,,1.28,,,,,,
1954-12-31,26.77,,29.0,,,5.0,,,,,,,,,,,,,,1.28,,,,,,
1955-01-07,26.77,,29.2,,,4.9,,,,,,,,,,,,,,1.39,,,,,,
1955-01-14,26.77,,29.2,,,4.9,,,,,,,,,,,,,,1.39,,,,,,
1955-01-21,26.77,,29.2,,,4.9,,,,,,,,,,,,,,1.39,,,,,,
1955-01-28,26.77,,29.2,,,4.9,,,,,,,,,,,,,,1.39,,,,,,
1955-02-04,26.82,,29.3,,,4.7,,,,,,,,,,,,,,1.29,,,,,,
1955-02-11,26.82,,29.3,,,4.7,,,,,,,,,,,,,,1.29,,,,,,
1955-02-18,26.82,,29.3,,,4.7,,,,,,,,,,,,,,1.29,,,,,,
1955-02-25,26.82,,29.3,,,4.7,,,,,,,,,,,,,,1.29,,,,,,
1955-03-04,26.79,,29.2,,,4.6,,,,,,,,,,,,,,1.35,,,,,,
1955-03-11,26.79,,29.2,,,4.6,,,,,,,,,,,,,,1.35,,,,,,
1955-03-18,26.79,,29.2,,,4.6,,,,,,,,,,,,,,1.35,,,,,,
1955-03-25,26.79,,29.2,,,4.6,,,,,,,,,,,,,,1.35,,,,,,
1955-04-01,26.79,,29.3,,,4.7,,,,,,,,,,,,,,1.43,,,,,,
1955-04-08,26.79,,29.3,,,4.7,,,,,,,,,,,,,,1.43,,,,,,
1955-04-15,26.79,,29.3,,,4.7,,,,,,,,,,,,,,1.43,,,,,,
1955-04-22,26.79,,29.3,,,4.7,,,,,,,,,,,,,,1.43,,,,,,
1955-04-29,26.79,,29.3,,,4.7,,,,,,,,,,,,,,1.43,,,,,,
1955-05-06,26.77,,29.1,,,4.3,,,,,,,,,,,,,,1.43,,,,,,
1955-05-13,26.77,,29.1,,,4.3,,,,,,,,,,,,,,1.43,,,,,,
1955-05-20,26.77,,29.1,,,4.3,,,,,,,,,,,,,,1.43,,,,,,
1955-05-27,26.77,,29.1,,,4.3,,,,,,,,,,,,,,1.43,,,,,,
1955-06-03,26.71,,29.3,,,4.2,,,,,,,,,,,,,,1.64,,,,,,
1955-06-10,26.71,,29.3,,,4.2,,,,,,,,,,,,,,1.64,,,,,,
1955-06-17,26.71,,29.3,,,4.2,,,,,,,,,,,,,,1.64,,,,,,
1955-06-24,26.71,,29.3,,,4.2,,,,,,,,,,,,,,1.64,,,,,,
1955-07-01,26.76,,29.3,,,4.0,,,,,,,,,,,,,,1.68,,,,,,
1955-07-08,26.76,,29.3,,,4.0,,,,,,,,,,,,,,1.68,,,,,,
1955-07-15,26.76,,29.3,,,4.0,,,,,,,,,,,,,,1.68,,,,,,
1955-07-22,26.76,,29.3,,,4.0,,,,,,,,,,,,,,1.68,,,,,,
1955-07-29,26.76,,29.3,,,4.0,,,,,,,,,,,,,,1.68,,,,,,
1955-08-05,26.72,,29.4,,,4.2,,,,,,,,,,,,,,1.96,,,,,,
1955-08-12,26.72,,29.4,,,4.2,,,,,,,,,,,,,,1.96,,,,,,
1955-08-19,26.72,,29.4,,,4.2,,,,,,,,,,,,,,1.96,,,,,,
1955-08-26,26.72,,29.4,,,4.2,,,,,,,,,,,,,,1.96,,,,,,
1955-09-02,26.85,,29.6,,,4.1,,,,,,,,,,,,,,2.18,,,,,,
1955-09-09,26.85,,29.6,,,4.1,,,,,,,,,,,,,,2.18,,,,,,
1955-09-16,26.85,,29.6,,,4.1,,,,,,,,,,,,,,2.18,,,,,,
1955-09-23,26.85,,29.6,,,4.1,,,,,,,,,,,,,,2.18,,,,,,
1955-09-30,26.85,,29.6,,,4.1,,,,,,,,,,,,,,2.18,,,,,,
1955-10-07,26.82,,29.6,,,4.3,,,,,,,,,,,,,,2.24,,,,,,
1955-10-14,26.82,,29.6,,,4.3,,,,,,,,,,,,,,2.24,,,,,,
1955-10-21,26.82,,29.6,,,4.3,,,,,,,,,,,,,,2.24,,,,,,
1955-10-28,26.82,,29.6,,,4.3,,,,,,,,,,,,,,2.24,,,,,,
1955-11-04,26.88,,29.5,,,4.2,,,,,,,,,,,,,,2.35,,,,,,
1955-11-11,26.88,,29.5,,,4.2,,,,,,,,,,,,,,2.35,,,,,,
1955-11-18,26.88,,29.5,,,4.2,,,,,,,,,,,,,,2.35,,,,,,
1955-11-25,26.88,,29.5,,,4.2,,,,,,,,,,,,,,2.35,,,,,,
1955-12-02,26.87,,29.5,,,4.2,,,,,,,,,,,,,,2.48,,,,,,
1955-12-09,26.87,,29.5,,,4.2,,,,,,,,,,,,,,2.48,,,,,,
1955-12-16,26.87,,29.5,,,4.2,,,,,,,,,,,,,,2.48,,,,,,
1955-12-23,26.87,,29.5,,,4.2,,,,,,,,,,,,,,2.48,,,,,,
1955-12-30,26.87,,29.5,,,4.2,,,,,,,,,,,,,,2.48,,,,,,
1956-01-06,26.83,,29.7,,,4.0,,,,,,,,,,,,,,2.45,,,,,,
1956-01-13,26.83,,29.7,,,4.0,,,,,,,,,,,,,,2.45,,,,,,
1956-01-20,26.83,,29.7,,,4.0,,,,,,,,,,,,,,2.45,,,,,,
1956-01-27,26.83,,29.7,,,4.0,,,,,,,,,,,,,,2.45,,,,,,
1956-02-03,26.86,,29.8,,,3.9,,,,,,,,,,,,,,2.5,,,,,,
1956-02-10,26.86,,29.8,,,3.9,,,,,,,,,,,,,,2.5,,,,,,
1956-02-17,26.86,,29.8,,,3.9,,,,,,,,,,,,,,2.5,,,,,,
1956-02-24,26.86,,29.8,,,3.9,,,,,,,,,,,,,,2.5,,,,,,
1956-03-02,26.89,,29.9,,,4.2,,,,,,,,,,,,,,2.5,,,,,,
1956-03-09,26.89,,29.9,,,4.2,,,,,,,,,,,,,,2.5,,,,,,
1956-03-16,26.89,,29.9,,,4.2,,,,,,,,,,,,,,2.5,,,,,,
1956-03-23,26.89,,29.9,,,4.2,,,,,,,,,,,,,,2.5,,,,,,
1956-03-30,26.89,,29.9,,,4.2,,,,,,,,,,,,,,2.5,,,,,,
1956-04-06,26.93,,30.1,,,4.0,,,,,,,,,,,,,,2.62,,,,,,
1956-04-13,26.93,,30.1,,,4.0,,,,,,,,,,,,,,2.62,,,,,,
1956-04-20,26.93,,30.1,,,4.0,,,,,,,,,,,,,,2.62,,,,,,
1956-04-27,26.93,,30.1,,,4.0,,,,,,,,,,,,,,2.62,,,,,,
1956-05-04,27.03,,30.3,,,4.3,,,,,,,,,,,,,,2.75,,,,,,
1956-05-11,27.03,,30.3,,,4.3,,,,,,,,,,,,,,2.75,,,,,,
1956-05-18,27.03,,30.3,,,4.3,,,,,,,,,,,,,,2.75,,,,,,
1956-05-25,27.03,,30.3,,,4.3,,,,,,,,,,,,,,2.75,,,,,,
1956-06-01,27.15,,30.3,,,4.3,,,,,,,,,,,,,,2.71,,,,,,
1956-06-08,27.15,,30.3,,,4.3,,,,,,,,,,,,,,2.71,,,,,,
1956-06-15,27.15,,30.3,,,4.3,,,,,,,,,,,,,,2.71,,,,,,
1956-06-22,27.15,,30.3,,,4.3,,,,,,,,,,,,,,2.71,,,,,,
1956-06-29,27.15,,30.3,,,4.3,,,,,,,,,,,,,,2.71,,,,,,
1956-07-06,27.29,,30.2,,,4.4,,,,,,,,,,,,,,2.75,,,,,,
1956-07-13,27.29,,30.2,,,4.4,,,,,,,,,,,,,,2.75,,,,,,
1956-07-20,27.29,,30.2,,,4.4,,,,,,,,,,,,,,2.75,,,,,,
1956-07-27,27.29,,30.2,,,4.4,,,,,,,,,,,,,,2.75,,,,,,
1956-08-03,27.31,,30.4,,,4.1,,,,,,,,,,,,,,2.73,,,,,,
1956-08-10,27.31,,30.4,,,4.1,,,,,,,,,,,,,,2.73,,,,,,
1956-08-17,27.31,,30.4,,,4.1,,,,,,,,,,,,,,2.73,,,,,,
1956-08-24,27.31,,30.4,,,4.1,,,,,,,,,,,,,,2.73,,,,,,
1956-08-31,27.31,,30.4,,,4.1,,,,,,,,,,,,,,2.73,,,,,,
1956-09-07,27.35,,30.6,,,3.9,,,,,,,,,,,,,,2.95,,,,,,
1956-09-14,27.35,,30.6,,,3.9,,,,,,,,,,,,,,2.95,,,,,,
1956-09-21,27.35,,30.6,,,3.9,,,,,,,,,,,,,,2.95,,,,,,
1956-09-28,27.35,,30.6,,,3.9,,,,,,,,,,,,,,2.95,,,,,,
1956-10-05,27.51,,30.6,,,3.9,,,,,,,,,,,,,,2.96,,,,,,
1956-10-12,27.51,,30.6,,,3.9,,,,,,,,,,,,,,2.96,,,,,,
1956-10-19,27.51,,30.6,,,3.9,,,,,,,,,,,,,,2.96,,,,,,
1956-10-26,27.51,,30.6,,,3.9,,,,,,,,,,,,,,2.96,,,,,,
1956-11-02,27.51,,30.7,,,4.3,,,,,,,,,,,,,,2.88,,,,,,
1956-11-09,27.51,,30.7,,,4.3,,,,,,,,,,,,,,2.88,,,,,,
1956-11-16,27.51,,30.7,,,4.3,,,,,,,,,,,,,,2.88,,,,,,
1956-11-23,27.51,,30.7,,,4.3,,,,,,,,,,,,,,2.88,,,,,,
1956-11-30,27.51,,30.7,,,4.3,,,,,,,,,,,,,,2.88,,,,,,
1956-12-07,27.63,,30.8,,,4.2,,,,,,,,,,,,,,2.94,,,,,,
1956-12-14,27.63,,30.8,,,4.2,,,,,,,,,,,,,,2.94,,,,,,
1956-12-21,27.63,,30.8,,,4.2,,,,,,,,,,,,,,2.94,,,,,,
1956-12-28,27.63,,30.8,,,4.2,,,,,,,,,,,,,,2.94,,,,,,
1957-01-04,27.67,28.5,31.0,,,4.2,,,,,,,,,,,,,,2.84,,,,,,
1957-01-11,27.67,28.5,31.0,,,4.2,,,,,,,,,,,,,,2.84,,,,,,
1957-01-18,27.67,28.5,31.0,,,4.2,,,,,,,,,,,,,,2.84,,,,,,
1957-01-25,27.67,28.5,31.0,,,4.2,,,,,,,,,,,,,,2.84,,,,,,
1957-02-01,27.8,28.6,31.0,,,3.9,,,,,,,,,,,,,,3.0,,,,,,
1957-02-08,27.8,28.6,31.0,,,3.9,,,,,,,,,,,,,,3.0,,,,,,
1957-02-15,27.8,28.6,31.0,,,3.9,,,,,,,,,,,,,,3.0,,,,,,
1957-02-22,27.8,28.6,31.0,,,3.9,,,,,,,,,,,,,,3.0,,,,,,
1957-03-01,27.86,28.7,31.0,,,3.7,,,,,,,,,,,,,,2.96,,,,,,
1957-03-08,27.86,28.7,31.0,,,3.7,,,,,,,,,,,,,,2.96,,,,,,
1957-03-15,27.86,28.7,31.0,,,3.7,,,,,,,,,,,,,,2.96,,,,,,
1957-03-22,27.86,28.7,31.0,,,3.7,,,,,,,,,,,,,,2.96,,,,,,
1957-03-29,27.86,28.7,31.0,,,3.7,,,,,,,,,,,,,,2.96,,,,,,
1957-04-05,27.93,28.8,31.1,,,3.9,,,,,,,,,,,,,,3.0,,,,,,
1957-04-12,27.93,28.8,31.1,,,3.9,,,,,,,,,,,,,,3.0,,,,,,
1957-04-19,27.93,28.8,31.1,,,3.9,,,,,,,,,,,,,,3.0,,,,,,
1957-04-26,27.93,28.8,31.1,,,3.9,,,,,,,,,,,,,,3.0,,,,,,
1957-05-03,28.0,28.8,31.0,,,4.1,,,,,,,,,,,,,,3.0,,,,,,
1957-05-10,28.0,28.8,31.0,,,4.1,,,,,,,,,,,,,,3.0,,,,,,
1957-05-17,28.0,28.8,31.0,,,4.1,,,,,,,,,,,,,,3.0,,,,,,
1957-05-24,28.0,28.8,31.0,,,4.1,,,,,,,,,,,,,,3.0,,,,,,
1957-05-31,28.0,28.8,31.0,,,4.1,,,,,,,,,,,,,,3.0,,,,,,
1957-06-07,28.11,28.9,31.1,,,4.3,,,,,,,,,,,,,,3.0,,,,,,
1957-06-14,28.11,28.9,31.1,,,4.3,,,,,,,,,,,,,,3.0,,,,,,
1957-06-21,28.11,28.9,31.1,,,4.3,,,,,,,,,,,,,,3.0,,,,,,
1957-06-28,28.11,28.9,31.1,,,4.3,,,,,,,,,,,,,,3.0,,,,,,
1957-07-05,28.19,29.0,31.3,,,4.2,,,,,,,,,,,,,,2.99,,,,,,
1957-07-12,28.19,29.0,31.3,,,4.2,,,,,,,,,,,,,,2.99,,,,,,
1957-07-19,28.19,29.0,31.3,,,4.2,,,,,,,,,,,,,,2.99,,,,,,
1957-07-26,28.19,29.0,31.3,,,4.2,,,,,,,,,,,,,,2.99,,,,,,
1957-08-02,28.28,29.0,31.4,,,4.1,,,,,,,,,,,,,,3.24,,,,,,
1957-08-09,28.28,29.0,31.4,,,4.1,,,,,,,,,,,,,,3.24,,,,,,
1957-08-16,28.28,29.0,31.4,,,4.1,,,,,,,,,,,,,,3.24,,,,,,
1957-08-23,28.28,29.0,31.4,,,4.1,,,,,,,,,,,,,,3.24,,,,,,
1957-08-30,28.28,29.0,31.4,,,4.1,,,,,,,,,,,,,,3.24,,,,,,
1957-09-06,28.32,29.1,31.3,,,4.4,,,,,,,,,,,,,,3.47,,,,,,
1957-09-13,28.32,29.1,31.3,,,4.4,,,,,,,,,,,,,,3.47,,,,,,
1957-09-20,28.32,29.1,31.3,,,4.4,,,,,,,,,,,,,,3.47,,,,,,
1957-09-27,28.32,29.1,31.3,,,4.4,,,,,,,,,,,,,,3.47,,,,,,
1957-10-04,28.32,29.2,31.2,,,4.5,,,,,,,,,,,,,,3.5,,,,,,
1957-10-11,28.32,29.2,31.2,,,4.5,,,,,,,,,,,,,,3.5,,,,,,
1957-10-18,28.32,29.2,31.2,,,4.5,,,,,,,,,,,,,,3.5,,,,,,
1957-10-25,28.32,29.2,31.2,,,4.5,,,,,,,,,,,,,,3.5,,,,,,
1957-11-01,28.41,29.3,31.3,,,5.1,,,,,,,,,,,,,,3.28,,,,,,
1957-11-08,28.41,29.3,31.3,,,5.1,,,,,,,,,,,,,,3.28,,,,,,
1957-11-15,28.41,29.3,31.3,,,5.1,,,,,,,,,,,,,,3.28,,,,,,
1957-11-22,28.41,29.3,31.3,,,5.1,,,,,,,,,,,,,,3.28,,,,,,
1957-11-29,28.41,29.3,31.3,,,5.1,,,,,,,,,,,,,,3.28,,,,,,
1957-12-06,28.47,29.3,31.4,,,5.2,,,,,,,,,,,,,,2.98,,,,,,
1957-12-13,28.47,29.3,31.4,,,5.2,,,,,,,,,,,,,,2.98,,,,,,
1957-12-20,28.47,29.3,31.4,,,5.2,,,,,,,,,,,,,,2.98,,,,,,
1957-12-27,28.47,29.3,31.4,,,5.2,,,,,,,,,,,,,,2.98,,,,,,
1958-01-03,28.64,29.3,31.5,,,5.8,,,,,,,,,,,,,,2.72,,,,,,
1958-01-10,28.64,29.3,31.5,,,5.8,,,,,,,,,,,,,,2.72,,,,,,
1958-01-17,28.64,29.3,31.5,,,5.8,,,,,,,,,,,,,,2.72,,,,,,
1958-01-24,28.64,29.3,31.5,,,5.8,,,,,,,,,,,,,,2.72,,,,,,
1958-01-31,28.64,29.3,31.5,,,5.8,,,,,,,,,,,,,,2.72,,,,,,
1958-02-07,28.7,29.4,31.5,,,6.4,,,,,,,,,,,,,,1.67,,,,,,
1958-02-14,28.7,29.4,31.5,,,6.4,,,,,,,,,,,,,,1.67,,,,,,
1958-02-21,28.7,29.4,31.5,,,6.4,,,,,,,,,,,,,,1.67,,,,,,
1958-02-28,28.7,29.4,31.5,,,6.4,,,,,,,,,,,,,,1.67,,,,,,
1958-03-07,28.87,29.5,31.7,,,6.7,,,,,,,,,,,,,,1.2,,,,,,
1958-03-14,28.87,29.5,31.7,,,6.7,,,,,,,,,,,,,,1.2,,,,,,
1958-03-21,28.87,29.5,31.7,,,6.7,,,,,,,,,,,,,,1.2,,,,,,
1958-03-28,28.87,29.5,31.7,,,6.7,,,,,,,,,,,,,,1.2,,,,,,
1958-04-04,28.94,29.5,31.6,,,7.4,,,,,,,,,,,,,,1.26,,,,,,
1958-04-11,28.94,29.5,31.6,,,7.4,,,,,,,,,,,,,,1.26,,,,,,
1958-04-18,28.94,29.5,31.6,,,7.4,,,,,,,,,,,,,,1.26,,,,,,
1958-04-25,28.94,29.5,31.6,,,7.4,,,,,,,,,,,,,,1.26,,,,,,
1958-05-02,28.94,29.5,31.7,,,7.4,,,,,,,,,,,,,,0.63,,,,,,
1958-05-09,28.94,29.5,31.7,,,7.4,,,,,,,,,,,,,,0.63,,,,,,
1958-05-16,28.94,29.5,31.7,,,7.4,,,,,,,,,,,,,,0.63,,,,,,
1958-05-23,28.94,29.5,31.7,,,7.4,,,,,,,,,,,,,,0.63,,,,,,
1958-05-30,28.94,29.5,31.7,,,7.4,,,,,,,,,,,,,,0.63,,,,,,
1958-06-06,28.91,29.6,31.6,,,7.3,,,,,,,,,,,,,,0.93,,,,,,
1958-06-13,28.91,29.6,31.6,,,7.3,,,,,,,,,,,,,,0.93,,,,,,
1958-06-20,28.91,29.6,31.6,,,7.3,,,,,,,,,,,,,,0.93,,,,,,
1958-06-27,28.91,29.6,31.6,,,7.3,,,,,,,,,,,,,,0.93,,,,,,
1958-07-04,28.89,29.6,31.6,,,7.5,,,,,,,,,,,,,,0.68,,,,,,
1958-07-11,28.89,29.6,31.6,,,7.5,,,,,,,,,,,,,,0.68,,,,,,
1958-07-18,28.89,29.6,31.6,,,7.5,,,,,,,,,,,,,,0.68,,,,,,
1958-07-25,28.89,29.6,31.6,,,7.5,,,,,,,,,,,,,,0.68,,,,,,
1958-08-01,28.94,29.6,31.6,,,7.4,,,,,,,,,,,,,,1.53,,,,,,
1958-08-08,28.94,29.6,31.6,,,7.4,,,,,,,,,,,,,,1.53,,,,,,
1958-08-15,28.94,29.6,31.6,,,7.4,,,,,,,,,,,,,,1.53,,,,,,
1958-08-22,28.94,29.6,31.6,,,7.4,,,,,,,,,,,,,,1.53,,,,,,
1958-08-29,28.94,29.6,31.6,,,7.4,,,,,,,,,,,,,,1.53,,,,,,
1958-09-05,28.91,29.7,31.6,,,7.1,,,,,,,,,,,,,,1.76,,,,,,
1958-09-12,28.91,29.7,31.6,,,7.1,,,,,,,,,,,,,,1.76,,,,,,
1958-09-19,28.91,29.7,31.6,,,7.1,,,,,,,,,,,,,,1.76,,,,,,
1958-09-26,28.91,29.7,31.6,,,7.1,,,,,,,,,,,,,,1.76,,,,,,
1958-10-03,28.91,29.7,31.5,,,6.7,,,,,,,,,,,,,,1.8,,,,,,
1958-10-10,28.91,29.7,31.5,,,6.7,,,,,,,,,,,,,,1.8,,,,,,
1958-10-17,28.91,29.7,31.5,,,6.7,,,,,,,,,,,,,,1.8,,,,,,
1958-10-24,28.91,29.7,31.5,,,6.7,,,,,,,,,,,,,,1.8,,,,,,
1958-10-31,28.91,29.7,31.5,,,6.7,,,,,,,,,,,,,,1.8,,,,,,
1958-11-07,28.95,29.8,31.6,,,6.2,,,,,,,,,,,,,,2.27,,,,,,
1958-11-14,28.95,29.8,31.6,,,6.2,,,,,,,,,,,,,,2.27,,,,,,
1958-11-21,28.95,29.8,31.6,,,6.2,,,,,,,,,,,,,,2.27,,,,,,
1958-11-28,28.95,29.8,31.6,,,6.2,,,,,,,,,,,,,,2.27,,,,,,
1958-12-05,28.97,29.9,31.6,,,6.2,,,,,,,,,,,,,,2.42,,,,,,
1958-12-12,28.97,29.9,31.6,,,6.2,,,,,,,,,,,,,,2.42,,,,,,
1958-12-19,28.97,29.9,31.6,,,6.2,,,,,,,,,,,,,,2.42,,,,,,
1958-12-26,28.97,29.9,31.6,,,6.2,,,,,,,,,,,,,,2.42,,,,,,
1959-01-02,29.01,29.9,31.7,15.164,15.501,6.0,,,,,,,,,,,286.6,,,2.48,,,,,,
1959-01-09,29.01,29.9,31.7,15.164,15.501,6.0,,,,,,,,,,,286.6,,,2.48,,,,,,
1959-01-16,29.01,29.9,31.7,15.164,15.501,6.0,,,,,,,,,,,286.6,,,2.48,,,,,,
1959-01-23,29.01,29.9,31.7,15.164,15.501,6.0,,,,,,,,,,,286.6,,,2.48,,,,,,
1959-01-30,29.01,29.9,31.7,15.164,15.501,6.0,,,,,,,,,,,286.6,,,2.48,,,,,,
1959-02-06,29.0,29.9,31.7,15.179,15.513,5.9,,,,,,,,,,,287.7,,,2.43,,,,,,
1959-02-13,29.0,29.9,31.7,15.179,15.513,5.9,,,,,,,,,,,287.7,,,2.43,,,,,,
1959-02-20,29.0,29.9,31.7,15.179,15.513,5.9,,,,,,,,,,,287.7,,,2.43,,,,,,
1959-02-27,29.0,29.9,31.7,15.179,15.513,5.9,,,,,,,,,,,287.7,,,2.43,,,,,,
1959-03-06,28.97,30.0,31.7,15.189,15.531,5.6,,,,,,,,,,,289.2,,,2.8,,,,,,
1959-03-13,28.97,30.0,31.7,15.189,15.531,5.6,,,,,,,,,,,289.2,,,2.8,,,,,,
1959-03-20,28.97,30.0,31.7,15.189,15.531,5.6,,,,,,,,,,,289.2,,,2.8,,,,,,
1959-03-27,28.97,30.0,31.7,15.189,15.531,5.6,,,,,,,,,,,289.2,,,2.8,,,,,,
1959-04-03,28.98,30.0,31.8,15.219,15.57,5.2,,,,,,,,,,,290.1,,,2.96,,,,,,
1959-04-10,28.98,30.0,31.8,15.219,15.57,5.2,,,,,,,,,,,290.1,,,2.96,,,,,,
1959-04-17,28.98,30.0,31.8,15.219,15.57,5.2,,,,,,,,,,,290.1,,,2.96,,,,,,
1959-04-24,28.98,30.0,31.8,15.219,15.57,5.2,,,,,,,,,,,290.1,,,2.96,,,,,,
1959-05-01,29.04,30.1,31.8,15.227,15.589,5.1,,,,,,,,,,,292.2,,,2.9,,,,,,
1959-05-08,29.04,30.1,31.8,15.227,15.589,5.1,,,,,,,,,,,292.2,,,2.9,,,,,,
1959-05-15,29.04,30.1,31.8,15.227,15.589,5.1,,,,,,,,,,,292.2,,,2.9,,,,,,
1959-05-22,29.04,30.1,31.8,15.227,15.589,5.1,,,,,,,,,,,292.2,,,2.9,,,,,,
1959-05-29,29.04,30.1,31.8,15.227,15.589,5.1,,,,,,,,,,,292.2,,,2.9,,,,,,
1959-06-05,29.11,30.2,31.7,15.271,15.635,5.0,,,,,,,,,,,294.1,,,3.39,,,,,,
1959-06-12,29.11,30.2,31.7,15.271,15.635,5.0,,,,,,,,,,,294.1,,,3.39,,,,,,
1959-06-19,29.11,30.2,31.7,15.271,15.635,5.0,,,,,,,,,,,294.1,,,3.39,,,,,,
1959-06-26,29.11,30.2,31.7,15.271,15.635,5.0,,,,,,,,,,,294.1,,,3.39,,,,,,
1959-07-03,29.15,30.2,31.7,15.303,15.672,5.1,,,,,,,,,,,295.2,,,3.47,,,,,,
1959-07-10,29.15,30.2,31.7,15.303,15.672,5.1,,,,,,,,,,,295.2,,,3.47,,,,,,
1959-07-17,29.15,30.2,31.7,15.303,15.672,5.1,,,,,,,,,,,295.2,,,3.47,,,,,,
1959-07-24,29.15,30.2,31.7,15.303,15.672,5.1,,,,,,,,,,,295.2,,,3.47,,,,,,
1959-07-31,29.15,30.2,31.7,15.303,15.672,5.1,,,,,,,,,,,295.2,,,3.47,,,,,,
1959-08-07,29.18,30.2,31.6,15.325,15.697,5.2,,,,,,,,,,,296.4,,,3.5,,,,,,
1959-08-14,29.18,30.2,31.6,15.325,15.697,5.2,,,,,,,,,,,296.4,,,3.5,,,,,,
1959-08-21,29.18,30.2,31.6,15.325,15.697,5.2,,,,,,,,,,,296.4,,,3.5,,,,,,
1959-08-28,29.18,30.2,31.6,15.325,15.697,5.2,,,,,,,,,,,296.4,,,3.5,,,,,,
1959-09-04,29.25,30.3,31.7,15.365,15.738,5.5,,,,,,,,,,,296.7,,,3.76,,,,,,
1959-09-11,29.25,30.3,31.7,15.365,15.738,5.5,,,,,,,,,,,296.7,,,3.76,,,,,,
1959-09-18,29.25,30.3,31.7,15.365,15.738,5.5,,,,,,,,,,,296.7,,,3.76,,,,,,
1959-09-25,29.25,30.3,31.7,15.365,15.738,5.5,,,,,,,,,,,296.7,,,3.76,,,,,,
1959-10-02,29.35,30.4,31.6,15.402,15.765,5.7,,,,,,,,,,,296.5,,,3.98,,,,,,
1959-10-09,29.35,30.4,31.6,15.402,15.765,5.7,,,,,,,,,,,296.5,,,3.98,,,,,,
1959-10-16,29.35,30.4,31.6,15.402,15.765,5.7,,,,,,,,,,,296.5,,,3.98,,,,,,
1959-10-23,29.35,30.4,31.6,15.402,15.765,5.7,,,,,,,,,,,296.5,,,3.98,,,,,,
1959-10-30,29.35,30.4,31.6,15.402,15.765,5.7,,,,,,,,,,,296.5,,,3.98,,,,,,
1959-11-06,29.35,30.4,31.5,15.412,15.794,5.8,,,,,,,,,,,297.1,,,4.0,,,,,,
1959-11-13,29.35,30.4,31.5,15.412,15.794,5.8,,,,,,,,,,,297.1,,,4.0,,,,,,
1959-11-20,29.35,30.4,31.5,15.412,15.794,5.8,,,,,,,,,,,297.1,,,4.0,,,,,,
1959-11-27,29.35,30.4,31.5,15.412,15.794,5.8,,,,,,,,,,,297.1,,,4.0,,,,,,
1959-12-04,29.41,30.5,31.5,15.43,15.818,5.3,,,,,,,,,,,297.8,,,3.99,,,,,,
1959-12-11,29.41,30.5,31.5,15.43,15.818,5.3,,,,,,,,,,,297.8,,,3.99,,,,,,
1959-12-18,29.41,30.5,31.5,15.43,15.818,5.3,,,,,,,,,,,297.8,,,3.99,,,,,,
1959-12-25,29.41,30.5,31.5,15.43,15.818,5.3,,,,,,,,,,,297.8,,,3.99,,,,,,
1960-01-01,29.37,30.5,31.6,15.421,15.822,5.2,,,,,,,,,,,298.2,,,3.99,,,,,,
1960-01-08,29.37,30.5,31.6,15.421,15.822,5.2,,,,,,,,,,,298.2,,,3.99,,,,,,
1960-01-15,29.37,30.5,31.6,15.421,15.822,5.2,,,,,,,,,,,298.2,,,3.99,,,,,,
1960-01-22,29.37,30.5,31.6,15.421,15.822,5.2,,,,,,,,,,,298.2,,,3.99,,,,,,
1960-01-29,29.37,30.5,31.6,15.421,15.822,5.2,,,,,,,,,,,298.2,,,3.99,,,,,,
1960-02-05,29.41,30.6,31.6,15.437,15.852,4.8,,,,,,,,,,,298.4,,,3.97,,,,,,
1960-02-12,29.41,30.6,31.6,15.437,15.852,4.8,,,,,,,,,,,298.4,,,3.97,,,,,,
1960-02-19,29.41,30.6,31.6,15.437,15.852,4.8,,,,,,,,,,,298.4,,,3.97,,,,,,
1960-02-26,29.41,30.6,31.6,15.437,15.852,4.8,,,,,,,,,,,298.4,,,3.97,,,,,,
1960-03-04,29.41,30.6,31.8,15.446,15.853,5.4,,,,,,,,,,,299.3,,,3.84,,,,,,
1960-03-11,29.41,30.6,31.8,15.446,15.853,5.4,,,,,,,,,,,299.3,,,3.84,,,,,,
1960-03-18,29.41,30.6,31.8,15.446,15.853,5.4,,,,,,,,,,,299.3,,,3.84,,,,,,
1960-03-25,29.41,30.6,31.8,15.446,15.853,5.4,,,,,,,,,,,299.3,,,3.84,,,,,,
1960-04-01,29.54,30.6,31.8,15.502,15.882,5.2,,,,,,,,,,,300.1,,,3.92,,,,,,
1960-04-08,29.54,30.6,31.8,15.502,15.882,5.2,,,,,,,,,,,300.1,,,3.92,,,,,,
1960-04-15,29.54,30.6,31.8,15.502,15.882,5.2,,,,,,,,,,,300.1,,,3.92,,,,,,
1960-04-22,29.54,30.6,31.8,15.502,15.882,5.2,,,,,,,,,,,300.1,,,3.92,,,,,,
1960-04-29,29.54,30.6,31.8,15.502,15.882,5.2,,,,,,,,,,,300.1,,,3.92,,,,,,
1960-05-06,29.57,30.6,31.7,15.518,15.908,5.1,,,,,,,,,,,300.9,,,3.85,,,,,,
1960-05-13,29.57,30.6,31.7,15.518,15.908,5.1,,,,,,,,,,,300.9,,,3.85,,,,,,
1960-05-20,29.57,30.6,31.7,15.518,15.908,5.1,,,,,,,,,,,300.9,,,3.85,,,,,,
1960-05-27,29.57,30.6,31.7,15.518,15.908,5.1,,,,,,,,,,,300.9,,,3.85,,,,,,
1960-06-03,29.61,30.7,31.7,15.525,15.917,5.4,,,,,,,,,,,302.3,,,3.32,,,,,,
1960-06-10,29.61,30.7,31.7,15.525,15.917,5.4,,,,,,,,,,,302.3,,,3.32,,,,,,
1960-06-17,29.61,30.7,31.7,15.525,15.917,5.4,,,,,,,,,,,302.3,,,3.32,,,,,,
1960-06-24,29.61,30.7,31.7,15.525,15.917,5.4,,,,,,,,,,,302.3,,,3.32,,,,,,
1960-07-01,29.55,30.6,31.7,15.553,15.945,5.5,,,,,,,,,,,304.1,,,3.23,,,,,,
1960-07-08,29.55,30.6,31.7,15.553,15.945,5.5,,,,,,,,,,,304.1,,,3.23,,,,,,
1960-07-15,29.55,30.6,31.7,15.553,15.945,5.5,,,,,,,,,,,304.1,,,3.23,,,,,,
1960-07-22,29.55,30.6,31.7,15.553,15.945,5.5,,,,,,,,,,,304.1,,,3.23,,,,,,
1960-07-29,29.55,30.6,31.7,15.553,15.945,5.5,,,,,,,,,,,304.1,,,3.23,,,,,,
1960-08-05,29.61,30.6,31.6,15.579,15.968,5.6,,,,,,,,,,,306.9,,,2.98,,,,,,
1960-08-12,29.61,30.6,31.6,15.579,15.968,5.6,,,,,,,,,,,306.9,,,2.98,,,,,,
1960-08-19,29.61,30.6,31.6,15.579,15.968,5.6,,,,,,,,,,,306.9,,,2.98,,,,,,
1960-08-26,29.61,30.6,31.6,15.579,15.968,5.6,,,,,,,,,,,306.9,,,2.98,,,,,,
1960-09-02,29.61,30.6,31.6,15.588,15.981,5.5,,,,,,,,,,,308.4,,,2.6,,,,,,
1960-09-09,29.61,30.6,31.6,15.588,15.981,5.5,,,,,,,,,,,308.4,,,2.6,,,,,,
1960-09-16,29.61,30.6,31.6,15.588,15.981,5.5,,,,,,,,,,,308.4,,,2.6,,,,,,
1960-09-23,29.61,30.6,31.6,15.588,15.981,5.5,,,,,,,,,,,308.4,,,2.6,,,,,,
1960-09-30,29.61,30.6,31.6,15.588,15.981,5.5,,,,,,,,,,,308.4,,,2.6,,,,,,
1960-10-07,29.75,30.8,31.7,15.606,15.99,6.1,,,,,,,,,,,309.5,,,2.47,,,,,,
1960-10-14,29.75,30.8,31.7,15.606,15.99,6.1,,,,,,,,,,,309.5,,,2.47,,,,,,
1960-10-21,29.75,30.8,31.7,15.606,15.99,6.1,,,,,,,,,,,309.5,,,2.47,,,,,,
1960-10-28,29.75,30.8,31.7,15.606,15.99,6.1,,,,,,,,,,,309.5,,,2.47,,,,,,
1960-11-04,29.78,30.8,31.7,15.659,16.033,6.1,,,,,,,,,,,310.9,,,2.44,,,,,,
1960-11-11,29.78,30.8,31.7,15.659,16.033,6.1,,,,,,,,,,,310.9,,,2.44,,,,,,
1960-11-18,29.78,30.8,31.7,15.659,16.033,6.1,,,,,,,,,,,310.9,,,2.44,,,,,,
1960-11-25,29.78,30.8,31.7,15.659,16.033,6.1,,,,,,,,,,,310.9,,,2.44,,,,,,
1960-12-02,29.81,30.7,31.7,15.662,16.028,6.6,,,,,,,,,,,312.4,,,1.98,,,,,,
1960-12-09,29.81,30.7,31.7,15.662,16.028,6.6,,,,,,,,,,,312.4,,,1.98,,,,,,
1960-12-16,29.81,30.7,31.7,15.662,16.028,6.6,,,,,,,,,,,312.4,,,1.98,,,,,,
1960-12-23,29.81,30.7,31.7,15.662,16.028,6.6,,,,,,,,,,,312.4,,,1.98,,,,,,
1960-12-30,29.81,30.7,31.7,15.662,16.028,6.6,,,,,,,,,,,312.4,,,1.98,,,,,,
1961-01-06,29.84,30.8,31.8,15.665,16.032,6.6,,,,,,,,,,,314.1,,,1.45,,,,,,
1961-01-13,29.84,30.8,31.8,15.665,16.032,6.6,,,,,,,,,,,314.1,,,1.45,,,,,,
1961-01-20,29.84,30.8,31.8,15.665,16.032,6.6,,,,,,,,,,,314.1,,,1.45,,,,,,
1961-01-27,29.84,30.8,31.8,15.665,16.032,6.6,,,,,,,,,,,314.1,,,1.45,,,,,,
1961-02-03,29.84,30.8,31.8,15.679,16.048,6.9,,,,,,,,,,,316.5,,,2.54,,,,,,
1961-02-10,29.84,30.8,31.8,15.679,16.048,6.9,,,,,,,,,,,316.5,,,2.54,,,,,,
1961-02-17,29.84,30.8,31.8,15.679,16.048,6.9,,,,,,,,,,,316.5,,,2.54,,,,,,
1961-02-24,29.84,30.8,31.8,15.679,16.048,6.9,,,,,,,,,,,316.5,,,2.54,,,,,,
1961-03-03,29.84,30.9,31.8,15.67,16.053,6.9,,,,,,,,,,,318.3,,,2.02,,,,,,
1961-03-10,29.84,30.9,31.8,15.67,16.053,6.9,,,,,,,,,,,318.3,,,2.02,,,,,,
1961-03-17,29.84,30.9,31.8,15.67,16.053,6.9,,,,,,,,,,,318.3,,,2.02,,,,,,
1961-03-24,29.84,30.9,31.8,15.67,16.053,6.9,,,,,,,,,,,318.3,,,2.02,,,,,,
1961-03-31,29.84,30.9,31.8,15.67,16.053,6.9,,,,,,,,,,,318.3,,,2.02,,,,,,
1961-04-07,29.81,30.9,31.6,15.661,16.075,7.0,,,,,,,,,,,319.9,,,1.49,,,,,,
1961-04-14,29.81,30.9,31.6,15.661,16.075,7.0,,,,,,,,,,,319.9,,,1.49,,,,,,
1961-04-21,29.81,30.9,31.6,15.661,16.075,7.0,,,,,,,,,,,319.9,,,1.49,,,,,,
1961-04-28,29.81,30.9,31.6,15.661,16.075,7.0,,,,,,,,,,,319.9,,,1.49,,,,,,
1961-05-05,29.84,30.9,31.5,15.67,16.096,7.1,,,,,,,,,,,322.2,,,1.98,,,,,,
1961-05-12,29.84,30.9,31.5,15.67,16.096,7.1,,,,,,,,,,,322.2,,,1.98,,,,,,
1961-05-19,29.84,30.9,31.5,15.67,16.096,7.1,,,,,,,,,,,322.2,,,1.98,,,,,,
1961-05-26,29.84,30.9,31.5,15.67,16.096,7.1,,,,,,,,,,,322.2,,,1.98,,,,,,
1961-06-02,29.84,31.0,31.3,15.677,16.12,6.9,,,,,,,,,,,324.3,,,1.73,,,,,,
1961-06-09,29.84,31.0,31.3,15.677,16.12,6.9,,,,,,,,,,,324.3,,,1.73,,,,,,
1961-06-16,29.84,31.0,31.3,15.677,16.12,6.9,,,,,,,,,,,324.3,,,1.73,,,,,,
1961-06-23,29.84,31.0,31.3,15.677,16.12,6.9,,,,,,,,,,,324.3,,,1.73,,,,,,
1961-06-30,29.84,31.0,31.3,15.677,16.12,6.9,,,,,,,,,,,324.3,,,1.73,,,,,,
1961-07-07,29.92,31.0,31.5,15.711,16.145,7.0,,,,,,,,,,,325.6,,,1.17,,,,,,
1961-07-14,29.92,31.0,31.5,15.711,16.145,7.0,,,,,,,,,,,325.6,,,1.17,,,,,,
1961-07-21,29.92,31.0,31.5,15.711,16.145,7.0,,,,,,,,,,,325.6,,,1.17,,,,,,
1961-07-28,29.92,31.0,31.5,15.711,16.145,7.0,,,,,,,,,,,325.6,,,1.17,,,,,,
1961-08-04,29.94,31.1,31.5,15.724,16.162,6.6,,,,,,,,,,,327.6,,,2.0,,,,,,
1961-08-11,29.94,31.1,31.5,15.724,16.162,6.6,,,,,,,,,,,327.6,,,2.0,,,,,,
1961-08-18,29.94,31.1,31.5,15.724,16.162,6.6,,,,,,,,,,,327.6,,,2.0,,,,,,
1961-08-25,29.94,31.1,31.5,15.724,16.162,6.6,,,,,,,,,,,327.6,,,2.0,,,,,,
1961-09-01,29.98,31.1,31.5,15.742,16.194,6.7,,,,,,,,,,,329.5,,,1.88,,,,,,
1961-09-08,29.98,31.1,31.5,15.742,16.194,6.7,,,,,,,,,,,329.5,,,1.88,,,,,,
1961-09-15,29.98,31.1,31.5,15.742,16.194,6.7,,,,,,,,,,,329.5,,,1.88,,,,,,
1961-09-22,29.98,31.1,31.5,15.742,16.194,6.7,,,,,,,,,,,329.5,,,1.88,,,,,,
1961-09-29,29.98,31.1,31.5,15.742,16.194,6.7,,,,,,,,,,,329.5,,,1.88,,,,,,
1961-10-06,29.98,31.1,31.5,15.741,16.199,6.5,,,,,,,,,,,331.1,,,2.26,,,,,,
1961-10-13,29.98,31.1,31.5,15.741,16.199,6.5,,,,,,,,,,,331.1,,,2.26,,,,,,
1961-10-20,29.98,31.1,31.5,15.741,16.199,6.5,,,,,,,,,,,331.1,,,2.26,,,,,,
1961-10-27,29.98,31.1,31.5,15.741,16.199,6.5,,,,,,,,,,,331.1,,,2.26,,,,,,
1961-11-03,29.98,31.2,31.5,15.742,16.202,6.1,,,,,,,,,,,333.4,,,2.61,,,,,,
1961-11-10,29.98,31.2,31.5,15.742,16.202,6.1,,,,,,,,,,,333.4,,,2.61,,,,,,
1961-11-17,29.98,31.2,31.5,15.742,16.202,6.1,,,,,,,,,,,333.4,,,2.61,,,,,,
1961-11-24,29.98,31.2,31.5,15.742,16.202,6.1,,,,,,,,,,,333.4,,,2.61,,,,,,
1961-12-01,30.01,31.2,31.6,15.746,16.216,6.0,,,,,,,,,,,335.5,,,2.33,,,,,,
1961-12-08,30.01,31.2,31.6,15.746,16.216,6.0,,,,,,,,,,,335.5,,,2.33,,,,,,
1961-12-15,30.01,31.2,31.6,15.746,16.216,6.0,,,,,,,,,,,335.5,,,2.33,,,,,,
1961-12-22,30.01,31.2,31.6,15.746,16.216,6.0,,,,,,,,,,,335.5,,,2.33,,,,,,
1961-12-29,30.01,31.2,31.6,15.746,16.216,6.0,,,,,,,,,,,335.5,,,2.33,,,,,,
1962-01-05,30.04,31.2,31.7,15.776,16.235,5.8,,,4.02,,,,,,,,337.5,,,2.15,,,,,,
1962-01-12,30.04,31.2,31.7,15.776,16.235,5.8,,,4.08,,,,,,,,337.5,,,2.15,,,,,,
1962-01-19,30.04,31.2,31.7,15.776,16.235,5.8,,,4.11,,,,,,,,337.5,,,2.15,,,,,,
1962-01-26,30.04,31.2,31.7,15.776,16.235,5.8,,,4.11,,,,,,,,337.5,,,2.15,,,,,,
1962-02-02,30.11,31.2,31.7,15.818,16.262,5.5,,,4.08,,,,,,,,340.1,,,2.37,,,,,,
1962-02-09,30.11,31.2,31.7,15.818,16.262,5.5,,,4.05,,,,,,,,340.1,,,2.37,,,,,,
1962-02-16,30.11,31.2,31.7,15.818,16.262,5.5,,,4.02,,,,,,,,340.1,,,2.37,,,,,,
1962-02-23,30.11,31.2,31.7,15.818,16.262,5.5,,,4.02,,,,,,,,340.1,,,2.37,,,,,,
1962-03-02,30.17,31.3,31.7,15.839,16.3,5.6,,,3.98,,,,,,,,343.1,,,2.85,,,,,,
1962-03-09,30.17,31.3,31.7,15.839,16.3,5.6,,,3.96,,,,,,,,343.1,,,2.85,,,,,,
1962-03-16,30.17,31.3,31.7,15.839,16.3,5.6,,,3.96,,,,,,,,343.1,,,2.85,,,,,,
1962-03-23,30.17,31.3,31.7,15.839,16.3,5.6,,,3.87,,,,,,,,343.1,,,2.85,,,,,,
1962-03-30,30.17,31.3,31.7,15.839,16.3,5.6,,,3.86,,,,,,,,343.1,,,2.85,,,,,,
1962-04-06,30.21,31.3,31.6,15.857,16.303,5.6,,,3.81,,,,,,,,345.5,,,2.78,,,,,,
1962-04-13,30.21,31.3,31.6,15.857,16.303,5.6,,,3.85,,,,,,,,345.5,,,2.78,,,,,,
1962-04-20,30.21,31.3,31.6,15.857,16.303,5.6,,,3.82,,,,,,,,345.5,,,2.78,,,,,,
1962-04-27,30.21,31.3,31.6,15.857,16.303,5.6,,,3.86,,,,,,,,345.5,,,2.78,,,,,,
1962-05-04,30.24,31.4,31.5,15.867,16.326,5.5,,,3.87,,,,,,,,347.5,,,2.36,,,,,,
1962-05-11,30.24,31.4,31.5,15.867,16.326,5.5,,,3.82,,,,,,,,347.5,,,2.36,,,,,,
1962-05-18,30.24,31.4,31.5,15.867,16.326,5.5,,,3.93,,,,,,,,347.5,,,2.36,,,,,,
1962-05-25,30.24,31.4,31.5,15.867,16.326,5.5,,,3.88,,,,,,,,347.5,,,2.36,,,,,,
1962-06-01,30.21,31.4,31.5,15.877,16.356,5.5,,,3.89,,,,,,,,349.3,,,2.68,,,,,,
1962-06-08,30.21,31.4,31.5,15.877,16.356,5.5,,,3.86,,,,,,,,349.3,,,2.68,,,,,,
1962-06-15,30.21,31.4,31.5,15.877,16.356,5.5,,,3.89,,,,,,,,349.3,,,2.68,,,,,,
1962-06-22,30.21,31.4,31.5,15.877,16.356,5.5,,,3.9,,,,,,,,349.3,,,2.68,,,,,,
1962-06-29,30.21,31.4,31.5,15.877,16.356,5.5,,,4.0,,,,,,,,349.3,,,2.68,,,,,,
1962-07-06,30.22,31.4,31.6,15.868,16.37,5.4,,,4.02,,,,,,,,350.8,,,2.71,,,,,,
1962-07-13,30.22,31.4,31.6,15.868,16.37,5.4,,,4.0,,,,,,,,350.8,,,2.71,,,,,,
1962-07-20,30.22,31.4,31.6,15.868,16.37,5.4,,,4.01,,,,,,,,350.8,,,2.71,,,,,,
1962-07-27,30.22,31.4,31.6,15.868,16.37,5.4,,,4.02,,,,,,,,350.8,,,2.71,,,,,,
1962-08-03,30.28,31.5,31.6,15.891,16.372,5.7,,,4.01,,,,,,,,352.8,,,2.93,,,,,,
1962-08-10,30.28,31.5,31.6,15.891,16.372,5.7,,,3.99,,,,,,,,352.8,,,2.93,,,,,,
1962-08-17,30.28,31.5,31.6,15.891,16.372,5.7,,,3.96,,,,,,,,352.8,,,2.93,,,,,,
1962-08-24,30.28,31.5,31.6,15.891,16.372,5.7,,,3.95,,,,,,,,352.8,,,2.93,,,,,,
1962-08-31,30.28,31.5,31.6,15.891,16.372,5.7,,,3.96,,,,,,,,352.8,,,2.93,,,,,,
1962-09-07,30.42,31.5,31.9,15.969,16.404,5.6,,,4.01,,,,,,,,354.9,,,2.9,,,,,,
1962-09-14,30.42,31.5,31.9,15.969,16.404,5.6,,,3.99,,,,,,,,354.9,,,2.9,,,,,,
1962-09-21,30.42,31.5,31.9,15.969,16.404,5.6,,,3.98,,,,,,,,354.9,,,2.9,,,,,,
1962-09-28,30.42,31.5,31.9,15.969,16.404,5.6,,,3.94,,,,,,,,354.9,,,2.9,,,,,,
1962-10-05,30.38,31.5,31.7,15.953,16.403,5.4,,,3.92,,,,,,,,357.2,,,2.9,,,,,,
1962-10-12,30.38,31.5,31.7,15.953,16.403,5.4,,,3.94,,,,,,,,357.2,,,2.9,,,,,,
1962-10-19,30.38,31.5,31.7,15.953,16.403,5.4,,,3.88,,,,,,,,357.2,,,2.9,,,,,,
1962-10-26,30.38,31.5,31.7,15.953,16.403,5.4,,,3.93,,,,,,,,357.2,,,2.9,,,,,,
1962-11-02,30.38,31.5,31.7,15.964,16.415,5.7,,,3.91,,,,,,,,359.8,,,2.94,,,,,,
1962-11-09,30.38,31.5,31.7,15.964,16.415,5.7,,,3.89,,,,,,,,359.8,,,2.94,,,,,,
1962-11-16,30.38,31.5,31.7,15.964,16.415,5.7,,,3.93,,,,,,,,359.8,,,2.94,,,,,,
1962-11-23,30.38,31.5,31.7,15.964,16.415,5.7,,,3.92,,,,,,,,359.8,,,2.94,,,,,,
1962-11-30,30.38,31.5,31.7,15.964,16.415,5.7,,,3.92,,,,,,,,359.8,,,2.94,,,,,,
1962-12-07,30.38,31.6,31.6,15.958,16.42,5.5,,,3.91,,,,,,,,362.7,,,2.93,,,,,,
1962-12-14,30.38,31.6,31.6,15.958,16.42,5.5,,,3.87,,,,,,,,362.7,,,2.93,,,,,,
1962-12-21,30.38,31.6,31.6,15.958,16.42,5.5,,,3.81,,,,,,,,362.7,,,2.93,,,,,,
1962-12-28,30.38,31.6,31.6,15.958,16.42,5.5,,,3.84,,,,,,,,362.7,,,2.93,,,,,,
1963-01-04,30.44,31.5,31.6,15.997,16.451,5.7,,,3.84,,,,,,,,365.2,,,2.92,,,,,,
1963-01-11,30.44,31.5,31.6,15.997,16.451,5.7,,,3.8,,,,,,,,365.2,,,2.92,,,,,,
1963-01-18,30.44,31.5,31.6,15.997,16.451,5.7,,,3.84,,,,,,,,365.2,,,2.92,,,,,,
1963-01-25,30.44,31.5,31.6,15.997,16.451,5.7,,,3.85,,,,,,,,365.2,,,2.92,,,,,,
1963-02-01,30.48,31.6,31.5,16.014,16.47,5.9,,,3.88,,,,,,,,367.9,,,3.0,,,,,,
1963-02-08,30.48,31.6,31.5,16.014,16.47,5.9,,,3.91,,,,,,,,367.9,,,3.0,,,,,,
1963-02-15,30.48,31.6,31.5,16.014,16.47,5.9,,,3.91,,,,,,,,367.9,,,3.0,,,,,,
1963-02-22,30.48,31.6,31.5,16.014,16.47,5.9,,,3.95,,,,,,,,367.9,,,3.0,,,,,,
1963-03-01,30.51,31.7,31.5,16.001,16.48,5.7,,,3.93,,,,,,,,370.7,,,2.98,,,,,,
1963-03-08,30.51,31.7,31.5,16.001,16.48,5.7,,,3.92,,,,,,,,370.7,,,2.98,,,,,,
1963-03-15,30.51,31.7,31.5,16.001,16.48,5.7,,,3.92,,,,,,,,370.7,,,2.98,,,,,,
1963-03-22,30.51,31.7,31.5,16.001,16.48,5.7,,,3.93,,,,,,,,370.7,,,2.98,,,,,,
1963-03-29,30.51,31.7,31.5,16.001,16.48,5.7,,,3.95,,,,,,,,370.7,,,2.98,,,,,,
1963-04-05,30.48,31.7,31.4,16.0,16.5,5.7,,,3.95,,,,,,,,373.3,,,2.9,,,,,,
1963-04-12,30.48,31.7,31.4,16.0,16.5,5.7,,,4.0,,,,,,,,373.3,,,2.9,,,,,,
1963-04-19,30.48,31.7,31.4,16.0,16.5,5.7,,,3.97,,,,,,,,373.3,,,2.9,,,,,,
1963-04-26,30.48,31.7,31.4,16.0,16.5,5.7,,,3.95,,,,,,,,373.3,,,2.9,,,,,,
1963-05-03,30.51,31.7,31.5,16.026,16.53,5.9,,,3.93,,,,,,,,376.1,,,3.0,,,,,,
1963-05-10,30.51,31.7,31.5,16.026,16.53,5.9,,,3.93,,,,,,,,376.1,,,3.0,,,,,,
1963-05-17,30.51,31.7,31.5,16.026,16.53,5.9,,,3.92,,,,,,,,376.1,,,3.0,,,,,,
1963-05-24,30.51,31.7,31.5,16.026,16.53,5.9,,,3.95,,,,,,,,376.1,,,3.0,,,,,,
1963-05-31,30.51,31.7,31.5,16.026,16.53,5.9,,,3.96,,,,,,,,376.1,,,3.0,,,,,,
1963-06-07,30.61,31.8,31.6,16.061,16.558,5.6,,,3.99,,,,,,,,378.4,,,2.99,,,,,,
1963-06-14,30.61,31.8,31.6,16.061,16.558,5.6,,,3.99,,,,,,,,378.4,,,2.99,,,,,,
1963-06-21,30.61,31.8,31.6,16.061,16.558,5.6,,,4.0,,,,,,,,378.4,,,2.99,,,,,,
1963-06-28,30.61,31.8,31.6,16.061,16.558,5.6,,,4.0,,,,,,,,378.4,,,2.99,,,,,,
1963-07-05,30.69,31.8,31.7,16.093,16.573,5.6,,,4.04,,,,,,,,381.1,,,3.02,,,,,,
1963-07-12,30.69,31.8,31.7,16.093,16.573,5.6,,,4.03,,,,,,,,381.1,,,3.02,,,,,,
1963-07-19,30.69,31.8,31.7,16.093,16.573,5.6,,,4.02,,,,,,,,381.1,,,3.02,,,,,,
1963-07-26,30.69,31.8,31.7,16.093,16.573,5.6,,,3.99,,,,,,,,381.1,,,3.02,,,,,,
1963-08-02,30.75,31.9,31.6,16.115,16.588,5.4,,,3.99,,,,,,,,383.6,,,3.49,,,,,,
1963-08-09,30.75,31.9,31.6,16.115,16.588,5.4,,,4.0,,,,,,,,383.6,,,3.49,,,,,,
1963-08-16,30.75,31.9,31.6,16.115,16.588,5.4,,,4.0,,,,,,,,383.6,,,3.49,,,,,,
1963-08-23,30.75,31.9,31.6,16.115,16.588,5.4,,,4.0,,,,,,,,383.6,,,3.49,,,,,,
1963-08-30,30.75,31.9,31.6,16.115,16.588,5.4,,,4.02,,,,,,,,383.6,,,3.49,,,,,,
1963-09-06,30.72,31.9,31.6,16.112,16.618,5.5,,,4.09,,,,,,,,386.0,,,3.48,,,,,,
1963-09-13,30.72,31.9,31.6,16.112,16.618,5.5,,,4.09,,,,,,,,386.0,,,3.48,,,,,,
1963-09-20,30.72,31.9,31.6,16.112,16.618,5.5,,,4.07,,,,,,,,386.0,,,3.48,,,,,,
1963-09-27,30.72,31.9,31.6,16.112,16.618,5.5,,,4.07,,,,,,,,386.0,,,3.48,,,,,,
1963-10-04,30.75,32.0,31.6,16.143,16.655,5.5,,,4.08,,,,,,,,388.3,,,3.5,,,,,,
1963-10-11,30.75,32.0,31.6,16.143,16.655,5.5,,,4.1,,,,,,,,388.3,,,3.5,,,,,,
1963-10-18,30.75,32.0,31.6,16.143,16.655,5.5,,,4.12,,,,,,,,388.3,,,3.5,,,,,,
1963-10-25,30.75,32.0,31.6,16.143,16.655,5.5,,,4.12,,,,,,,,388.3,,,3.5,,,,,,
1963-11-01,30.78,32.0,31.7,16.166,16.67,5.7,,,4.15,,,,,,,,391.5,,,3.48,,,,,,
1963-11-08,30.78,32.0,31.7,16.166,16.67,5.7,,,4.16,,,,,,,,391.5,,,3.48,,,,,,
1963-11-15,30.78,32.0,31.7,16.166,16.67,5.7,,,4.11,,,,,,,,391.5,,,3.48,,,,,,
1963-11-22,30.78,32.0,31.7,16.166,16.67,5.7,,,4.09,,,,,,,,391.5,,,3.48,,,,,,
1963-11-29,30.78,32.0,31.7,16.166,16.67,5.7,,,4.08,,,,,,,,391.5,,,3.48,,,,,,
1963-12-06,30.88,32.1,31.6,16.19,16.694,5.5,,,4.11,,,,,,,,393.2,,,3.38,,,,,,
1963-12-13,30.88,32.1,31.6,16.19,16.694,5.5,,,4.13,,,,,,,,393.2,,,3.38,,,,,,
1963-12-20,30.88,32.1,31.6,16.19,16.694,5.5,,,4.15,,,,,,,,393.2,,,3.38,,,,,,
1963-12-27,30.88,32.1,31.6,16.19,16.694,5.5,,,4.15,,,,,,,,393.2,,,3.38,,,,,,
1964-01-03,30.94,32.2,31.8,16.224,16.717,5.6,,,4.15,,,,,,,,395.2,,,3.48,,,,,,
1964-01-10,30.94,32.2,31.8,16.224,16.717,5.6,,,4.18,,,,,,,,395.2,,,3.48,,,,,,
1964-01-17,30.94,32.2,31.8,16.224,16.717,5.6,,,4.17,,,,,,,,395.2,,,3.48,,,,,,
1964-01-24,30.94,32.2,31.8,16.224,16.717,5.6,,,4.18,,,,,,,,395.2,,,3.48,,,,,,
1964-01-31,30.94,32.2,31.8,16.224,16.717,5.6,,,4.15,,,,,,,,395.2,,,3.48,,,,,,
1964-02-07,30.91,32.2,31.6,16.247,16.749,5.4,,,4.14,,,,,,,,397.6,,,3.48,,,,,,
1964-02-14,30.91,32.2,31.6,16.247,16.749,5.4,,,4.13,,,,,,,,397.6,,,3.48,,,,,,
1964-02-21,30.91,32.2,31.6,16.247,16.749,5.4,,,4.14,,,,,,,,397.6,,,3.48,,,,,,
1964-02-28,30.91,32.2,31.6,16.247,16.749,5.4,,,4.18,,,,,,,,397.6,,,3.48,,,,,,
1964-03-06,30.94,32.2,31.6,16.257,16.765,5.4,,,4.19,,,,,,,,399.8,,,3.43,,,,,,
1964-03-13,30.94,32.2,31.6,16.257,16.765,5.4,,,4.22,,,,,,,,399.8,,,3.43,,,,,,
1964-03-20,30.94,32.2,31.6,16.257,16.765,5.4,,,4.25,,,,,,,,399.8,,,3.43,,,,,,
1964-03-27,30.94,32.2,31.6,16.257,16.765,5.4,,,4.25,,,,,,,,399.8,,,3.43,,,,,,
1964-04-03,30.95,32.2,31.6,16.269,16.78,5.3,,,4.25,,,,,,,,401.7,,,3.47,,,,,,
1964-04-10,30.95,32.2,31.6,16.269,16.78,5.3,,,4.22,,,,,,,,401.7,,,3.47,,,,,,
1964-04-17,30.95,32.2,31.6,16.269,16.78,5.3,,,4.24,,,,,,,,401.7,,,3.47,,,,,,
1964-04-24,30.95,32.2,31.6,16.269,16.78,5.3,,,4.23,,,,,,,,401.7,,,3.47,,,,,,
1964-05-01,30.98,32.2,31.5,16.271,16.794,5.1,,,4.22,,,,,,,,404.2,,,3.5,,,,,,
1964-05-08,30.98,32.2,31.5,16.271,16.794,5.1,,,4.2,,,,,,,,404.2,,,3.5,,,,,,
1964-05-15,30.98,32.2,31.5,16.271,16.794,5.1,,,4.19,,,,,,,,404.2,,,3.5,,,,,,
1964-05-22,30.98,32.2,31.5,16.271,16.794,5.1,,,4.2,,,,,,,,404.2,,,3.5,,,,,,
1964-05-29,30.98,32.2,31.5,16.271,16.794,5.1,,,4.19,,,,,,,,404.2,,,3.5,,,,,,
1964-06-05,31.01,32.3,31.5,16.294,16.806,5.2,,,4.18,,,,,,,,407.1,,,3.5,,,,,,
1964-06-12,31.01,32.3,31.5,16.294,16.806,5.2,,,4.18,,,,,,,,407.1,,,3.5,,,,,,
1964-06-19,31.01,32.3,31.5,16.294,16.806,5.2,,,4.16,,,,,,,,407.1,,,3.5,,,,,,
1964-06-26,31.01,32.3,31.5,16.294,16.806,5.2,,,4.15,,,,,,,,407.1,,,3.5,,,,,,
1964-07-03,31.02,32.3,31.6,16.315,16.823,4.9,,,4.15,,,,,,,,410.1,,,3.42,,,,,,
1964-07-10,31.02,32.3,31.6,16.315,16.823,4.9,,,4.19,,,,,,,,410.1,,,3.42,,,,,,
1964-07-17,31.02,32.3,31.6,16.315,16.823,4.9,,,4.2,,,,,,,,410.1,,,3.42,,,,,,
1964-07-24,31.02,32.3,31.6,16.315,16.823,4.9,,,4.2,,,,,,,,410.1,,,3.42,,,,,,
1964-07-31,31.02,32.3,31.6,16.315,16.823,4.9,,,4.19,,,,,,,,410.1,,,3.42,,,,,,
1964-08-07,31.05,32.3,31.6,16.327,16.845,5.0,,,4.19,,,,,,,,413.4,,,3.5,,,,,,
1964-08-14,31.05,32.3,31.6,16.327,16.845,5.0,,,4.19,,,,,,,,413.4,,,3.5,,,,,,
1964-08-21,31.05,32.3,31.6,16.327,16.845,5.0,,,4.19,,,,,,,,413.4,,,3.5,,,,,,
1964-08-28,31.05,32.3,31.6,16.327,16.845,5.0,,,4.21,,,,,,,,413.4,,,3.5,,,,,,
1964-09-04,31.08,32.3,31.7,16.352,16.852,5.1,,,4.22,,,,,,,,416.9,,,3.45,,,,,,
1964-09-11,31.08,32.3,31.7,16.352,16.852,5.1,,,4.22,,,,,,,,416.9,,,3.45,,,,,,
1964-09-18,31.08,32.3,31.7,16.352,16.852,5.1,,,4.2,,,,,,,,416.9,,,3.45,,,,,,
1964-09-25,31.08,32.3,31.7,16.352,16.852,5.1,,,4.19,,,,,,,,416.9,,,3.45,,,,,,
1964-10-02,31.12,32.4,31.7,16.362,16.859,5.1,,,4.18,,,,,,,,419.1,,,3.36,,,,,,
1964-10-09,31.12,32.4,31.7,16.362,16.859,5.1,,,4.19,,,,,,,,419.1,,,3.36,,,,,,
1964-10-16,31.12,32.4,31.7,16.362,16.859,5.1,,,4.21,,,,,,,,419.1,,,3.36,,,,,,
1964-10-23,31.12,32.4,31.7,16.362,16.859,5.1,,,4.19,,,,,,,,419.1,,,3.36,,,,,,
1964-10-30,31.12,32.4,31.7,16.362,16.859,5.1,,,4.16,,,,,,,,419.1,,,3.36,,,,,,
1964-11-06,31.21,32.5,31.7,16.385,16.883,4.8,,,4.15,,,,,,,,422.0,,,3.52,,,,,,
1964-11-13,31.21,32.5,31.7,16.385,16.883,4.8,,,4.13,,,,,,,,422.0,,,3.52,,,,,,
1964-11-20,31.21,32.5,31.7,16.385,16.883,4.8,,,4.13,,,,,,,,422.0,,,3.52,,,,,,
1964-11-27,31.21,32.5,31.7,16.385,16.883,4.8,,,4.19,,,,,,,,422.0,,,3.52,,,,,,
1964-12-04,31.25,32.5,31.7,16.409,16.907,5.0,,,4.18,,,,,,,,424.7,,,3.85,,,,,,
1964-12-11,31.25,32.5,31.7,16.409,16.907,5.0,,,4.15,,,,,,,,424.7,,,3.85,,,,,,
1964-12-18,31.25,32.5,31.7,16.409,16.907,5.0,,,4.19,,,,,,,,424.7,,,3.85,,,,,,
1964-12-25,31.25,32.5,31.7,16.409,16.907,5.0,,,4.19,,,,,,,,424.7,,,3.85,,,,,,
1965-01-01,31.28,32.6,31.8,16.427,16.93,4.9,,,4.21,,,,,,,,427.5,,,3.9,,,,,,
1965-01-08,31.28,32.6,31.8,16.427,16.93,4.9,,,4.2,,,,,,,,427.5,,,3.9,,,,,,
1965-01-15,31.28,32.6,31.8,16.427,16.93,4.9,,,4.19,,,,,,,,427.5,,,3.9,,,,,,
1965-01-22,31.28,32.6,31.8,16.427,16.93,4.9,,,4.17,,,,,,,,427.5,,,3.9,,,,,,
1965-01-29,31.28,32.6,31.8,16.427,16.93,4.9,,,4.19,,,,,,,,427.5,,,3.9,,,,,,
1965-02-05,31.28,32.6,31.9,16.434,16.95,5.1,,,4.22,,,,,,,,430.4,,,3.98,,,,,,
1965-02-12,31.28,32.6,31.9,16.434,16.95,5.1,,,4.21,,,,,,,,430.4,,,3.98,,,,,,
1965-02-19,31.28,32.6,31.9,16.434,16.95,5.1,,,4.22,,,,,,,,430.4,,,3.98,,,,,,
1965-02-26,31.28,32.6,31.9,16.434,16.95,5.1,,,4.22,,,,,,,,430.4,,,3.98,,,,,,
1965-03-05,31.31,32.6,31.9,16.455,16.96,4.7,,,4.23,,,,,,,,433.2,,,4.05,,,,,,
1965-03-12,31.31,32.6,31.9,16.455,16.96,4.7,,,4.22,,,,,,,,433.2,,,4.05,,,,,,
1965-03-19,31.31,32.6,31.9,16.455,16.96,4.7,,,4.2,,,,,,,,433.2,,,4.05,,,,,,
1965-03-26,31.31,32.6,31.9,16.455,16.96,4.7,,,4.2,,,,,,,,433.2,,,4.05,,,,,,
1965-04-02,31.38,32.7,32.0,16.481,16.98,4.8,,,4.2,,,,,,,,435.4,,,4.09,,,,,,
1965-04-09,31.38,32.7,32.0,16.481,16.98,4.8,,,4.2,,,,,,,,435.4,,,4.09,,,,,,
1965-04-16,31.38,32.7,32.0,16.481,16.98,4.8,,,4.2,,,,,,,,435.4,,,4.09,,,,,,
1965-04-23,31.38,32.7,32.0,16.481,16.98,4.8,,,4.21,,,,,,,,435.4,,,4.09,,,,,,
1965-04-30,31.38,32.7,32.0,16.481,16.98,4.8,,,4.21,,,,,,,,435.4,,,4.09,,,,,,
1965-05-07,31.48,32.7,32.1,16.518,17.011,4.6,,,4.2,,,,,,,,437.1,,,4.1,,,,,,
1965-05-14,31.48,32.7,32.1,16.518,17.011,4.6,,,4.21,,,,,,,,437.1,,,4.1,,,,,,
1965-05-21,31.48,32.7,32.1,16.518,17.011,4.6,,,4.22,,,,,,,,437.1,,,4.1,,,,,,
1965-05-28,31.48,32.7,32.1,16.518,17.011,4.6,,,4.23,,,,,,,,437.1,,,4.1,,,,,,
1965-06-04,31.61,32.7,32.4,16.566,17.007,4.6,,,4.23,,,,,,,,440.1,,,4.05,,,,,,
1965-06-11,31.61,32.7,32.4,16.566,17.007,4.6,,,4.23,,,,,,,,440.1,,,4.05,,,,,,
1965-06-18,31.61,32.7,32.4,16.566,17.007,4.6,,,4.21,,,,,,,,440.1,,,4.05,,,,,,
1965-06-25,31.61,32.7,32.4,16.566,17.007,4.6,,,4.19,,,,,,,,440.1,,,4.05,,,,,,
1965-07-02,31.58,32.7,32.4,16.578,17.024,4.4,,,4.21,,,,,,,,442.9,,,4.09,,,,,,
1965-07-09,31.58,32.7,32.4,16.578,17.024,4.4,,,4.21,,,,,,,,442.9,,,4.09,,,,,,
1965-07-16,31.58,32.7,32.4,16.578,17.024,4.4,,,4.2,,,,,,,,442.9,,,4.09,,,,,,
1965-07-23,31.58,32.7,32.4,16.578,17.024,4.4,,,4.2,,,,,,,,442.9,,,4.09,,,,,,
1965-07-30,31.58,32.7,32.4,16.578,17.024,4.4,,,4.22,,,,,,,,442.9,,,4.09,,,,,,
1965-08-06,31.55,32.7,32.4,16.582,17.056,4.4,,,4.24,,,,,,,,445.8,,,4.12,,,,,,
1965-08-13,31.55,32.7,32.4,16.582,17.056,4.4,,,4.25,,,,,,,,445.8,,,4.12,,,,,,
1965-08-20,31.55,32.7,32.4,16.582,17.056,4.4,,,4.26,,,,,,,,445.8,,,4.12,,,,,,
1965-08-27,31.55,32.7,32.4,16.582,17.056,4.4,,,4.27,,,,,,,,445.8,,,4.12,,,,,,
1965-09-03,31.62,32.8,32.4,16.59,17.076,4.3,,,4.27,,,,,,,,449.5,,,4.02,,,,,,
1965-09-10,31.62,32.8,32.4,16.59,17.076,4.3,,,4.28,,,,,,,,449.5,,,4.02,,,,,,
1965-09-17,31.62,32.8,32.4,16.59,17.076,4.3,,,4.27,,,,,,,,449.5,,,4.02,,,,,,
1965-09-24,31.62,32.8,32.4,16.59,17.076,4.3,,,4.31,,,,,,,,449.5,,,4.02,,,,,,
1965-10-01,31.65,32.8,32.5,16.595,17.07,4.2,,,4.36,,,,,,,,452.6,,,4.08,,,,,,
1965-10-08,31.65,32.8,32.5,16.595,17.07,4.2,,,4.32,,,,,,,,452.6,,,4.08,,,,,,
1965-10-15,31.65,32.8,32.5,16.595,17.07,4.2,,,4.34,,,,,,,,452.6,,,4.08,,,,,,
1965-10-22,31.65,32.8,32.5,16.595,17.07,4.2,,,4.36,,,,,,,,452.6,,,4.08,,,,,,
1965-10-29,31.65,32.8,32.5,16.595,17.07,4.2,,,4.41,,,,,,,,452.6,,,4.08,,,,,,
1965-11-05,31.75,32.9,32.6,16.623,17.102,4.1,,,4.43,,,,,,,,455.7,,,4.1,,,,,,
1965-11-12,31.75,32.9,32.6,16.623,17.102,4.1,,,4.44,,,,,,,,455.7,,,4.1,,,,,,
1965-11-19,31.75,32.9,32.6,16.623,17.102,4.1,,,4.46,,,,,,,,455.7,,,4.1,,,,,,
1965-11-26,31.75,32.9,32.6,16.623,17.102,4.1,,,4.45,,,,,,,,455.7,,,4.1,,,,,,
1965-12-03,31.85,33.0,32.8,16.683,17.154,4.0,,,4.52,,,,,,,,459.2,,,4.32,,,,,,
1965-12-10,31.85,33.0,32.8,16.683,17.154,4.0,,,4.6,,,,,,,,459.2,,,4.32,,,,,,
1965-12-17,31.85,33.0,32.8,16.683,17.154,4.0,,,4.65,,,,,,,,459.2,,,4.32,,,,,,
1965-12-24,31.85,33.0,32.8,16.683,17.154,4.0,,,4.65,,,,,,,,459.2,,,4.32,,,,,,
1965-12-31,31.85,33.0,32.8,16.683,17.154,4.0,,,4.65,,,,,,,,459.2,,,4.32,,,,,,
1966-01-07,31.88,33.0,32.9,16.703,17.159,4.0,,,4.6,,,,,,,,462.0,,,4.42,,,,,,
1966-01-14,31.88,33.0,32.9,16.703,17.159,4.0,,,4.59,,,,,,,,462.0,,,4.42,,,,,,
1966-01-21,31.88,33.0,32.9,16.703,17.159,4.0,,,4.59,,,,,,,,462.0,,,4.42,,,,,,
1966-01-28,31.88,33.0,32.9,16.703,17.159,4.0,,,4.65,,,,,,,,462.0,,,4.42,,,,,,
1966-02-04,32.08,33.1,33.2,16.772,17.201,3.8,,,4.71,,,,,,,,464.6,,,4.6,,,,,,
1966-02-11,32.08,33.1,33.2,16.772,17.201,3.8,,,4.86,,,,,,,,464.6,,,4.6,,,,,,
1966-02-18,32.08,33.1,33.2,16.772,17.201,3.8,,,4.9,,,,,,,,464.6,,,4.6,,,,,,
1966-02-25,32.08,33.1,33.2,16.772,17.201,3.8,,,4.97,,,,,,,,464.6,,,4.6,,,,,,
1966-03-04,32.18,33.1,33.2,16.813,17.223,3.8,,,4.98,,,,,,,,467.2,,,4.66,,,,,,
1966-03-11,32.18,33.1,33.2,16.813,17.223,3.8,,,4.96,,,,,,,,467.2,,,4.66,,,,,,
1966-03-18,32.18,33.1,33.2,16.813,17.223,3.8,,,4.84,,,,,,,,467.2,,,4.66,,,,,,
1966-03-25,32.18,33.1,33.2,16.813,17.223,3.8,,,4.82,,,,,,,,467.2,,,4.66,,,,,,
1966-04-01,32.28,33.3,33.2,16.871,17.285,3.8,,,4.7,,,,,,,,469.3,,,4.67,,,,,,
1966-04-08,32.28,33.3,33.2,16.871,17.285,3.8,,,4.73,,,,,,,,469.3,,,4.67,,,,,,
1966-04-15,32.28,33.3,33.2,16.871,17.285,3.8,,,4.77,,,,,,,,469.3,,,4.67,,,,,,
1966-04-22,32.28,33.3,33.2,16.871,17.285,3.8,,,4.77,,,,,,,,469.3,,,4.67,,,,,,
1966-04-29,32.28,33.3,33.2,16.871,17.285,3.8,,,4.79,,,,,,,,469.3,,,4.67,,,,,,
1966-05-06,32.35,33.4,33.2,16.892,17.331,3.9,,,4.79,,,,,,,,470.1,,,4.9,,,,,,
1966-05-13,32.35,33.4,33.2,16.892,17.331,3.9,,,4.77,,,,,,,,470.1,,,4.9,,,,,,
1966-05-20,32.35,33.4,33.2,16.892,17.331,3.9,,,4.75,,,,,,,,470.1,,,4.9,,,,,,
1966-05-27,32.35,33.4,33.2,16.892,17.331,3.9,,,4.81,,,,,,,,470.1,,,4.9,,,,,,
1966-06-03,32.38,33.5,33.3,16.934,17.387,3.8,,,4.78,,,,,,,,471.2,,,5.17,,,,,,
1966-06-10,32.38,33.5,33.3,16.934,17.387,3.8,,,4.83,,,,,,,,471.2,,,5.17,,,,,,
1966-06-17,32.38,33.5,33.3,16.934,17.387,3.8,,,4.8,,,,,,,,471.2,,,5.17,,,,,,
1966-06-24,32.38,33.5,33.3,16.934,17.387,3.8,,,4.8,,,,,,,,471.2,,,5.17,,,,,,
1966-07-01,32.45,33.6,33.5,16.967,17.438,3.8,,,4.99,,,,,,,,470.9,,,5.3,,,,,,
1966-07-08,32.45,33.6,33.5,16.967,17.438,3.8,,,4.97,,,,,,,,470.9,,,5.3,,,,,,
1966-07-15,32.45,33.6,33.5,16.967,17.438,3.8,,,5.09,,,,,,,,470.9,,,5.3,,,,,,
1966-07-22,32.45,33.6,33.5,16.967,17.438,3.8,,,5.02,,,,,,,,470.9,,,5.3,,,,,,
1966-07-29,32.45,33.6,33.5,16.967,17.438,3.8,,,5.05,,,,,,,,470.9,,,5.3,,,,,,
1966-08-05,32.65,33.7,33.6,17.032,17.47,3.8,,,5.07,,,,,,,,472.6,,,5.53,,,,,,
1966-08-12,32.65,33.7,33.6,17.032,17.47,3.8,,,5.11,,,,,,,,472.6,,,5.53,,,,,,
1966-08-19,32.65,33.7,33.6,17.032,17.47,3.8,,,5.31,,,,,,,,472.6,,,5.53,,,,,,
1966-08-26,32.65,33.7,33.6,17.032,17.47,3.8,,,5.48,,,,,,,,472.6,,,5.53,,,,,,
1966-09-02,32.75,33.8,33.6,17.086,17.524,3.7,,,5.23,,,,,,,,475.4,,,5.4,,,,,,
1966-09-09,32.75,33.8,33.6,17.086,17.524,3.7,,,5.17,,,,,,,,475.4,,,5.4,,,,,,
1966-09-16,32.75,33.8,33.6,17.086,17.524,3.7,,,5.24,,,,,,,,475.4,,,5.4,,,,,,
1966-09-23,32.75,33.8,33.6,17.086,17.524,3.7,,,5.17,,,,,,,,475.4,,,5.4,,,,,,
1966-09-30,32.75,33.8,33.6,17.086,17.524,3.7,,,5.02,,,,,,,,475.4,,,5.4,,,,,,
1966-10-07,32.85,34.0,33.4,17.131,17.581,3.7,,,5.02,,,,,,,,475.7,,,5.53,,,,,,
1966-10-14,32.85,34.0,33.4,17.131,17.581,3.7,,,5.06,,,,,,,,475.7,,,5.53,,,,,,
1966-10-21,32.85,34.0,33.4,17.131,17.581,3.7,,,4.94,,,,,,,,475.7,,,5.53,,,,,,
1966-10-28,32.85,34.0,33.4,17.131,17.581,3.7,,,4.97,,,,,,,,475.7,,,5.53,,,,,,
1966-11-04,32.88,34.0,33.3,17.156,17.625,3.6,,,5.11,,,,,,,,477.3,,,5.76,,,,,,
1966-11-11,32.88,34.0,33.3,17.156,17.625,3.6,,,5.17,,,,,,,,477.3,,,5.76,,,,,,
1966-11-18,32.88,34.0,33.3,17.156,17.625,3.6,,,5.22,,,,,,,,477.3,,,5.76,,,,,,
1966-11-25,32.88,34.0,33.3,17.156,17.625,3.6,,,5.23,,,,,,,,477.3,,,5.76,,,,,,
1966-12-02,32.92,34.1,33.3,17.192,17.679,3.8,,,5.03,,,,,,,,480.2,,,5.4,,,,,,
1966-12-09,32.92,34.1,33.3,17.192,17.679,3.8,,,5.05,,,,,,,,480.2,,,5.4,,,,,,
1966-12-16,32.92,34.1,33.3,17.192,17.679,3.8,,,4.78,,,,,,,,480.2,,,5.4,,,,,,
1966-12-23,32.92,34.1,33.3,17.192,17.679,3.8,,,4.67,,,,,,,,480.2,,,5.4,,,,,,
1966-12-30,32.92,34.1,33.3,17.192,17.679,3.8,,,4.64,,,,,,,,480.2,,,5.4,,,,,,
1967-01-06,32.9,34.2,33.4,17.193,17.695,3.9,,,4.64,,,,,,,,481.6,,,4.94,,,,,,
1967-01-13,32.9,34.2,33.4,17.193,17.695,3.9,208000.0,,4.51,,,,,,,,481.6,,,4.94,,,,,,
1967-01-20,32.9,34.2,33.4,17.193,17.695,3.9,207000.0,,4.6,,,,,,,,481.6,,,4.94,,,,,,
1967-01-27,32.9,34.2,33.4,17.193,17.695,3.9,217000.0,,4.47,,,,,,,,481.6,,,4.94,,,,,,
1967-02-03,33.0,34.2,33.4,17.213,17.727,3.8,204000.0,,4.52,,,,,,,,485.1,,,5.0,,,,,,
1967-02-10,33.0,34.2,33.4,17.213,17.727,3.8,216000.0,,4.59,,,,,,,,485.1,,,5.0,,,,,,
1967-02-17,33.0,34.2,33.4,17.213,17.727,3.8,229000.0,,4.68,,,,,,,,485.1,,,5.0,,,,,,
1967-02-24,33.0,34.2,33.4,17.213,17.727,3.8,229000.0,,4.73,,,,,,,,485.1,,,5.0,,,,,,
1967-03-03,33.0,34.3,33.3,17.222,17.754,3.8,242000.0,,4.62,,,,,,,,489.7,,,4.53,,,,,,
1967-03-10,33.0,34.3,33.3,17.222,17.754,3.8,310000.0,,4.58,,,,,,,,489.7,,,4.53,,,,,,
1967-03-17,33.0,34.3,33.3,17.222,17.754,3.8,241000.0,,4.47,,,,,,,,489.7,,,4.53,,,,,,
1967-03-24,33.0,34.3,33.3,17.222,17.754,3.8,245000.0,,4.5,,,,,,,,489.7,,,4.53,,,,,,
1967-03-31,33.0,34.3,33.3,17.222,17.754,3.8,247000.0,,4.5,,,,,,,,489.7,,,4.53,,,,,,
1967-04-07,33.1,34.4,33.1,17.251,17.803,3.8,259000.0,,4.48,,,,,,,,492.1,,,4.05,,,,,,
1967-04-14,33.1,34.4,33.1,17.251,17.803,3.8,257000.0,,4.56,,,,,,,,492.1,,,4.05,,,,,,
1967-04-21,33.1,34.4,33.1,17.251,17.803,3.8,299000.0,,4.66,,,,,,,,492.1,,,4.05,,,,,,
1967-04-28,33.1,34.4,33.1,17.251,17.803,3.8,245000.0,,4.78,,,,,,,,492.1,,,4.05,,,,,,
1967-05-05,33.1,34.5,33.3,17.284,17.842,3.8,255000.0,,4.77,,,,,,,,497.2,,,3.94,,,,,,
1967-05-12,33.1,34.5,33.3,17.284,17.842,3.8,254000.0,,4.82,,,,,,,,497.2,,,3.94,,,,,,
1967-05-19,33.1,34.5,33.3,17.284,17.842,3.8,231000.0,,4.89,,,,,,,,497.2,,,3.94,,,,,,
1967-05-26,33.1,34.5,33.3,17.284,17.842,3.8,230000.0,,4.86,,,,,,,,497.2,,,3.94,,,,,,
1967-06-02,33.3,34.6,33.5,17.339,17.887,3.9,228000.0,,4.82,,,,,,,,502.0,,,3.98,,,,,,
1967-06-09,33.3,34.6,33.5,17.339,17.887,3.9,248000.0,,4.89,,,,,,,,502.0,,,3.98,,,,,,
1967-06-16,33.3,34.6,33.5,17.339,17.887,3.9,238000.0,,5.07,,,,,,,,502.0,,,3.98,,,,,,
1967-06-23,33.3,34.6,33.5,17.339,17.887,3.9,224000.0,,5.14,,,,,,,,502.0,,,3.98,,,,,,
1967-06-30,33.3,34.6,33.5,17.339,17.887,3.9,218000.0,,5.22,,,,,,,,502.0,,,3.98,,,,,,
1967-07-07,33.4,34.7,33.5,17.398,17.948,3.8,209000.0,,5.15,,,,,,,,506.3,,,3.79,,,,,,
1967-07-14,33.4,34.7,33.5,17.398,17.948,3.8,240000.0,,5.08,,,,,,,,506.3,,,3.79,,,,,,
1967-07-21,33.4,34.7,33.5,17.398,17.948,3.8,241000.0,,5.2,,,,,,,,506.3,,,3.79,,,,,,
1967-07-28,33.4,34.7,33.5,17.398,17.948,3.8,240000.0,,5.18,,,,,,,,506.3,,,3.79,,,,,,
1967-08-04,33.5,34.9,33.4,17.452,18.003,3.8,209000.0,,5.26,,,,,,,,510.8,,,3.9,,,,,,
1967-08-11,33.5,34.9,33.4,17.452,18.003,3.8,221000.0,,5.29,,,,,,,,510.8,,,3.9,,,,,,
1967-08-18,33.5,34.9,33.4,17.452,18.003,3.8,202000.0,,5.28,,,,,,,,510.8,,,3.9,,,,,,
1967-08-25,33.5,34.9,33.4,17.452,18.003,3.8,215000.0,,5.32,,,,,,,,510.8,,,3.9,,,,,,
1967-09-01,33.6,35.0,33.4,17.505,18.067,3.8,213000.0,,5.25,,,,,,,,514.7,,,3.99,,,,,,
1967-09-08,33.6,35.0,33.4,17.505,18.067,3.8,218000.0,,5.26,,,,,,,,514.7,,,3.99,,,,,,
1967-09-15,33.6,35.0,33.4,17.505,18.067,3.8,231000.0,,5.29,,,,,,,,514.7,,,3.99,,,,,,
1967-09-22,33.6,35.0,33.4,17.505,18.067,3.8,220000.0,,5.36,,,,,,,,514.7,,,3.99,,,,,,
1967-09-29,33.6,35.0,33.4,17.505,18.067,3.8,209000.0,,5.31,,,,,,,,514.7,,,3.99,,,,,,
1967-10-06,33.7,35.1,33.4,17.554,18.134,4.0,204000.0,,5.37,,,,,,,,518.2,,,3.88,,,,,,
1967-10-13,33.7,35.1,33.4,17.554,18.134,4.0,231000.0,,5.45,,,,,,,,518.2,,,3.88,,,,,,
1967-10-20,33.7,35.1,33.4,17.554,18.134,4.0,206000.0,,5.52,,,,,,,,518.2,,,3.88,,,,,,
1967-10-27,33.7,35.1,33.4,17.554,18.134,4.0,223000.0,,5.57,,,,,,,,518.2,,,3.88,,,,,,
1967-11-03,33.9,35.2,33.4,17.612,18.192,3.9,207000.0,,5.75,,,,,,,,521.2,,,4.13,,,,,,
1967-11-10,33.9,35.2,33.4,17.612,18.192,3.9,222000.0,,5.83,,,,,,,,521.2,,,4.13,,,,,,
1967-11-17,33.9,35.2,33.4,17.612,18.192,3.9,214000.0,,5.75,,,,,,,,521.2,,,4.13,,,,,,
1967-11-24,33.9,35.2,33.4,17.612,18.192,3.9,198000.0,,5.78,,,,,,,,521.2,,,4.13,,,,,,
1967-12-01,34.0,35.4,33.7,17.64,18.237,3.8,191000.0,,5.78,,,,,,,,524.8,,,4.51,,,,,,
1967-12-08,34.0,35.4,33.7,17.64,18.237,3.8,196000.0,,5.72,,,,,,,,524.8,,,4.51,,,,,,
1967-12-15,34.0,35.4,33.7,17.64,18.237,3.8,221000.0,,5.71,,,,,,,,524.8,,,4.51,,,,,,
1967-12-22,34.0,35.4,33.7,17.64,18.237,3.8,204000.0,,5.69,,,,,,,,524.8,,,4.51,,,,,,
1967-12-29,34.0,35.4,33.7,17.64,18.237,3.8,219000.0,,5.7,,,,,,,,524.8,,,4.51,,,,,,
1968-01-05,34.1,35.5,33.8,17.722,18.318,3.7,216000.0,,5.48,,,,,,,,527.4,,,4.61,,,,,,
1968-01-12,34.1,35.5,33.8,17.722,18.318,3.7,222000.0,,5.43,,,,,,,,527.4,,,4.61,,,,,,
1968-01-19,34.1,35.5,33.8,17.722,18.318,3.7,222000.0,,5.59,,,,,,,,527.4,,,4.61,,,,,,
1968-01-26,34.1,35.5,33.8,17.722,18.318,3.7,221000.0,,5.53,,,,,,,,527.4,,,4.61,,,,,,
1968-02-02,34.2,35.7,34.0,17.794,18.397,3.8,198000.0,,5.58,,,,,,,,530.4,,,4.71,,,,,,
1968-02-09,34.2,35.7,34.0,17.794,18.397,3.8,244000.0,,5.59,,,,,,,,530.4,,,4.71,,,,,,
1968-02-16,34.2,35.7,34.0,17.794,18.397,3.8,210000.0,,5.5,,,,,,,,530.4,,,4.71,,,,,,
1968-02-23,34.2,35.7,34.0,17.794,18.397,3.8,196000.0,,5.56,,,,,,,,530.4,,,4.71,,,,,,
1968-03-01,34.3,35.8,34.1,17.852,18.47,3.7,193000.0,,5.56,,,,,,,,533.2,,,5.05,,,,,,
1968-03-08,34.3,35.8,34.1,17.852,18.47,3.7,190000.0,,5.75,,,,,,,,533.2,,,5.05,,,,,,
1968-03-15,34.3,35.8,34.1,17.852,18.47,3.7,204000.0,,5.84,,,,,,,,533.2,,,5.05,,,,,,
1968-03-22,34.3,35.8,34.1,17.852,18.47,3.7,190000.0,,5.74,,,,,,,,533.2,,,5.05,,,,,,
1968-03-29,34.3,35.8,34.1,17.852,18.47,3.7,200000.0,,5.76,,,,,,,,533.2,,,5.05,,,,,,
1968-04-05,34.4,35.9,34.1,17.908,18.538,3.5,192000.0,,5.52,,,,,,,,535.7,,,5.76,,,,,,
1968-04-12,34.4,35.9,34.1,17.908,18.538,3.5,191000.0,,5.54,,,,,,,,535.7,,,5.76,,,,,,
1968-04-19,34.4,35.9,34.1,17.908,18.538,3.5,171000.0,,5.76,,,,,,,,535.7,,,5.76,,,,,,
1968-04-26,34.4,35.9,34.1,17.908,18.538,3.5,183000.0,,5.71,,,,,,,,535.7,,,5.76,,,,,,
1968-05-03,34.5,36.0,34.2,17.974,18.608,3.5,251000.0,,5.8,,,,,,,,538.9,,,6.12,,,,,,
1968-05-10,34.5,36.0,34.2,17.974,18.608,3.5,209000.0,,5.79,,,,,,,,538.9,,,6.12,,,,,,
1968-05-17,34.5,36.0,34.2,17.974,18.608,3.5,194000.0,,5.92,,,,,,,,538.9,,,6.12,,,,,,
1968-05-24,34.5,36.0,34.2,17.974,18.608,3.5,199000.0,,5.96,,,,,,,,538.9,,,6.12,,,,,,
1968-05-31,34.5,36.0,34.2,17.974,18.608,3.5,194000.0,,5.86,,,,,,,,538.9,,,6.12,,,,,,
1968-06-07,34.7,36.2,34.2,18.032,18.681,3.7,199000.0,,5.82,,,,,,,,542.6,,,6.07,,,,,,
1968-06-14,34.7,36.2,34.2,18.032,18.681,3.7,192000.0,,5.72,,,,,,,,542.6,,,6.07,,,,,,
1968-06-21,34.7,36.2,34.2,18.032,18.681,3.7,194000.0,,5.6,,,,,,,,542.6,,,6.07,,,,,,
1968-06-28,34.7,36.2,34.2,18.032,18.681,3.7,189000.0,,5.64,,,,,,,,542.6,,,6.07,,,,,,
1968-07-05,34.9,36.4,34.3,18.087,18.743,3.7,194000.0,,5.56,,,,,,,,545.6,,,6.03,,,,,,
1968-07-12,34.9,36.4,34.3,18.087,18.743,3.7,214000.0,,5.53,,,,,,,,545.6,,,6.03,,,,,,
1968-07-19,34.9,36.4,34.3,18.087,18.743,3.7,186000.0,,5.53,,,,,,,,545.6,,,6.03,,,,,,
1968-07-26,34.9,36.4,34.3,18.087,18.743,3.7,180000.0,,5.39,,,,,,,,545.6,,,6.03,,,,,,
1968-08-02,35.0,36.5,34.2,18.161,18.816,3.5,205000.0,,5.34,,,,,,,,549.4,,,6.03,,,,,,
1968-08-09,35.0,36.5,34.2,18.161,18.816,3.5,206000.0,,5.39,,,,,,,,549.4,,,6.03,,,,,,
1968-08-16,35.0,36.5,34.2,18.161,18.816,3.5,218000.0,,5.42,,,,,,,,549.4,,,6.03,,,,,,
1968-08-23,35.0,36.5,34.2,18.161,18.816,3.5,192000.0,,5.47,,,,,,,,549.4,,,6.03,,,,,,
1968-08-30,35.0,36.5,34.2,18.161,18.816,3.5,193000.0,,5.42,,,,,,,,549.4,,,6.03,,,,,,
1968-09-06,35.1,36.7,34.4,18.224,18.892,3.4,188000.0,,5.48,,,,,,,,553.6,,,5.78,,,,,,
1968-09-13,35.1,36.7,34.4,18.224,18.892,3.4,189000.0,,5.48,,,,,,,,553.6,,,5.78,,,,,,
1968-09-20,35.1,36.7,34.4,18.224,18.892,3.4,195000.0,,5.45,,,,,,,,553.6,,,5.78,,,,,,
1968-09-27,35.1,36.7,34.4,18.224,18.892,3.4,191000.0,,5.46,,,,,,,,553.6,,,5.78,,,,,,
1968-10-04,35.3,36.9,34.4,18.304,18.969,3.4,189000.0,,5.52,,,,,,,,557.6,,,5.91,,,,,,
1968-10-11,35.3,36.9,34.4,18.304,18.969,3.4,185000.0,,5.61,,,,,,,,557.6,,,5.91,,,,,,
1968-10-18,35.3,36.9,34.4,18.304,18.969,3.4,186000.0,,5.57,,,,,,,,557.6,,,5.91,,,,,,
1968-10-25,35.3,36.9,34.4,18.304,18.969,3.4,191000.0,,5.6,,,,,,,,557.6,,,5.91,,,,,,
1968-11-01,35.4,37.1,34.5,18.366,19.041,3.4,182000.0,,5.61,,,,,,,,562.4,,,5.82,,,,,,
1968-11-08,35.4,37.1,34.5,18.366,19.041,3.4,181000.0,,5.65,,,,,,,,562.4,,,5.82,,,,,,
1968-11-15,35.4,37.1,34.5,18.366,19.041,3.4,183000.0,,5.68,,,,,,,,562.4,,,5.82,,,,,,
1968-11-22,35.4,37.1,34.5,18.366,19.041,3.4,192000.0,,5.74,,,,,,,,562.4,,,5.82,,,,,,
1968-11-29,35.4,37.1,34.5,18.366,19.041,3.4,199000.0,,5.78,,,,,,,,562.4,,,5.82,,,,,,
1968-12-06,35.6,37.2,34.6,18.404,19.098,3.4,162000.0,,5.91,,,,,,,,566.8,,,6.02,,,,,,
1968-12-13,35.6,37.2,34.6,18.404,19.098,3.4,188000.0,,5.93,,,,,,,,566.8,,,6.02,,,,,,
1968-12-20,35.6,37.2,34.6,18.404,19.098,3.4,195000.0,,6.14,,,,,,,,566.8,,,6.02,,,,,,
1968-12-27,35.6,37.2,34.6,18.404,19.098,3.4,192000.0,,6.2,,,,,,,,566.8,,,6.02,,,,,,
1969-01-03,35.7,37.3,34.8,18.476,19.17,3.4,223000.0,,6.01,,,,,,,,569.3,,,6.3,,,,,,
1969-01-10,35.7,37.3,34.8,18.476,19.17,3.4,190000.0,,6.03,,,,,,,,569.3,,,6.3,,,,,,
1969-01-17,35.7,37.3,34.8,18.476,19.17,3.4,191000.0,,5.97,,,,,,,,569.3,,,6.3,,,,,,
1969-01-24,35.7,37.3,34.8,18.476,19.17,3.4,192000.0,,6.01,,,,,,,,569.3,,,6.3,,,,,,
1969-01-31,35.7,37.3,34.8,18.476,19.17,3.4,193000.0,,6.19,,,,,,,,569.3,,,6.3,,,,,,
1969-02-07,35.8,37.6,35.0,18.523,19.236,3.4,203000.0,,6.14,,,,,,,,571.9,,,6.61,,,,,,
1969-02-14,35.8,37.6,35.0,18.523,19.236,3.4,197000.0,,6.11,,,,,,,,571.9,,,6.61,,,,,,
1969-02-21,35.8,37.6,35.0,18.523,19.236,3.4,192000.0,,6.24,,,,,,,,571.9,,,6.61,,,,,,
1969-02-28,35.8,37.6,35.0,18.523,19.236,3.4,192000.0,,6.26,,,,,,,,571.9,,,6.61,,,,,,
1969-03-07,36.1,37.8,35.2,18.61,19.326,3.4,201000.0,,6.27,,,,,,,,574.4,,,6.79,,,,,,
1969-03-14,36.1,37.8,35.2,18.61,19.326,3.4,191000.0,,6.31,,,,,,,,574.4,,,6.79,,,,,,
1969-03-21,36.1,37.8,35.2,18.61,19.326,3.4,189000.0,,6.29,,,,,,,,574.4,,,6.79,,,,,,
1969-03-28,36.1,37.8,35.2,18.61,19.326,3.4,181000.0,,6.3,,,,,,,,574.4,,,6.79,,,,,,
1969-04-04,36.3,38.1,35.3,18.692,19.4,3.4,183000.0,,6.26,,,,,,,,575.7,,,7.41,,,,,,
1969-04-11,36.3,38.1,35.3,18.692,19.4,3.4,182000.0,,6.15,,,,,,,,575.7,,,7.41,,,,,,
1969-04-18,36.3,38.1,35.3,18.692,19.4,3.4,190000.0,,6.16,,,,,,,,575.7,,,7.41,,,,,,
1969-04-25,36.3,38.1,35.3,18.692,19.4,3.4,187000.0,,6.15,,,,,,,,575.7,,,7.41,,,,,,
1969-05-02,36.4,38.1,35.5,18.767,19.478,3.4,177000.0,,6.23,,,,,,,,576.5,,,8.67,,,,,,
1969-05-09,36.4,38.1,35.5,18.767,19.478,3.4,177000.0,,6.23,,,,,,,,576.5,,,8.67,,,,,,
1969-05-16,36.4,38.1,35.5,18.767,19.478,3.4,183000.0,,6.31,,,,,,,,576.5,,,8.67,,,,,,
1969-05-23,36.4,38.1,35.5,18.767,19.478,3.4,179000.0,,6.38,,,,,,,,576.5,,,8.67,,,,,,
1969-05-30,36.4,38.1,35.5,18.767,19.478,3.4,180000.0,,6.56,,,,,,,,576.5,,,8.67,,,,,,
1969-06-06,36.6,38.3,35.7,18.858,19.545,3.5,187000.0,,6.52,,,,,,,,578.5,,,8.9,,,,,,
1969-06-13,36.6,38.3,35.7,18.858,19.545,3.5,192000.0,,6.51,,,,,,,,578.5,,,8.9,,,,,,
1969-06-20,36.6,38.3,35.7,18.858,19.545,3.5,182000.0,,6.59,,,,,,,,578.5,,,8.9,,,,,,
1969-06-27,36.6,38.3,35.7,18.858,19.545,3.5,191000.0,,6.66,,,,,,,,578.5,,,8.9,,,,,,
1969-07-04,36.8,38.5,35.8,18.941,19.636,3.5,203000.0,,6.75,,,,,,,,579.5,,,8.61,,,,,,
1969-07-11,36.8,38.5,35.8,18.941,19.636,3.5,227000.0,,6.64,,,,,,,,579.5,,,8.61,,,,,,
1969-07-18,36.8,38.5,35.8,18.941,19.636,3.5,210000.0,,6.7,,,,,,,,579.5,,,8.61,,,,,,
1969-07-25,36.8,38.5,35.8,18.941,19.636,3.5,206000.0,,6.71,,,,,,,,579.5,,,8.61,,,,,,
1969-08-01,36.9,38.7,35.7,18.993,19.691,3.5,192000.0,,6.66,,,,,,,,580.1,,,9.19,,,,,,
1969-08-08,36.9,38.7,35.7,18.993,19.691,3.5,196000.0,,6.64,,,,,,,,580.1,,,9.19,,,,,,
1969-08-15,36.9,38.7,35.7,18.993,19.691,3.5,203000.0,,6.68,,,,,,,,580.1,,,9.19,,,,,,
1969-08-22,36.9,38.7,35.7,18.993,19.691,3.5,199000.0,,6.71,,,,,,,,580.1,,,9.19,,,,,,
1969-08-29,36.9,38.7,35.7,18.993,19.691,3.5,199000.0,,6.83,,,,,,,,580.1,,,9.19,,,,,,
1969-09-05,37.1,38.9,35.8,19.072,19.77,3.7,195000.0,,6.99,,,,,,,,582.1,,,9.15,,,,,,
1969-09-12,37.1,38.9,35.8,19.072,19.77,3.7,182000.0,,7.08,,,,,,,,582.1,,,9.15,,,,,,
1969-09-19,37.1,38.9,35.8,19.072,19.77,3.7,209000.0,,7.28,,,,,,,,582.1,,,9.15,,,,,,
1969-09-26,37.1,38.9,35.8,19.072,19.77,3.7,195000.0,,7.4,,,,,,,,582.1,,,9.15,,,,,,
1969-10-03,37.3,39.1,35.9,19.137,19.855,3.7,193000.0,,7.38,,,,,,,,583.4,,,9.0,,,,,,
1969-10-10,37.3,39.1,35.9,19.137,19.855,3.7,193000.0,,7.22,,,,,,,,583.4,,,9.0,,,,,,
1969-10-17,37.3,39.1,35.9,19.137,19.855,3.7,200000.0,,6.99,,,,,,,,583.4,,,9.0,,,,,,
1969-10-24,37.3,39.1,35.9,19.137,19.855,3.7,199000.0,,6.9,,,,,,,,583.4,,,9.0,,,,,,
1969-10-31,37.3,39.1,35.9,19.137,19.855,3.7,205000.0,,6.94,,,,,,,,583.4,,,9.0,,,,,,
1969-11-07,37.5,39.2,36.1,19.22,19.931,3.5,198000.0,,6.99,,,,,,,,585.4,,,8.85,,,,,,
1969-11-14,37.5,39.2,36.1,19.22,19.931,3.5,211000.0,,7.08,,,,,,,,585.4,,,8.85,,,,,,
1969-11-21,37.5,39.2,36.1,19.22,19.931,3.5,197000.0,,7.28,,,,,,,,585.4,,,8.85,,,,,,
1969-11-28,37.5,39.2,36.1,19.22,19.931,3.5,217000.0,,7.29,,,,,,,,585.4,,,8.85,,,,,,
1969-12-05,37.7,39.4,36.3,19.308,20.005,3.5,202000.0,,7.35,,,,,,,,587.9,,,8.97,,,,,,
1969-12-12,37.7,39.4,36.3,19.308,20.005,3.5,202000.0,,7.6,,,,,,,,587.9,,,8.97,,,,,,
1969-12-19,37.7,39.4,36.3,19.308,20.005,3.5,222000.0,,7.79,,,,,,,,587.9,,,8.97,,,,,,
1969-12-26,37.7,39.4,36.3,19.308,20.005,3.5,232000.0,,7.87,,,,,,,,587.9,,,8.97,,,,,,
1970-01-02,37.9,39.6,36.5,19.377,20.071,3.9,223000.0,,7.86,,,,,,,,589.6,,,8.98,,,,,,
1970-01-09,37.9,39.6,36.5,19.377,20.071,3.9,230000.0,,7.86,,,,,,,,589.6,,,8.98,,,,,,
1970-01-16,37.9,39.6,36.5,19.377,20.071,3.9,242000.0,,7.75,,,,,,,,589.6,,,8.98,,,,,,
1970-01-23,37.9,39.6,36.5,19.377,20.071,3.9,268000.0,,7.69,,,,,,,,589.6,,,8.98,,,,,,
1970-01-30,37.9,39.6,36.5,19.377,20.071,3.9,256000.0,,7.75,,,,,,,,589.6,,,8.98,,,,,,
1970-02-06,38.1,39.8,36.7,19.454,20.148,4.2,239000.0,,7.36,,,,,,,,586.3,,,8.98,,,,,,
1970-02-13,38.1,39.8,36.7,19.454,20.148,4.2,256000.0,,7.15,,,,,,,,586.3,,,8.98,,,,,,
1970-02-20,38.1,39.8,36.7,19.454,20.148,4.2,265000.0,,7.12,,,,,,,,586.3,,,8.98,,,,,,
1970-02-27,38.1,39.8,36.7,19.454,20.148,4.2,271000.0,,6.9,,,,,,,,586.3,,,8.98,,,,,,
1970-03-06,38.3,40.1,36.7,19.502,20.223,4.4,242000.0,,6.96,,,,,,,,587.3,,,7.76,,,,,,
1970-03-13,38.3,40.1,36.7,19.502,20.223,4.4,262000.0,,7.23,,,,,,,,587.3,,,7.76,,,,,,
1970-03-20,38.3,40.1,36.7,19.502,20.223,4.4,271000.0,,7.06,,,,,,,,587.3,,,7.76,,,,,,
1970-03-27,38.3,40.1,36.7,19.502,20.223,4.4,264000.0,,6.98,,,,,,,,587.3,,,7.76,,,,,,
1970-04-03,38.5,40.4,36.8,19.601,20.303,4.6,276000.0,,7.14,,,,,,,,588.4,,,8.1,,,,,,
1970-04-10,38.5,40.4,36.8,19.601,20.303,4.6,273000.0,,7.17,,,,,,,,588.4,,,8.1,,,,,,
1970-04-17,38.5,40.4,36.8,19.601,20.303,4.6,305000.0,,7.4,,,,,,,,588.4,,,8.1,,,,,,
1970-04-24,38.5,40.4,36.8,19.601,20.303,4.6,374000.0,,7.72,,,,,,,,588.4,,,8.1,,,,,,
1970-05-01,38.6,40.5,36.8,19.663,20.375,4.8,349000.0,,7.85,,,,,,,,591.5,,,7.95,,,,,,
1970-05-08,38.6,40.5,36.8,19.663,20.375,4.8,334000.0,,7.78,,,,,,,,591.5,,,7.95,,,,,,
1970-05-15,38.6,40.5,36.8,19.663,20.375,4.8,318000.0,,7.83,,,,,,,,591.5,,,7.95,,,,,,
1970-05-22,38.6,40.5,36.8,19.663,20.375,4.8,303000.0,,7.99,,,,,,,,591.5,,,7.95,,,,,,
1970-05-29,38.6,40.5,36.8,19.663,20.375,4.8,296000.0,,7.95,,,,,,,,591.5,,,7.95,,,,,,
1970-06-05,38.8,40.8,36.9,19.714,20.448,4.9,301000.0,,7.88,,,,,,,,595.2,,,7.61,,,,,,
1970-06-12,38.8,40.8,36.9,19.714,20.448,4.9,301000.0,,7.98,,,,,,,,595.2,,,7.61,,,,,,
1970-06-19,38.8,40.8,36.9,19.714,20.448,4.9,298000.0,,7.9,,,,,,,,595.2,,,7.61,,,,,,
1970-06-26,38.8,40.8,36.9,19.714,20.448,4.9,296000.0,,7.78,,,,,,,,595.2,,,7.61,,,,,,
1970-07-03,38.9,40.9,37.1,19.786,20.526,5.0,291000.0,,7.55,,,,,,,,599.1,,,7.21,,,,,,
1970-07-10,38.9,40.9,37.1,19.786,20.526,5.0,277000.0,,7.54,,,,,,,,599.1,,,7.21,,,,,,
1970-07-17,38.9,40.9,37.1,19.786,20.526,5.0,288000.0,,7.45,,,,,,,,599.1,,,7.21,,,,,,
1970-07-24,38.9,40.9,37.1,19.786,20.526,5.0,294000.0,,7.34,,,,,,,,599.1,,,7.21,,,,,,
1970-07-31,38.9,40.9,37.1,19.786,20.526,5.0,287000.0,,7.38,,,,,,,,599.1,,,7.21,,,,,,
1970-08-07,39.0,41.1,36.9,19.838,20.597,5.1,261000.0,,7.45,,,,,,,,604.9,,,6.62,,,,,,
1970-08-14,39.0,41.1,36.9,19.838,20.597,5.1,266000.0,,7.67,,,,,,,,604.9,,,6.62,,,,,,
1970-08-21,39.0,41.1,36.9,19.838,20.597,5.1,300000.0,,7.6,,,,,,,,604.9,,,6.62,,,,,,
1970-08-28,39.0,41.1,36.9,19.838,20.597,5.1,303000.0,,7.49,,,,,,,,604.9,,,6.62,,,,,,
1970-09-04,39.2,41.3,37.1,19.927,20.683,5.4,297000.0,,7.47,,,,,,,,611.2,,,6.29,,,,,,
1970-09-11,39.2,41.3,37.1,19.927,20.683,5.4,324000.0,,7.5,,,,,,,,611.2,,,6.29,,,,,,
1970-09-18,39.2,41.3,37.1,19.927,20.683,5.4,292000.0,,7.31,,,,,,,,611.2,,,6.29,,,,,,
1970-09-25,39.2,41.3,37.1,19.927,20.683,5.4,325000.0,,7.28,,,,,,,,611.2,,,6.29,,,,,,
1970-10-02,39.4,41.5,37.1,20.026,20.785,5.5,333000.0,,7.26,,,,,,,,616.4,,,6.2,,,,,,
1970-10-09,39.4,41.5,37.1,20.026,20.785,5.5,350000.0,,7.25,,,,,,,,616.4,,,6.2,,,,,,
1970-10-16,39.4,41.5,37.1,20.026,20.785,5.5,327000.0,,7.31,,,,,,,,616.4,,,6.2,,,,,,
1970-10-23,39.4,41.5,37.1,20.026,20.785,5.5,334000.0,,7.44,,,,,,,,616.4,,,6.2,,,,,,
1970-10-30,39.4,41.5,37.1,20.026,20.785,5.5,330000.0,,7.33,,,,,,,,616.4,,,6.2,,,,,,
1970-11-06,39.6,41.8,37.1,20.105,20.892,5.9,327000.0,,7.15,,,,,,,,621.1,,,5.6,,,,,,
1970-11-13,39.6,41.8,37.1,20.105,20.892,5.9,336000.0,,7.0,,,,,,,,621.1,,,5.6,,,,,,
1970-11-20,39.6,41.8,37.1,20.105,20.892,5.9,314000.0,,6.48,,,,,,,,621.1,,,5.6,,,,,,
1970-11-27,39.6,41.8,37.1,20.105,20.892,5.9,314000.0,,6.48,,,,,,,,621.1,,,5.6,,,,,,
1970-12-04,39.8,42.0,37.1,20.194,20.997,6.1,337000.0,,6.21,,,,,,,,626.5,,,4.9,,,,,,
1970-12-11,39.8,42.0,37.1,20.194,20.997,6.1,308000.0,,6.31,,,,,,,,626.5,,,4.9,,,,,,
1970-12-18,39.8,42.0,37.1,20.194,20.997,6.1,306000.0,,6.33,,,,,,,,626.5,,,4.9,,,,,,
1970-12-25,39.8,42.0,37.1,20.194,20.997,6.1,289000.0,,6.53,,,,,,,,626.5,,,4.9,,,,,,
1971-01-01,39.9,42.1,37.3,20.237,21.08,5.9,321000.0,,6.5,,,,,,,,632.9,,,4.14,,,,,,
1971-01-08,39.9,42.1,37.3,20.237,21.08,5.9,303000.0,,6.44,,,,,,,,632.9,,,4.14,,,,,,
1971-01-15,39.9,42.1,37.3,20.237,21.08,5.9,288000.0,,6.22,,,,,,,,632.9,,,4.14,,,,,,
1971-01-22,39.9,42.1,37.3,20.237,21.08,5.9,299000.0,,6.06,,,,,,,,632.9,,,4.14,,,,,,
1971-01-29,39.9,42.1,37.3,20.237,21.08,5.9,312000.0,,6.09,,,,,,,,632.9,,,4.14,,,,,,
1971-02-05,39.9,42.2,37.7,20.296,21.16,5.9,292000.0,,6.1,,,,,,,,641.0,,,3.72,,,,,,
1971-02-12,39.9,42.2,37.7,20.296,21.16,5.9,296000.0,,6.08,,,,,,,,641.0,,,3.72,,,,,,
1971-02-19,39.9,42.2,37.7,20.296,21.16,5.9,282000.0,,6.12,,,,,,,,641.0,,,3.72,,,,,,
1971-02-26,39.9,42.2,37.7,20.296,21.16,5.9,268000.0,,6.14,,,,,,,,641.0,,,3.72,,,,,,
1971-03-05,40.0,42.2,37.8,20.363,21.228,6.0,290000.0,,6.03,,,,,,,,649.9,,,3.71,,,,,,
1971-03-12,40.0,42.2,37.8,20.363,21.228,6.0,297000.0,,5.72,,,,,,,,649.9,,,3.71,,,,,,
1971-03-19,40.0,42.2,37.8,20.363,21.228,6.0,287000.0,,5.51,,,,,,,,649.9,,,3.71,,,,,,
1971-03-26,40.0,42.2,37.8,20.363,21.228,6.0,291000.0,,5.48,,,,,,,,649.9,,,3.71,,,,,,
1971-04-02,40.1,42.4,37.9,20.443,21.307,5.9,300000.0,,5.6,,,,,,,,658.4,,,4.16,,,,,,
1971-04-09,40.1,42.4,37.9,20.443,21.307,5.9,299000.0,,5.62,,,,,,,,658.4,,,4.16,,,,,,
1971-04-16,40.1,42.4,37.9,20.443,21.307,5.9,279000.0,,5.82,,,,,,,,658.4,,,4.16,,,,,,
1971-04-23,40.1,42.4,37.9,20.443,21.307,5.9,284000.0,,6.01,,,,,,,,658.4,,,4.16,,,,,,
1971-04-30,40.1,42.4,37.9,20.443,21.307,5.9,288000.0,,6.08,,,,,,,,658.4,,,4.16,,,,,,
1971-05-07,40.3,42.6,38.1,20.528,21.4,5.9,290000.0,,6.25,,,,,,,,666.7,,,4.63,,,,,,
1971-05-14,40.3,42.6,38.1,20.528,21.4,5.9,293000.0,,6.49,,,,,,,,666.7,,,4.63,,,,,,
1971-05-21,40.3,42.6,38.1,20.528,21.4,5.9,284000.0,,6.53,,,,,,,,666.7,,,4.63,,,,,,
1971-05-28,40.3,42.6,38.1,20.528,21.4,5.9,295000.0,,6.38,,,,,,,,666.7,,,4.63,,,,,,
1971-06-04,40.5,42.8,38.2,20.619,21.485,5.9,299000.0,,6.26,,,,,,,,673.0,,,4.91,,,,,,
1971-06-11,40.5,42.8,38.2,20.619,21.485,5.9,301000.0,,6.5,,,,,,,,673.0,,,4.91,,,,,,
1971-06-18,40.5,42.8,38.2,20.619,21.485,5.9,295000.0,,6.58,,,,,,,,673.0,,,4.91,,,,,,
1971-06-25,40.5,42.8,38.2,20.619,21.485,5.9,299000.0,,6.62,,,,,,,,673.0,,,4.91,,,,,,
1971-07-02,40.6,42.9,38.3,20.681,21.567,6.0,291000.0,,6.69,,,,,,,,679.6,,,5.31,,,,,,
1971-07-09,40.6,42.9,38.3,20.681,21.567,6.0,277000.0,,6.68,,,,,,,,679.6,,,5.31,,,,,,
1971-07-16,40.6,42.9,38.3,20.681,21.567,6.0,264000.0,,6.66,,,,,,,,679.6,,,5.31,,,,,,
1971-07-23,40.6,42.9,38.3,20.681,21.567,6.0,313000.0,,6.84,,,,,,,,679.6,,,5.31,,,,,,
1971-07-30,40.6,42.9,38.3,20.681,21.567,6.0,304000.0,,6.85,,,,,,,,679.6,,,5.31,,,,,,
1971-08-06,40.7,43.0,38.5,20.741,21.597,6.1,308000.0,,6.86,,,,,,,,685.5,,,5.57,,,,,,
1971-08-13,40.7,43.0,38.5,20.741,21.597,6.1,349000.0,,6.68,,,,,,,,685.5,,,5.57,,,,,,
1971-08-20,40.7,43.0,38.5,20.741,21.597,6.1,325000.0,,6.37,,,,,,,,685.5,,,5.57,,,,,,
1971-08-27,40.7,43.0,38.5,20.741,21.597,6.1,320000.0,,6.33,,,,,,,,685.5,,,5.57,,,,,,
1971-09-03,40.8,43.0,38.3,20.772,21.633,6.0,307000.0,,6.12,,,,,,,,692.5,,,5.55,,,,,,
1971-09-10,40.8,43.0,38.3,20.772,21.633,6.0,359000.0,,6.12,,,,,,,,692.5,,,5.55,,,,,,
1971-09-17,40.8,43.0,38.3,20.772,21.633,6.0,312000.0,,6.13,,,,,,,,692.5,,,5.55,,,,,,
1971-09-24,40.8,43.0,38.3,20.772,21.633,6.0,302000.0,,6.16,,,,,,,,692.5,,,5.55,,,,,,
1971-10-01,40.9,43.1,38.3,20.804,21.667,5.8,308000.0,,6.0,,,,,,,,698.4,,,5.2,,,,,,
1971-10-08,40.9,43.1,38.3,20.804,21.667,5.8,299000.0,,5.94,,,,,,,,698.4,,,5.2,,,,,,
1971-10-15,40.9,43.1,38.3,20.804,21.667,5.8,313000.0,,5.9,,,,,,,,698.4,,,5.2,,,,,,
1971-10-22,40.9,43.1,38.3,20.804,21.667,5.8,299000.0,,5.9,,,,,,,,698.4,,,5.2,,,,,,
1971-10-29,40.9,43.1,38.3,20.804,21.667,5.8,294000.0,,5.87,,,,,,,,698.4,,,5.2,,,,,,
1971-11-05,41.0,43.2,38.3,20.847,21.716,6.0,283000.0,,5.72,,,,,,,,704.6,,,4.91,,,,,,
1971-11-12,41.0,43.2,38.3,20.847,21.716,6.0,301000.0,,5.77,,,,,,,,704.6,,,4.91,,,,,,
1971-11-19,41.0,43.2,38.3,20.847,21.716,6.0,295000.0,,5.79,,,,,,,,704.6,,,4.91,,,,,,
1971-11-26,41.0,43.2,38.3,20.847,21.716,6.0,274000.0,,5.94,,,,,,,,704.6,,,4.91,,,,,,
1971-12-03,41.1,43.3,38.6,20.929,21.784,6.0,278000.0,,5.88,,,,,,,,710.3,,,4.14,,,,,,
1971-12-10,41.1,43.3,38.6,20.929,21.784,6.0,299000.0,,5.93,,,,,,,,710.3,,,4.14,,,,,,
1971-12-17,41.1,43.3,38.6,20.929,21.784,6.0,280000.0,,5.93,,,,,,,,710.3,,,4.14,,,,,,
1971-12-24,41.1,43.3,38.6,20.929,21.784,6.0,269000.0,,5.97,,,,,,,,710.3,,,4.14,,,,,,
1971-12-31,41.1,43.3,38.6,20.929,21.784,6.0,244000.0,,5.89,,,,,,,,710.3,,,4.14,,,,,,
1972-01-07,41.2,43.5,38.8,21.015,21.877,5.8,279000.0,,5.88,,,,,,,,717.7,,,3.51,,,,,,
1972-01-14,41.2,43.5,38.8,21.015,21.877,5.8,295000.0,,5.85,,,,,,,,717.7,,,3.51,,,,,,
1972-01-21,41.2,43.5,38.8,21.015,21.877,5.8,250000.0,,5.99,,,,,,,,717.7,,,3.51,,,,,,
1972-01-28,41.2,43.5,38.8,21.015,21.877,5.8,263000.0,,6.08,,,,,,,,717.7,,,3.51,,,,,,
1972-02-04,41.4,43.6,39.2,21.098,21.936,5.7,269000.0,,6.08,,,,,,,,725.7,,,3.3,,,,,,
1972-02-11,41.4,43.6,39.2,21.098,21.936,5.7,276000.0,,6.12,,,,,,,,725.7,,,3.3,,,,,,
1972-02-18,41.4,43.6,39.2,21.098,21.936,5.7,266000.0,,6.06,,,,,,,,725.7,,,3.3,,,,,,
1972-02-25,41.4,43.6,39.2,21.098,21.936,5.7,258000.0,,6.06,,,,,,,,725.7,,,3.3,,,,,,
1972-03-03,41.4,43.6,39.2,21.128,21.979,5.8,254000.0,,6.02,,,,,,,,733.5,,,3.83,,,,,,
1972-03-10,41.4,43.6,39.2,21.128,21.979,5.8,257000.0,,6.03,,,,,,,,733.5,,,3.83,,,,,,
1972-03-17,41.4,43.6,39.2,21.128,21.979,5.8,264000.0,,6.08,,,,,,,,733.5,,,3.83,,,,,,
1972-03-24,41.4,43.6,39.2,21.128,21.979,5.8,266000.0,,6.12,,,,,,,,733.5,,,3.83,,,,,,
1972-03-31,41.4,43.6,39.2,21.128,21.979,5.8,264000.0,,6.12,,,,,,,,733.5,,,3.83,,,,,,
1972-04-07,41.5,43.8,39.3,21.16,22.03,5.7,258000.0,,6.18,,,,,,,,738.4,,,4.17,,,,,,
1972-04-14,41.5,43.8,39.3,21.16,22.03,5.7,274000.0,,6.25,,,,,,,,738.4,,,4.17,,,,,,
1972-04-21,41.5,43.8,39.3,21.16,22.03,5.7,259000.0,,6.2,,,,,,,,738.4,,,4.17,,,,,,
1972-04-28,41.5,43.8,39.3,21.16,22.03,5.7,259000.0,,6.14,,,,,,,,738.4,,,4.17,,,,,,
1972-05-05,41.6,43.9,39.5,21.207,22.081,5.7,265000.0,,6.17,,,,,,,,743.3,,,4.27,,,,,,
1972-05-12,41.6,43.9,39.5,21.207,22.081,5.7,271000.0,,6.16,,,,,,,,743.3,,,4.27,,,,,,
1972-05-19,41.6,43.9,39.5,21.207,22.081,5.7,266000.0,,6.1,,,,,,,,743.3,,,4.27,,,,,,
1972-05-26,41.6,43.9,39.5,21.207,22.081,5.7,267000.0,,6.04,,,,,,,,743.3,,,4.27,,,,,,
1972-06-02,41.7,44.0,39.7,21.239,22.126,5.7,267000.0,,6.09,,,,,,,,749.7,,,4.46,,,,,,
1972-06-09,41.7,44.0,39.7,21.239,22.126,5.7,264000.0,,6.11,,,,,,,,749.7,,,4.46,,,,,,
1972-06-16,41.7,44.0,39.7,21.239,22.126,5.7,268000.0,,6.1,,,,,,,,749.7,,,4.46,,,,,,
1972-06-23,41.7,44.0,39.7,21.239,22.126,5.7,275000.0,,6.1,,,,,,,,749.7,,,4.46,,,,,,
1972-06-30,41.7,44.0,39.7,21.239,22.126,5.7,286000.0,,6.15,,,,,,,,749.7,,,4.46,,,,,,
1972-07-07,41.8,44.1,40.0,21.315,22.189,5.6,350000.0,,6.13,,,,,,,,759.5,,,4.55,,,,,,
1972-07-14,41.8,44.1,40.0,21.315,22.189,5.6,297000.0,,6.1,,,,,,,,759.5,,,4.55,,,,,,
1972-07-21,41.8,44.1,40.0,21.315,22.189,5.6,318000.0,,6.1,,,,,,,,759.5,,,4.55,,,,,,
1972-07-28,41.8,44.1,40.0,21.315,22.189,5.6,276000.0,,6.12,,,,,,,,759.5,,,4.55,,,,,,
1972-08-04,41.9,44.3,40.1,21.377,22.236,5.6,247000.0,,6.16,,,,,,,,768.7,,,4.81,,,,,,
1972-08-11,41.9,44.3,40.1,21.377,22.236,5.6,250000.0,,6.14,,,,,,,,768.7,,,4.81,,,,,,
1972-08-18,41.9,44.3,40.1,21.377,22.236,5.6,246000.0,,6.21,,,,,,,,768.7,,,4.81,,,,,,
1972-08-25,41.9,44.3,40.1,21.377,22.236,5.6,256000.0,,6.26,,,,,,,,768.7,,,4.81,,,,,,
1972-09-01,42.1,44.3,40.2,21.473,22.31,5.5,262000.0,,6.43,,,,,,,,778.3,,,4.87,,,,,,
1972-09-08,42.1,44.3,40.2,21.473,22.31,5.5,258000.0,,6.56,,,,,,,,778.3,,,4.87,,,,,,
1972-09-15,42.1,44.3,40.2,21.473,22.31,5.5,259000.0,,6.56,,,,,,,,778.3,,,4.87,,,,,,
1972-09-22,42.1,44.3,40.2,21.473,22.31,5.5,258000.0,,6.62,,,,,,,,778.3,,,4.87,,,,,,
1972-09-29,42.1,44.3,40.2,21.473,22.31,5.5,255000.0,,6.54,,,,,,,,778.3,,,4.87,,,,,,
1972-10-06,42.2,44.4,40.1,21.497,22.323,5.6,251000.0,,6.52,,,,,,,,786.9,,,5.05,,,,,,
1972-10-13,42.2,44.4,40.1,21.497,22.323,5.6,263000.0,,6.5,,,,,,,,786.9,,,5.05,,,,,,
1972-10-20,42.2,44.4,40.1,21.497,22.323,5.6,250000.0,,6.47,,,,,,,,786.9,,,5.05,,,,,,
1972-10-27,42.2,44.4,40.1,21.497,22.323,5.6,257000.0,,6.42,,,,,,,,786.9,,,5.05,,,,,,
1972-11-03,42.4,44.4,40.3,21.561,22.382,5.3,234000.0,,6.3,,,,,,,,793.9,,,5.06,,,,,,
1972-11-10,42.4,44.4,40.3,21.561,22.382,5.3,255000.0,,6.3,,,,,,,,793.9,,,5.06,,,,,,
1972-11-17,42.4,44.4,40.3,21.561,22.382,5.3,242000.0,,6.24,,,,,,,,793.9,,,5.06,,,,,,
1972-11-24,42.4,44.4,40.3,21.561,22.382,5.3,271000.0,,6.27,,,,,,,,793.9,,,5.06,,,,,,
1972-12-01,42.5,44.6,41.1,21.63,22.449,5.2,235000.0,,6.29,,,,,,,,802.3,,,5.33,,,,,,
1972-12-08,42.5,44.6,41.1,21.63,22.449,5.2,226000.0,,6.32,,,,,,,,802.3,,,5.33,,,,,,
1972-12-15,42.5,44.6,41.1,21.63,22.449,5.2,252000.0,,6.35,,,,,,,,802.3,,,5.33,,,,,,
1972-12-22,42.5,44.6,41.1,21.63,22.449,5.2,263000.0,,6.4,,,,,,,,802.3,,,5.33,,,,,,
1972-12-29,42.5,44.6,41.1,21.63,22.449,5.2,246000.0,,6.41,,,,,,,,802.3,,,5.33,,,,,,
1973-01-05,42.7,44.6,41.6,21.695,22.463,4.9,225000.0,,6.42,,,,,,,,810.3,,,5.94,,,,,,
1973-01-12,42.7,44.6,41.6,21.695,22.463,4.9,226000.0,,6.44,,,,,,,,810.3,,,5.94,,,,,,
1973-01-19,42.7,44.6,41.6,21.695,22.463,4.9,245000.0,,6.49,,,,,,,,810.3,,,5.94,,,,,,
1973-01-26,42.7,44.6,41.6,21.695,22.463,4.9,229000.0,,6.53,,,,,,,,810.3,,,5.94,,,,,,
1973-02-02,43.0,44.8,42.4,21.809,22.534,5.0,214000.0,,6.64,,,,,,,,814.1,,,6.58,,,,,,
1973-02-09,43.0,44.8,42.4,21.809,22.534,5.0,228000.0,,6.63,,,,,,,,814.1,,,6.58,,,,,,
1973-02-16,43.0,44.8,42.4,21.809,22.534,5.0,226000.0,,6.63,,,,,,,,814.1,,,6.58,,,,,,
1973-02-23,43.0,44.8,42.4,21.809,22.534,5.0,216000.0,,6.61,,,,,,,,814.1,,,6.58,,,,,,
1973-03-02,43.4,45.0,43.4,21.964,22.625,4.9,218000.0,,6.67,,,,,,,,815.3,,,7.09,,,,,,
1973-03-09,43.4,45.0,43.4,21.964,22.625,4.9,225000.0,,6.68,,,,,,,,815.3,,,7.09,,,,,,
1973-03-16,43.4,45.0,43.4,21.964,22.625,4.9,229000.0,,6.77,,,,,,,,815.3,,,7.09,,,,,,
1973-03-23,43.4,45.0,43.4,21.964,22.625,4.9,228000.0,,6.76,,,,,,,,815.3,,,7.09,,,,,,
1973-03-30,43.4,45.0,43.4,21.964,22.625,4.9,232000.0,,6.73,,,,,,,,815.3,,,7.09,,,,,,
1973-04-06,43.7,45.1,43.6,22.127,22.756,5.0,222000.0,,6.64,,,,,,,,819.7,,,7.12,,,,,,
1973-04-13,43.7,45.1,43.6,22.127,22.756,5.0,247000.0,,6.63,,,,,,,,819.7,,,7.12,,,,,,
1973-04-20,43.7,45.1,43.6,22.127,22.756,5.0,230000.0,,6.66,,,,,,,,819.7,,,7.12,,,,,,
1973-04-27,43.7,45.1,43.6,22.127,22.756,5.0,243000.0,,6.69,,,,,,,,819.7,,,7.12,,,,,,
1973-05-04,43.9,45.3,44.5,22.236,22.844,4.9,236000.0,,6.79,,,,,,,,826.8,,,7.84,,,,,,
1973-05-11,43.9,45.3,44.5,22.236,22.844,4.9,248000.0,,6.82,,,,,,,,826.8,,,7.84,,,,,,
1973-05-18,43.9,45.3,44.5,22.236,22.844,4.9,238000.0,,6.86,,,,,,,,826.8,,,7.84,,,,,,
1973-05-25,43.9,45.3,44.5,22.236,22.844,4.9,237000.0,,6.91,,,,,,,,826.8,,,7.84,,,,,,
1973-06-01,44.2,45.4,45.5,22.363,22.943,4.9,238000.0,,6.96,,,,,,,,833.3,,,8.49,,,,,,
1973-06-08,44.2,45.4,45.5,22.363,22.943,4.9,232000.0,,6.87,,,,,,,,833.3,,,8.49,,,,,,
1973-06-15,44.2,45.4,45.5,22.363,22.943,4.9,246000.0,,6.86,,,,,,,,833.3,,,8.49,,,,,,
1973-06-22,44.2,45.4,45.5,22.363,22.943,4.9,237000.0,,6.91,,,,,,,,833.3,,,8.49,,,,,,
1973-06-29,44.2,45.4,45.5,22.363,22.943,4.9,242000.0,,6.94,,,,,,,,833.3,,,8.49,,,,,,
1973-07-06,44.2,45.5,44.9,22.444,23.041,4.8,237000.0,,7.03,,,,,,,,836.5,,,10.4,,,,,,
1973-07-13,44.2,45.5,44.9,22.444,23.041,4.8,248000.0,,7.05,,,,,,,,836.5,,,10.4,,,,,,
1973-07-20,44.2,45.5,44.9,22.444,23.041,4.8,232000.0,,7.17,,,,,,,,836.5,,,10.4,,,,,,
1973-07-27,44.2,45.5,44.9,22.444,23.041,4.8,241000.0,,7.35,,,,,,,,836.5,,,10.4,,,,,,
1973-08-03,45.0,45.7,47.5,22.703,23.148,4.8,250000.0,,7.53,,,,,,,,838.8,,,10.5,,,,,,
1973-08-10,45.0,45.7,47.5,22.703,23.148,4.8,256000.0,,7.52,,,,,,,,838.8,,,10.5,,,,,,
1973-08-17,45.0,45.7,47.5,22.703,23.148,4.8,265000.0,,7.28,,,,,,,,838.8,,,10.5,,,,,,
1973-08-24,45.0,45.7,47.5,22.703,23.148,4.8,258000.0,,7.23,,,,,,,,838.8,,,10.5,,,,,,
1973-08-31,45.0,45.7,47.5,22.703,23.148,4.8,254000.0,,7.25,,,,,,,,838.8,,,10.5,,,,,,
1973-09-07,45.2,46.0,46.7,22.793,23.265,4.8,242000.0,,7.11,,,,,,,,839.3,,,10.78,,,,,,
1973-09-14,45.2,46.0,46.7,22.793,23.265,4.8,252000.0,,7.21,,,,,,,,839.3,,,10.78,,,,,,
1973-09-21,45.2,46.0,46.7,22.793,23.265,4.8,245000.0,,7.02,,,,,,,,839.3,,,10.78,,,,,,
1973-09-28,45.2,46.0,46.7,22.793,23.265,4.8,246000.0,,6.9,,,,,,,,839.3,,,10.78,,,,,,
1973-10-05,45.6,46.3,46.3,22.922,23.355,4.6,249000.0,,6.86,,,,,,,,842.6,,,10.01,,,,,,
1973-10-12,45.6,46.3,46.3,22.922,23.355,4.6,236000.0,,6.75,,,,,,,,842.6,,,10.01,,,,,,
1973-10-19,45.6,46.3,46.3,22.922,23.355,4.6,246000.0,,6.8,,,,,,,,842.6,,,10.01,,,,,,
1973-10-26,45.6,46.3,46.3,22.922,23.355,4.6,249000.0,,6.72,,,,,,,,842.6,,,10.01,,,,,,
1973-11-02,45.9,46.5,46.5,23.11,23.468,4.8,235000.0,,6.72,,,,,,,,848.9,,,10.03,,,,,,
1973-11-09,45.9,46.5,46.5,23.11,23.468,4.8,246000.0,,6.76,,,,,,,,848.9,,,10.03,,,,,,
1973-11-16,45.9,46.5,46.5,23.11,23.468,4.8,282000.0,,6.72,,,,,,,,848.9,,,10.03,,,,,,
1973-11-23,45.9,46.5,46.5,23.11,23.468,4.8,254000.0,,6.7,,,,,,,,848.9,,,10.03,,,,,,
1973-11-30,45.9,46.5,46.5,23.11,23.468,4.8,233000.0,,6.69,,,,,,,,848.9,,,10.03,,,,,,
1973-12-07,46.3,46.7,47.4,23.3,23.598,4.9,256000.0,,6.74,,,,,,,,855.5,,,9.95,,,,,,
1973-12-14,46.3,46.7,47.4,23.3,23.598,4.9,266000.0,,6.68,,,,,,,,855.5,,,9.95,,,,,,
1973-12-21,46.3,46.7,47.4,23.3,23.598,4.9,272000.0,,6.78,,,,,,,,855.5,,,9.95,,,,,,
1973-12-28,46.3,46.7,47.4,23.3,23.598,4.9,326000.0,,6.91,,,,,,,,855.5,,,9.95,,,,,,
1974-01-04,46.8,46.9,49.0,23.523,23.714,5.1,300000.0,,6.94,,,,,,,,859.7,,,9.65,,,,,,
1974-01-11,46.8,46.9,49.0,23.523,23.714,5.1,269000.0,,7.01,,,,,,,,859.7,,,9.65,,,,,,
1974-01-18,46.8,46.9,49.0,23.523,23.714,5.1,340000.0,,6.98,,,,,,,,859.7,,,9.65,,,,,,
1974-01-25,46.8,46.9,49.0,23.523,23.714,5.1,321000.0,,7.02,,,,,,,,859.7,,,9.65,,,,,,
1974-02-01,47.3,47.2,50.0,23.797,23.865,5.2,291000.0,,7.0,,,,,,,,864.2,,,8.97,,,,,,
1974-02-08,47.3,47.2,50.0,23.797,23.865,5.2,302000.0,,6.93,,,,,,,,864.2,,,8.97,,,,,,
1974-02-15,47.3,47.2,50.0,23.797,23.865,5.2,369000.0,,6.93,,,,,,,,864.2,,,8.97,,,,,,
1974-02-22,47.3,47.2,50.0,23.797,23.865,5.2,311000.0,,6.97,,,,,,,,864.2,,,8.97,,,,,,
1974-03-01,47.8,47.6,50.6,24.073,24.051,5.1,292000.0,,7.08,,,,,,,,870.1,,,9.35,,,,,,
1974-03-08,47.8,47.6,50.6,24.073,24.051,5.1,301000.0,,7.06,,,,,,,,870.1,,,9.35,,,,,,
1974-03-15,47.8,47.6,50.6,24.073,24.051,5.1,305000.0,,7.18,,,,,,,,870.1,,,9.35,,,,,,
1974-03-22,47.8,47.6,50.6,24.073,24.051,5.1,315000.0,,7.35,,,,,,,,870.1,,,9.35,,,,,,
1974-03-29,47.8,47.6,50.6,24.073,24.051,5.1,314000.0,,7.41,,,,,,,,870.1,,,9.35,,,,,,
1974-04-05,48.1,47.9,51.0,24.243,24.231,5.1,323000.0,,7.54,,,,,,,,872.9,,,10.51,,,,,,
1974-04-12,48.1,47.9,51.0,24.243,24.231,5.1,296000.0,,7.45,,,,,,,,872.9,,,10.51,,,,,,
1974-04-19,48.1,47.9,51.0,24.243,24.231,5.1,297000.0,,7.51,,,,,,,,872.9,,,10.51,,,,,,
1974-04-26,48.1,47.9,51.0,24.243,24.231,5.1,296000.0,,7.64,,,,,,,,872.9,,,10.51,,,,,,
1974-05-03,48.6,48.5,51.8,24.482,24.464,5.1,283000.0,,7.65,,,,,,,,874.6,,,11.31,,,,,,
1974-05-10,48.6,48.5,51.8,24.482,24.464,5.1,287000.0,,7.63,,,,,,,,874.6,,,11.31,,,,,,
1974-05-17,48.6,48.5,51.8,24.482,24.464,5.1,296000.0,,7.57,,,,,,,,874.6,,,11.31,,,,,,
1974-05-24,48.6,48.5,51.8,24.482,24.464,5.1,298000.0,,7.49,,,,,,,,874.6,,,11.31,,,,,,
1974-05-31,48.6,48.5,51.8,24.482,24.464,5.1,309000.0,,7.52,,,,,,,,874.6,,,11.31,,,,,,
1974-06-07,49.0,49.0,52.0,24.69,24.715,5.4,278000.0,,7.46,,,,,,,,877.8,,,11.93,,,,,,
1974-06-14,49.0,49.0,52.0,24.69,24.715,5.4,314000.0,,7.5,,,,,,,,877.8,,,11.93,,,,,,
1974-06-21,49.0,49.0,52.0,24.69,24.715,5.4,303000.0,,7.55,,,,,,,,877.8,,,11.93,,,,,,
1974-06-28,49.0,49.0,52.0,24.69,24.715,5.4,308000.0,,7.64,,,,,,,,877.8,,,11.93,,,,,,
1974-07-05,49.3,49.5,54.0,24.872,24.934,5.5,325000.0,,7.71,,,,,,,,881.4,,,12.92,,,,,,
1974-07-12,49.3,49.5,54.0,24.872,24.934,5.5,311000.0,,7.85,,,,,,,,881.4,,,12.92,,,,,,
1974-07-19,49.3,49.5,54.0,24.872,24.934,5.5,304000.0,,7.87,,,,,,,,881.4,,,12.92,,,,,,
1974-07-26,49.3,49.5,54.0,24.872,24.934,5.5,303000.0,,7.79,,,,,,,,881.4,,,12.92,,,,,,
1974-08-02,49.9,50.2,55.9,25.132,25.174,5.5,320000.0,,7.96,,,,,,,,884.1,,,12.01,,,,,,
1974-08-09,49.9,50.2,55.9,25.132,25.174,5.5,335000.0,,8.03,,,,,,,,884.1,,,12.01,,,,,,
1974-08-16,49.9,50.2,55.9,25.132,25.174,5.5,347000.0,,8.0,,,,,,,,884.1,,,12.01,,,,,,
1974-08-23,49.9,50.2,55.9,25.132,25.174,5.5,332000.0,,8.15,,,,,,,,884.1,,,12.01,,,,,,
1974-08-30,49.9,50.2,55.9,25.132,25.174,5.5,343000.0,,8.11,,,,,,,,884.1,,,12.01,,,,,,
1974-09-06,50.6,50.7,55.9,25.393,25.4,5.9,350000.0,,8.09,,,,,,,,887.9,,,11.34,,,,,,
1974-09-13,50.6,50.7,55.9,25.393,25.4,5.9,350000.0,,8.13,,,,,,,,887.9,,,11.34,,,,,,
1974-09-20,50.6,50.7,55.9,25.393,25.4,5.9,357000.0,,8.02,,,,,,,,887.9,,,11.34,,,,,,
1974-09-27,50.6,50.7,55.9,25.393,25.4,5.9,370000.0,,7.94,,,,,,,,887.9,,,11.34,,,,,,
1974-10-04,51.0,51.2,56.9,25.575,25.599,6.0,366000.0,,8.02,,,,,,,,893.3,,,10.06,,,,,,
1974-10-11,51.0,51.2,56.9,25.575,25.599,6.0,371000.0,,7.88,,,,,,,,893.3,,,10.06,,,,,,
1974-10-18,51.0,51.2,56.9,25.575,25.599,6.0,413000.0,,7.86,,,,,,,,893.3,,,10.06,,,,,,
1974-10-25,51.0,51.2,56.9,25.575,25.599,6.0,389000.0,,7.86,,,,,,,,893.3,,,10.06,,,,,,
1974-11-01,51.5,51.6,57.4,25.767,25.786,6.6,414000.0,,7.8,,,,,,,,898.6,,,9.45,,,,,,
1974-11-08,51.5,51.6,57.4,25.767,25.786,6.6,406000.0,,7.72,,,,,,,,898.6,,,9.45,,,,,,
1974-11-15,51.5,51.6,57.4,25.767,25.786,6.6,441000.0,,7.61,,,,,,,,898.6,,,9.45,,,,,,
1974-11-22,51.5,51.6,57.4,25.767,25.786,6.6,449000.0,,7.6,,,,,,,,898.6,,,9.45,,,,,,
1974-11-29,51.5,51.6,57.4,25.767,25.786,6.6,518000.0,,7.64,,,,,,,,898.6,,,9.45,,,,,,
1974-12-06,51.9,52.0,57.3,25.971,25.968,7.2,474000.0,,7.59,,,,,,,,902.1,,,8.53,,,,,,
1974-12-13,51.9,52.0,57.3,25.971,25.968,7.2,528000.0,,7.38,,,,,,,,902.1,,,8.53,,,,,,
1974-12-20,51.9,52.0,57.3,25.971,25.968,7.2,510000.0,,7.27,,,,,,,,902.1,,,8.53,,,,,,
1974-12-27,51.9,52.0,57.3,25.971,25.968,7.2,521000.0,,7.39,,,,,,,,902.1,,,8.53,,,,,,
1975-01-03,52.3,52.3,57.4,26.132,26.119,8.1,537000.0,,7.43,,,,,,,,906.3,,,7.13,,,,,,
1975-01-10,52.3,52.3,57.4,26.132,26.119,8.1,456000.0,,7.37,,,,,,,,906.3,,,7.13,,,,,,
1975-01-17,52.3,52.3,57.4,26.132,26.119,8.1,554000.0,,7.53,,,,,,,,906.3,,,7.13,,,,,,
1975-01-24,52.3,52.3,57.4,26.132,26.119,8.1,575000.0,,7.64,,,,,,,,906.3,,,7.13,,,,,,
1975-01-31,52.3,52.3,57.4,26.132,26.119,8.1,555000.0,,7.53,,,,,,,,906.3,,,7.13,,,,,,
1975-02-07,52.6,52.8,57.2,26.274,26.304,8.1,559000.0,,7.38,,,,,,,,914.1,,,6.24,,,,,,
1975-02-14,52.6,52.8,57.2,26.274,26.304,8.1,545000.0,,7.35,,,,,,,,914.1,,,6.24,,,,,,
1975-02-21,52.6,52.8,57.2,26.274,26.304,8.1,530000.0,,7.22,,,,,,,,914.1,,,6.24,,,,,,
1975-02-28,52.6,52.8,57.2,26.274,26.304,8.1,544000.0,,7.46,,,,,,,,914.1,,,6.24,,,,,,
1975-03-07,52.8,53.0,56.9,26.363,26.441,8.6,546000.0,,7.52,,,,,,,,925.0,,,5.54,,,,,,
1975-03-14,52.8,53.0,56.9,26.363,26.441,8.6,551000.0,,7.58,,,,,,,,925.0,,,5.54,,,,,,
1975-03-21,52.8,53.0,56.9,26.363,26.441,8.6,531000.0,,7.84,,,,,,,,925.0,,,5.54,,,,,,
1975-03-28,52.8,53.0,56.9,26.363,26.441,8.6,550000.0,,8.08,,,,,,,,925.0,,,5.54,,,,,,
1975-04-04,53.0,53.3,57.5,26.452,26.57,8.8,555000.0,,8.15,,,,,,,,935.1,,,5.49,,,,,,
1975-04-11,53.0,53.3,57.5,26.452,26.57,8.8,537000.0,,8.22,,,,,,,,935.1,,,5.49,,,,,,
1975-04-18,53.0,53.3,57.5,26.452,26.57,8.8,520000.0,,8.27,,,,,,,,935.1,,,5.49,,,,,,
1975-04-25,53.0,53.3,57.5,26.452,26.57,8.8,531000.0,,8.25,,,,,,,,935.1,,,5.49,,,,,,
1975-05-02,53.1,53.5,57.9,26.558,26.683,9.0,513000.0,,8.11,,,,,,,,947.9,,,5.22,,,,,,
1975-05-09,53.1,53.5,57.9,26.558,26.683,9.0,505000.0,,8.08,,,,,,,,947.9,,,5.22,,,,,,
1975-05-16,53.1,53.5,57.9,26.558,26.683,9.0,507000.0,,8.01,,,,,,,,947.9,,,5.22,,,,,,
1975-05-23,53.1,53.5,57.9,26.558,26.683,9.0,514000.0,,8.02,,,,,,,,947.9,,,5.22,,,,,,
1975-05-30,53.1,53.5,57.9,26.558,26.683,9.0,493000.0,,8.04,,,,,,,,947.9,,,5.22,,,,,,
1975-06-06,53.5,53.8,58.0,26.724,26.813,8.8,475000.0,,7.88,,,,,,,,963.0,,,5.55,,,,,,
1975-06-13,53.5,53.8,58.0,26.724,26.813,8.8,529000.0,,7.69,,,,,,,,963.0,,,5.55,,,,,,
1975-06-20,53.5,53.8,58.0,26.724,26.813,8.8,497000.0,,7.94,,,,,,,,963.0,,,5.55,,,,,,
1975-06-27,53.5,53.8,58.0,26.724,26.813,8.8,497000.0,,7.95,,,,,,,,963.0,,,5.55,,,,,,
1975-07-04,54.0,54.0,58.7,26.953,26.978,8.6,459000.0,,8.05,,,,,,,,975.1,,,6.1,,,,,,
1975-07-11,54.0,54.0,58.7,26.953,26.978,8.6,423000.0,,7.99,,,,,,,,975.1,,,6.1,,,,,,
1975-07-18,54.0,54.0,58.7,26.953,26.978,8.6,446000.0,,8.06,,,,,,,,975.1,,,6.1,,,,,,
1975-07-25,54.0,54.0,58.7,26.953,26.978,8.6,445000.0,,8.12,,,,,,,,975.1,,,6.1,,,,,,
1975-08-01,54.2,54.2,59.0,27.07,27.071,8.4,454000.0,,8.26,,,,,,,,983.1,,,6.14,,,,,,
1975-08-08,54.2,54.2,59.0,27.07,27.071,8.4,454000.0,,8.4,,,,,,,,983.1,,,6.14,,,,,,
1975-08-15,54.2,54.2,59.0,27.07,27.071,8.4,459000.0,,8.48,,,,,,,,983.1,,,6.14,,,,,,
1975-08-22,54.2,54.2,59.0,27.07,27.071,8.4,444000.0,,8.46,,,,,,,,983.1,,,6.14,,,,,,
1975-08-29,54.2,54.2,59.0,27.07,27.071,8.4,457000.0,,8.22,,,,,,,,983.1,,,6.14,,,,,,
1975-09-05,54.6,54.5,59.4,27.204,27.218,8.4,446000.0,,8.35,,,,,,,,991.5,,,6.24,,,,,,
1975-09-12,54.6,54.5,59.4,27.204,27.218,8.4,447000.0,,8.57,,,,,,,,991.5,,,6.24,,,,,,
1975-09-19,54.6,54.5,59.4,27.204,27.218,8.4,456000.0,,8.42,,,,,,,,991.5,,,6.24,,,,,,
1975-09-26,54.6,54.5,59.4,27.204,27.218,8.4,433000.0,,8.45,,,,,,,,991.5,,,6.24,,,,,,
1975-10-03,54.9,54.8,59.8,27.362,27.354,8.4,445000.0,,8.33,,,,,,,,997.8,,,5.82,,,,,,
1975-10-10,54.9,54.8,59.8,27.362,27.354,8.4,426000.0,,8.15,,,,,,,,997.8,,,5.82,,,,,,
1975-10-17,54.9,54.8,59.8,27.362,27.354,8.4,429000.0,,8.07,,,,,,,,997.8,,,5.82,,,,,,
1975-10-24,54.9,54.8,59.8,27.362,27.354,8.4,404000.0,,8.0,,,,,,,,997.8,,,5.82,,,,,,
1975-10-31,54.9,54.8,59.8,27.362,27.354,8.4,426000.0,,7.91,,,,,,,,997.8,,,5.82,,,,,,
1975-11-07,55.3,55.2,59.5,27.538,27.535,8.3,414000.0,,7.91,,,,,,,,1006.9,,,5.22,,,,,,
1975-11-14,55.3,55.2,59.5,27.538,27.535,8.3,415000.0,,8.06,,,,,,,,1006.9,,,5.22,,,,,,
1975-11-21,55.3,55.2,59.5,27.538,27.535,8.3,386000.0,,8.21,,,,,,,,1006.9,,,5.22,,,,,,
1975-11-28,55.3,55.2,59.5,27.538,27.535,8.3,401000.0,,8.14,,,,,,,,1006.9,,,5.22,,,,,,
1975-12-05,55.6,55.5,59.7,27.69,27.702,8.2,387000.0,,8.13,,,,,,,,1016.2,,,5.2,,,,,,
1975-12-12,55.6,55.5,59.7,27.69,27.702,8.2,373000.0,,8.12,,,,,,,,1016.2,,,5.2,,,,,,
1975-12-19,55.6,55.5,59.7,27.69,27.702,8.2,368000.0,,7.88,,,,,,,,1016.2,,,5.2,,,,,,
1975-12-26,55.6,55.5,59.7,27.69,27.702,8.2,365000.0,,7.75,,,,,,,,1016.2,,,5.2,,,,,,
1976-01-02,55.8,55.9,59.9,27.795,27.844,7.9,391000.0,,7.77,,,,,,,,1026.6,,,4.87,,,,,,
1976-01-09,55.8,55.9,59.9,27.795,27.844,7.9,362000.0,,7.64,,,,,,,,1026.6,,,4.87,,,,,,
1976-01-16,55.8,55.9,59.9,27.795,27.844,7.9,402000.0,,7.79,,,,,,,,1026.6,,,4.87,,,,,,
1976-01-23,55.8,55.9,59.9,27.795,27.844,7.9,370000.0,,7.78,,,,,,,,1026.6,,,4.87,,,,,,
1976-01-30,55.8,55.9,59.9,27.795,27.844,7.9,363000.0,,7.8,,,,,,,,1026.6,,,4.87,,,,,,
1976-02-06,55.9,56.2,59.9,27.831,27.955,7.7,359000.0,,7.88,,,,,,,,1040.3,,,4.77,,,,,,
1976-02-13,55.9,56.2,59.9,27.831,27.955,7.7,353000.0,,7.82,,,,,,,,1040.3,,,4.77,,,,,,
1976-02-20,55.9,56.2,59.9,27.831,27.955,7.7,344000.0,,7.77,,,,,,,,1040.3,,,4.77,,,,,,
1976-02-27,55.9,56.2,59.9,27.831,27.955,7.7,347000.0,,7.77,,,,,,,,1040.3,,,4.77,,,,,,
1976-03-05,56.0,56.5,60.0,27.873,28.047,7.6,349000.0,,7.8,,,,,,,,1050.0,,,4.84,,,,,,
1976-03-12,56.0,56.5,60.0,27.873,28.047,7.6,348000.0,,7.71,,,,,,,,1050.0,,,4.84,,,,,,
1976-03-19,56.0,56.5,60.0,27.873,28.047,7.6,360000.0,,7.74,,,,,,,,1050.0,,,4.84,,,,,,
1976-03-26,56.0,56.5,60.0,27.873,28.047,7.6,368000.0,,7.64,,,,,,,,1050.0,,,4.84,,,,,,
1976-04-02,56.1,56.7,60.6,27.936,28.157,7.7,366000.0,,7.67,,,,,,,,1060.8,,,4.82,,,,,,
1976-04-09,56.1,56.7,60.6,27.936,28.157,7.7,380000.0,,7.52,,,,,,,,1060.8,,,4.82,,,,,,
1976-04-16,56.1,56.7,60.6,27.936,28.157,7.7,373000.0,,7.47,,,,,,,,1060.8,,,4.82,,,,,,
1976-04-23,56.1,56.7,60.6,27.936,28.157,7.7,361000.0,,7.59,,,,,,,,1060.8,,,4.82,,,,,,
1976-04-30,56.1,56.7,60.6,27.936,28.157,7.7,367000.0,,7.67,,,,,,,,1060.8,,,4.82,,,,,,
1976-05-07,56.4,57.0,60.8,28.069,28.29,7.4,385000.0,,7.87,,,,,,,,1072.1,,,5.29,,,,,,
1976-05-14,56.4,57.0,60.8,28.069,28.29,7.4,395000.0,,7.93,,,,,,,,1072.1,,,5.29,,,,,,
1976-05-21,56.4,57.0,60.8,28.069,28.29,7.4,382000.0,,8.0,,,,,,,,1072.1,,,5.29,,,,,,
1976-05-28,56.4,57.0,60.8,28.069,28.29,7.4,394000.0,,7.96,,,,,,,,1072.1,,,5.29,,,,,,
1976-06-04,56.7,57.2,61.2,28.192,28.405,7.6,402000.0,7.12,7.89,,0.77,,,,,,1077.6,,,5.48,,,,,,
1976-06-11,56.7,57.2,61.2,28.192,28.405,7.6,382000.0,7.03,7.86,,0.83,,,,,,1077.6,,,5.48,,,,,,
1976-06-18,56.7,57.2,61.2,28.192,28.405,7.6,407000.0,6.99,7.81,,0.82,,,,,,1077.6,,,5.48,,,,,,
1976-06-25,56.7,57.2,61.2,28.192,28.405,7.6,399000.0,7.02,7.83,,0.81,,,,,,1077.6,,,5.48,,,,,,
1976-07-02,57.0,57.6,61.6,28.335,28.561,7.8,387000.0,6.99,7.84,,0.85,,,,,,1086.3,,,5.31,,,,,,
1976-07-09,57.0,57.6,61.6,28.335,28.561,7.8,394000.0,6.77,7.78,,1.01,,,,,,1086.3,,,5.31,,,,,,
1976-07-16,57.0,57.6,61.6,28.335,28.561,7.8,372000.0,6.85,7.83,,0.98,,,,,,1086.3,,,5.31,,,,,,
1976-07-23,57.0,57.6,61.6,28.335,28.561,7.8,406000.0,6.9,7.84,,0.94,,,,,,1086.3,,,5.31,,,,,,
1976-07-30,57.0,57.6,61.6,28.335,28.561,7.8,394000.0,6.74,7.86,,1.12,,,,,,1086.3,,,5.31,,,,,,
1976-08-06,57.3,57.9,61.4,28.491,28.726,7.8,388000.0,6.71,7.84,,1.13,,,,,,1098.7,,,5.29,,,,,,
1976-08-13,57.3,57.9,61.4,28.491,28.726,7.8,378000.0,6.6,7.78,,1.18,,,,,,1098.7,,,5.29,,,,,,
1976-08-20,57.3,57.9,61.4,28.491,28.726,7.8,382000.0,6.68,7.76,,1.08,,,,,,1098.7,,,5.29,,,,,,
1976-08-27,57.3,57.9,61.4,28.491,28.726,7.8,400000.0,6.6,7.72,,1.12,,,,,,1098.7,,,5.29,,,,,,
1976-09-03,57.6,58.2,61.8,28.651,28.894,7.6,394000.0,6.52,7.65,,1.13,,,,,,1110.8,,,5.25,,,,,,
1976-09-10,57.6,58.2,61.8,28.651,28.894,7.6,421000.0,6.46,7.64,,1.18,,,,,,1110.8,,,5.25,,,,,,
1976-09-17,57.6,58.2,61.8,28.651,28.894,7.6,383000.0,6.26,7.49,,1.23,,,,,,1110.8,,,5.25,,,,,,
1976-09-24,57.6,58.2,61.8,28.651,28.894,7.6,403000.0,6.44,7.58,,1.14,,,,,,1110.8,,,5.25,,,,,,
1976-10-01,57.9,58.5,61.9,28.801,29.036,7.7,423000.0,6.24,7.49,,1.25,,,,,,1125.0,,,5.02,,,,,,
1976-10-08,57.9,58.5,61.9,28.801,29.036,7.7,408000.0,5.87,7.38,,1.51,,,,,,1125.0,,,5.02,,,,,,
1976-10-15,57.9,58.5,61.9,28.801,29.036,7.7,411000.0,5.75,7.31,,1.56,,,,,,1125.0,,,5.02,,,,,,
1976-10-22,57.9,58.5,61.9,28.801,29.036,7.7,403000.0,6.07,7.48,,1.41,,,,,,1125.0,,,5.02,,,,,,
1976-10-29,57.9,58.5,61.9,28.801,29.036,7.7,409000.0,6.03,7.42,,1.39,,,,,,1125.0,,,5.02,,,,,,
1976-11-05,58.1,58.7,62.0,28.932,29.168,7.8,414000.0,6.01,7.41,,1.4,,,,,,1138.2,,,4.95,,,,,,
1976-11-12,58.1,58.7,62.0,28.932,29.168,7.8,390000.0,6.01,7.43,,1.42,,,,,,1138.2,,,4.95,,,,,,
1976-11-19,58.1,58.7,62.0,28.932,29.168,7.8,383000.0,5.67,7.24,,1.57,,,,,,1138.2,,,4.95,,,,,,
1976-11-26,58.1,58.7,62.0,28.932,29.168,7.8,408000.0,5.41,6.99,,1.58,,,,,,1138.2,,,4.95,,,,,,
1976-12-03,58.4,58.9,62.5,29.094,29.326,7.8,377000.0,5.31,6.86,,1.55,,,,,,1152.0,,,4.65,,,,,,
1976-12-10,58.4,58.9,62.5,29.094,29.326,7.8,402000.0,5.31,6.82,,1.51,,,,,,1152.0,,,4.65,,,,,,
1976-12-17,58.4,58.9,62.5,29.094,29.326,7.8,395000.0,5.4,6.88,,1.48,,,,,,1152.0,,,4.65,,,,,,
1976-12-24,58.4,58.9,62.5,29.094,29.326,7.8,365000.0,5.36,6.84,,1.48,,,,,,1152.0,,,4.65,,,,,,
1976-12-31,58.4,58.9,62.5,29.094,29.326,7.8,333000.0,5.34,6.81,,1.47,,,,,,1152.0,,,4.65,,,,,,
1977-01-07,58.7,59.3,62.8,29.263,29.505,7.5,380000.0,5.68,7.07,,1.39,,,,,,1165.2,,,4.61,,,,,,
1977-01-14,58.7,59.3,62.8,29.263,29.505,7.5,416000.0,5.96,7.28,,1.32,,,,,,1165.2,,,4.61,,,,,,
1977-01-21,58.7,59.3,62.8,29.263,29.505,7.5,368000.0,6.02,7.28,,1.26,,,,,,1165.2,,,4.61,,,,,,
1977-01-28,58.7,59.3,62.8,29.263,29.505,7.5,423000.0,6.22,7.4,,1.18,,,,,,1165.2,,,4.61,,,,,,
1977-02-04,59.3,59.7,63.5,29.492,29.686,7.6,422000.0,6.03,7.28,,1.25,,,,,,1177.6,,,4.68,,,,,,
1977-02-11,59.3,59.7,63.5,29.492,29.686,7.6,565000.0,6.02,7.36,,1.34,,,,,,1177.6,,,4.68,,,,,,
1977-02-18,59.3,59.7,63.5,29.492,29.686,7.6,477000.0,6.06,7.41,7.76,1.35,,,,,,1177.6,,,4.68,,,,,,
1977-02-25,59.3,59.7,63.5,29.492,29.686,7.6,399000.0,6.14,7.48,7.79,1.34,,,,,,1177.6,,,4.68,,,,,,
1977-03-04,59.6,60.0,64.1,29.64,29.812,7.4,362000.0,6.1,7.48,7.82,1.38,,,,,,1188.5,,,4.69,,,,,,
1977-03-11,59.6,60.0,64.1,29.64,29.812,7.4,361000.0,6.09,7.44,7.8,1.35,,,,,,1188.5,,,4.69,,,,,,
1977-03-18,59.6,60.0,64.1,29.64,29.812,7.4,355000.0,6.08,7.44,7.76,1.36,,,,,,1188.5,,,4.69,,,,,,
1977-03-25,59.6,60.0,64.1,29.64,29.812,7.4,369000.0,6.1,7.48,7.78,1.38,,,,,,1188.5,,,4.69,,,,,,
1977-04-01,60.0,60.3,64.9,29.812,29.959,7.2,356000.0,6.02,7.43,7.78,1.41,,,,,,1199.6,,,4.73,,,,,,
1977-04-08,60.0,60.3,64.9,29.812,29.959,7.2,350000.0,6.02,7.43,7.78,1.41,,,,,,1199.6,,,4.73,,,,,,
1977-04-15,60.0,60.3,64.9,29.812,29.959,7.2,376000.0,5.78,7.25,7.65,1.47,,,,,,1199.6,,,4.73,,,,,,
1977-04-22,60.0,60.3,64.9,29.812,29.959,7.2,361000.0,5.99,7.36,7.73,1.37,,,,,,1199.6,,,4.73,,,,,,
1977-04-29,60.0,60.3,64.9,29.812,29.959,7.2,375000.0,6.14,7.45,7.8,1.31,,,,,,1199.6,,,4.73,,,,,,
1977-05-06,60.2,60.6,65.2,29.963,30.112,7.0,375000.0,6.24,7.5,7.86,1.26,,,,,,1209.0,,,5.35,,,,,,
1977-05-13,60.2,60.6,65.2,29.963,30.112,7.0,384000.0,6.28,7.48,7.8,1.2,,,,,,1209.0,,,5.35,,,,,,
1977-05-20,60.2,60.6,65.2,29.963,30.112,7.0,381000.0,6.43,7.49,7.81,1.06,,,,,,1209.0,,,5.35,,,,,,
1977-05-27,60.2,60.6,65.2,29.963,30.112,7.0,375000.0,6.2,7.38,7.74,1.18,,,,,,1209.0,,,5.35,,,,,,
1977-06-03,60.5,61.0,65.0,30.131,30.292,7.2,381000.0,6.19,7.36,7.72,1.17,,,,,,1217.8,,,5.39,,,,,,
1977-06-10,60.5,61.0,65.0,30.131,30.292,7.2,363000.0,6.15,7.3,7.66,1.15,,,,,,1217.8,,,5.39,,,,,,
1977-06-17,60.5,61.0,65.0,30.131,30.292,7.2,358000.0,6.1,7.24,7.62,1.14,,,,,,1217.8,,,5.39,,,,,,
1977-06-24,60.5,61.0,65.0,30.131,30.292,7.2,359000.0,6.1,7.2,7.59,1.1,,,,,,1217.8,,,5.39,,,,,,
1977-07-01,60.8,61.2,65.1,30.287,30.479,6.9,365000.0,6.12,7.34,7.58,1.22,,,,,,1226.7,,,5.42,,,,,,
1977-07-08,60.8,61.2,65.1,30.287,30.479,6.9,350000.0,6.19,7.31,7.65,1.12,,,,,,1226.7,,,5.42,,,,,,
1977-07-15,60.8,61.2,65.1,30.287,30.479,6.9,361000.0,6.26,7.31,7.64,1.05,,,,,,1226.7,,,5.42,,,,,,
1977-07-22,60.8,61.2,65.1,30.287,30.479,6.9,366000.0,6.35,7.31,7.65,0.96,,,,,,1226.7,,,5.42,,,,,,
1977-07-29,60.8,61.2,65.1,30.287,30.479,6.9,365000.0,6.5,7.42,7.72,0.92,,,,,,1226.7,,,5.42,,,,,,
1977-08-05,61.1,61.5,65.0,30.428,30.629,7.0,365000.0,6.53,7.42,7.72,0.89,,,,,,1237.0,,,5.9,,,,,,
1977-08-12,61.1,61.5,65.0,30.428,30.629,7.0,378000.0,6.68,7.48,7.74,0.8,,,,,,1237.0,,,5.9,,,,,,
1977-08-19,61.1,61.5,65.0,30.428,30.629,7.0,359000.0,6.67,7.4,7.68,0.73,,,,,,1237.0,,,5.9,,,,,,
1977-08-26,61.1,61.5,65.0,30.428,30.629,7.0,367000.0,6.62,7.27,7.58,0.65,,,,,,1237.0,,,5.9,,,,,,
1977-09-02,61.3,61.8,65.3,30.543,30.758,6.8,365000.0,6.53,7.24,7.58,0.71,,,,,,1246.2,,,6.14,,,,,,
1977-09-09,61.3,61.8,65.3,30.543,30.758,6.8,374000.0,6.76,7.36,7.65,0.6,,,,,,1246.2,,,6.14,,,,,,
1977-09-16,61.3,61.8,65.3,30.543,30.758,6.8,359000.0,6.68,7.32,7.63,0.64,,,,,,1246.2,,,6.14,,,,,,
1977-09-23,61.3,61.8,65.3,30.543,30.758,6.8,362000.0,6.86,7.39,7.67,0.53,,,,,,1246.2,,,6.14,,,,,,
1977-09-30,61.3,61.8,65.3,30.543,30.758,6.8,380000.0,6.82,7.41,7.68,0.59,,,,,,1246.2,,,6.14,,,,,,
1977-10-07,61.6,62.0,65.6,30.685,30.907,6.8,348000.0,6.96,7.48,7.73,0.52,,,,,,1254.0,,,6.47,,,,,,
1977-10-14,61.6,62.0,65.6,30.685,30.907,6.8,365000.0,7.17,7.54,7.79,0.37,,,,,,1254.0,,,6.47,,,,,,
1977-10-21,61.6,62.0,65.6,30.685,30.907,6.8,358000.0,7.22,7.55,7.79,0.33,,,,,,1254.0,,,6.47,,,,,,
1977-10-28,61.6,62.0,65.6,30.685,30.907,6.8,375000.0,7.14,7.56,7.81,0.42,,,,,,1254.0,,,6.47,,,,,,
1977-11-04,62.0,62.3,65.8,30.861,31.067,6.8,349000.0,7.2,7.64,7.89,0.44,,,,,,1262.4,,,6.51,,,,,,
1977-11-11,62.0,62.3,65.8,30.861,31.067,6.8,366000.0,7.15,7.59,7.86,0.44,,,,,,1262.4,,,6.51,,,,,,
1977-11-18,62.0,62.3,65.8,30.861,31.067,6.8,334000.0,7.11,7.54,7.82,0.43,,,,,,1262.4,,,6.51,,,,,,
1977-11-25,62.0,62.3,65.8,30.861,31.067,6.8,360000.0,7.1,7.52,7.82,0.42,,,,,,1262.4,,,6.51,,,,,,
1977-12-02,62.3,62.7,66.2,31.011,31.227,6.4,354000.0,7.15,7.59,7.86,0.44,,,,,,1270.3,,,6.56,,,,,,
1977-12-09,62.3,62.7,66.2,31.011,31.227,6.4,367000.0,7.15,7.63,7.88,0.48,,,,,,1270.3,,,6.56,,,,,,
1977-12-16,62.3,62.7,66.2,31.011,31.227,6.4,364000.0,7.13,7.67,7.93,0.54,,,,,,1270.3,,,6.56,,,,,,
1977-12-23,62.3,62.7,66.2,31.011,31.227,6.4,359000.0,7.24,7.75,8.0,0.51,,,,,,1270.3,,,6.56,,,,,,
1977-12-30,62.3,62.7,66.2,31.011,31.227,6.4,344000.0,7.22,7.78,8.03,0.56,,,,,,1270.3,,,6.56,,,,,,
1978-01-06,62.7,63.1,66.8,31.194,31.414,6.4,364000.0,7.28,7.85,8.1,0.57,,,,,,1279.7,,,6.7,,,,,,
1978-01-13,62.7,63.1,66.8,31.194,31.414,6.4,346000.0,7.57,7.98,8.2,0.41,,,,,,1279.7,,,6.7,,,,,,
1978-01-20,62.7,63.1,66.8,31.194,31.414,6.4,343000.0,7.55,7.97,8.19,0.42,,,,,,1279.7,,,6.7,,,,,,
1978-01-27,62.7,63.1,66.8,31.194,31.414,6.4,352000.0,7.48,7.97,8.21,0.49,,,,,,1279.7,,,6.7,,,,,,
1978-02-03,63.0,63.4,67.5,31.339,31.535,6.3,363000.0,7.48,7.97,8.22,0.49,,,,,,1285.5,,,6.78,,,,,,
1978-02-10,63.0,63.4,67.5,31.339,31.535,6.3,360000.0,7.53,8.02,8.24,0.49,,,,,,1285.5,,,6.78,,,,,,
1978-02-17,63.0,63.4,67.5,31.339,31.535,6.3,373000.0,7.63,8.09,8.29,0.46,,,,,,1285.5,,,6.78,,,,,,
1978-02-24,63.0,63.4,67.5,31.339,31.535,6.3,429000.0,7.61,8.04,8.27,0.43,,,,,,1285.5,,,6.78,,,,,,
1978-03-03,63.4,63.8,68.1,31.542,31.706,6.3,371000.0,7.59,8.04,8.24,0.45,,,,,,1292.2,,,6.79,,,,,,
1978-03-10,63.4,63.8,68.1,31.542,31.706,6.3,355000.0,7.54,8.0,8.21,0.46,,,,,,1292.2,,,6.79,,,,,,
1978-03-17,63.4,63.8,68.1,31.542,31.706,6.3,359000.0,7.55,8.0,8.2,0.45,,,,,,1292.2,,,6.79,,,,,,
1978-03-24,63.4,63.8,68.1,31.542,31.706,6.3,347000.0,7.56,8.01,8.22,0.45,,,,,,1292.2,,,6.79,,,,,,
1978-03-31,63.4,63.8,68.1,31.542,31.706,6.3,335000.0,7.7,8.15,8.33,0.45,,,,,,1292.2,,,6.79,,,,,,
1978-04-07,63.9,64.3,69.0,31.781,31.911,6.1,333000.0,7.72,8.14,8.34,0.42,,,,,,1300.4,,,6.89,,,,,,
1978-04-14,63.9,64.3,69.0,31.781,31.911,6.1,345000.0,7.61,8.12,8.33,0.51,,,,,,1300.4,,,6.89,,,,,,
1978-04-21,63.9,64.3,69.0,31.781,31.911,6.1,309000.0,7.81,8.16,8.34,0.35,,,,,,1300.4,,,6.89,,,,,,
1978-04-28,63.9,64.3,69.0,31.781,31.911,6.1,319000.0,7.97,8.24,8.39,0.27,,,,,,1300.4,,,6.89,,,,,,
1978-05-05,64.5,64.7,69.5,32.008,32.099,6.0,324000.0,7.96,8.34,8.45,0.38,,,,,,1310.5,,,7.36,,,,,,
1978-05-12,64.5,64.7,69.5,32.008,32.099,6.0,334000.0,8.0,8.36,8.44,0.36,,,,,,1310.5,,,7.36,,,,,,
1978-05-19,64.5,64.7,69.5,32.008,32.099,6.0,322000.0,8.07,8.38,8.45,0.31,,,,,,1310.5,,,7.36,,,,,,
1978-05-26,64.5,64.7,69.5,32.008,32.099,6.0,334000.0,8.1,8.42,8.5,0.32,,,,,,1310.5,,,7.36,,,,,,
1978-06-02,65.0,65.2,70.0,32.217,32.278,5.9,318000.0,8.09,8.39,8.48,0.3,,,,,,1318.5,,,7.6,,,,,,
1978-06-09,65.0,65.2,70.0,32.217,32.278,5.9,310000.0,8.09,8.41,8.45,0.32,,,,,,1318.5,,,7.6,,,,,,
1978-06-16,65.0,65.2,70.0,32.217,32.278,5.9,331000.0,8.19,8.43,8.46,0.24,,,,,,1318.5,,,7.6,,,,,,
1978-06-23,65.0,65.2,70.0,32.217,32.278,5.9,326000.0,8.44,8.55,8.55,0.11,,,,,,1318.5,,,7.6,,,,,,
1978-06-30,65.0,65.2,70.0,32.217,32.278,5.9,330000.0,8.48,8.62,8.62,0.14,,,,,,1318.5,,,7.6,,,,,,
1978-07-07,65.5,65.6,70.4,32.393,32.468,6.2,348000.0,8.48,8.66,8.67,0.18,,,,,,1324.1,,,7.81,,,,,,
1978-07-14,65.5,65.6,70.4,32.393,32.468,6.2,356000.0,8.51,8.68,8.69,0.17,,,,,,1324.1,,,7.81,,,,,,
1978-07-21,65.5,65.6,70.4,32.393,32.468,6.2,352000.0,8.59,8.67,8.67,0.08,,,,,,1324.1,,,7.81,,,,,,
1978-07-28,65.5,65.6,70.4,32.393,32.468,6.2,349000.0,8.45,8.55,8.55,0.1,,,,,,1324.1,,,7.81,,,,,,
1978-08-04,65.9,66.1,70.4,32.557,32.642,5.9,346000.0,8.26,8.38,8.45,0.12,,,,,,1333.5,,,8.04,,,,,,
1978-08-11,65.9,66.1,70.4,32.557,32.642,5.9,365000.0,8.25,8.44,8.48,0.19,,,,,,1333.5,,,8.04,,,,,,
1978-08-18,65.9,66.1,70.4,32.557,32.642,5.9,354000.0,8.5,8.46,8.53,-0.04,,,,,,1333.5,,,8.04,,,,,,
1978-08-25,65.9,66.1,70.4,32.557,32.642,5.9,343000.0,8.41,8.34,8.43,-0.07,,,,,,1333.5,,,8.04,,,,,,
1978-09-01,66.5,66.7,71.0,32.742,32.83,6.0,333000.0,8.5,8.38,8.45,-0.12,,,,,,1345.0,,,8.45,,,,,,
1978-09-08,66.5,66.7,71.0,32.742,32.83,6.0,313000.0,8.46,8.34,8.4,-0.12,,,,,,1345.0,,,8.45,,,,,,
1978-09-15,66.5,66.7,71.0,32.742,32.83,6.0,337000.0,8.49,8.35,8.4,-0.14,,,,,,1345.0,,,8.45,,,,,,
1978-09-22,66.5,66.7,71.0,32.742,32.83,6.0,322000.0,8.73,8.56,8.59,-0.17,,,,,,1345.0,,,8.45,,,,,,
1978-09-29,66.5,66.7,71.0,32.742,32.83,6.0,323000.0,8.7,8.56,8.61,-0.14,,,,,,1345.0,,,8.45,,,,,,
1978-10-06,67.1,67.2,71.8,33.003,33.071,5.8,318000.0,8.69,8.58,8.61,-0.11,,,,,,1352.3,,,8.96,,,,,,
1978-10-13,67.1,67.2,71.8,33.003,33.071,5.8,343000.0,8.69,8.52,8.59,-0.17,,,,,,1352.3,,,8.96,,,,,,
1978-10-20,67.1,67.2,71.8,33.003,33.071,5.8,316000.0,8.85,8.66,8.69,-0.19,,,,,,1352.3,,,8.96,,,,,,
1978-10-27,67.1,67.2,71.8,33.003,33.071,5.8,338000.0,9.12,8.78,8.75,-0.34,,,,,,1352.3,,,8.96,,,,,,
1978-11-03,67.5,67.6,72.1,33.19,33.249,5.9,316000.0,9.49,8.86,8.76,-0.63,,,,,,1359.1,,,9.76,,,,,,
1978-11-10,67.5,67.6,72.1,33.19,33.249,5.9,317000.0,9.46,8.86,8.79,-0.6,,,,,,1359.1,,,9.76,,,,,,
1978-11-17,67.5,67.6,72.1,33.19,33.249,5.9,304000.0,9.19,8.72,8.69,-0.47,,,,,,1359.1,,,9.76,,,,,,
1978-11-24,67.5,67.6,72.1,33.19,33.249,5.9,342000.0,9.6,8.86,8.79,-0.74,,,,,,1359.1,,,9.76,,,,,,
1978-12-01,67.9,68.0,72.7,33.345,33.378,6.0,359000.0,9.5,8.8,8.73,-0.7,,,,,,1366.0,,,10.03,,,,,,
1978-12-08,67.9,68.0,72.7,33.345,33.378,6.0,377000.0,9.51,8.9,8.81,-0.61,,,,,,1366.0,,,10.03,,,,,,
1978-12-15,67.9,68.0,72.7,33.345,33.378,6.0,344000.0,9.58,9.0,8.9,-0.58,,,,,,1366.0,,,10.03,,,,,,
1978-12-22,67.9,68.0,72.7,33.345,33.378,6.0,347000.0,9.96,9.11,8.95,-0.85,,,,,,1366.0,,,10.03,,,,,,
1978-12-29,67.9,68.0,72.7,33.345,33.378,6.0,352000.0,9.98,9.15,8.96,-0.83,,,,,,1366.0,,,10.03,,,,,,
1979-01-05,68.5,68.5,73.8,33.597,33.549,5.9,358000.0,9.87,9.1,8.95,-0.77,,,,,,1371.6,,,10.07,,,,,,
1979-01-12,68.5,68.5,73.8,33.597,33.549,5.9,359000.0,9.92,9.14,8.97,-0.78,,,,,,1371.6,,,10.07,,,,,,
1979-01-19,68.5,68.5,73.8,33.597,33.549,5.9,392000.0,9.91,9.15,8.97,-0.76,,,,,,1371.6,,,10.07,,,,,,
1979-01-26,68.5,68.5,73.8,33.597,33.549,5.9,337000.0,9.67,8.93,8.82,-0.74,,,,,,1371.6,,,10.07,,,,,,
1979-02-02,69.2,69.2,74.9,33.776,33.659,5.9,342000.0,9.48,8.89,8.84,-0.59,,,,,,1377.8,,,10.06,,,,,,
1979-02-09,69.2,69.2,74.9,33.776,33.659,5.9,348000.0,9.7,9.11,9.02,-0.59,,,,,,1377.8,,,10.06,,,,,,
1979-02-16,69.2,69.2,74.9,33.776,33.659,5.9,359000.0,9.68,9.11,9.01,-0.57,,,,,,1377.8,,,10.06,,,,,,
1979-02-23,69.2,69.2,74.9,33.776,33.659,5.9,367000.0,9.92,9.21,9.1,-0.71,,,,,,1377.8,,,10.06,,,,,,
1979-03-02,69.9,69.8,75.8,34.04,33.852,5.8,360000.0,9.87,9.16,9.09,-0.71,,,,,,1387.8,,,10.09,,,,,,
1979-03-09,69.9,69.8,75.8,34.04,33.852,5.8,355000.0,9.79,9.11,9.04,-0.68,,,,,,1387.8,,,10.09,,,,,,
1979-03-16,69.9,69.8,75.8,34.04,33.852,5.8,363000.0,9.84,9.12,9.03,-0.72,,,,,,1387.8,,,10.09,,,,,,
1979-03-23,69.9,69.8,75.8,34.04,33.852,5.8,359000.0,9.77,9.12,9.02,-0.65,,,,,,1387.8,,,10.09,,,,,,
1979-03-30,69.9,69.8,75.8,34.04,33.852,5.8,353000.0,9.72,9.11,9.02,-0.61,,,,,,1387.8,,,10.09,,,,,,
1979-04-06,70.6,70.3,76.9,34.395,34.165,5.8,360000.0,9.75,9.1,9.01,-0.65,,,,,,1402.1,,,10.01,,,,,,
1979-04-13,70.6,70.3,76.9,34.395,34.165,5.8,465000.0,9.85,9.2,9.09,-0.65,,,,,,1402.1,,,10.01,,,,,,
1979-04-20,70.6,70.3,76.9,34.395,34.165,5.8,457000.0,9.73,9.19,9.11,-0.54,,,,,,1402.1,,,10.01,,,,,,
1979-04-27,70.6,70.3,76.9,34.395,34.165,5.8,383000.0,9.93,9.32,9.19,-0.61,,,,,,1402.1,,,10.01,,,,,,
1979-05-04,71.4,70.8,77.5,34.751,34.462,5.6,357000.0,9.93,9.39,9.29,-0.54,,,,,,1410.2,,,10.24,,,,,,
1979-05-11,71.4,70.8,77.5,34.751,34.462,5.6,353000.0,9.9,9.34,9.26,-0.56,,,,,,1410.2,,,10.24,,,,,,
1979-05-18,71.4,70.8,77.5,34.751,34.462,5.6,344000.0,9.71,9.23,9.18,-0.48,,,,,,1410.2,,,10.24,,,,,,
1979-05-25,71.4,70.8,77.5,34.751,34.462,5.6,346000.0,9.5,9.01,9.03,-0.49,,,,,,1410.2,,,10.24,,,,,,
1979-06-01,72.2,71.3,78.0,35.038,34.655,5.7,349000.0,9.56,9.05,9.07,-0.51,,,,,,1423.0,,,10.29,,,,,,
1979-06-08,72.2,71.3,78.0,35.038,34.655,5.7,336000.0,9.25,8.9,8.91,-0.35,,,,,,1423.0,,,10.29,,,,,,
1979-06-15,72.2,71.3,78.0,35.038,34.655,5.7,365000.0,9.24,8.96,8.94,-0.28,,,,,,1423.0,,,10.29,,,,,,
1979-06-22,72.2,71.3,78.0,35.038,34.655,5.7,351000.0,9.27,8.98,8.95,-0.29,,,,,,1423.0,,,10.29,,,,,,
1979-06-29,72.2,71.3,78.0,35.038,34.655,5.7,379000.0,8.97,8.81,8.83,-0.16,,,,,,1423.0,,,10.29,,,,,,
1979-07-06,73.0,71.9,79.2,35.305,34.829,5.7,369000.0,9.0,8.82,8.83,-0.18,,,,,,1434.8,,,10.47,,,,,,
1979-07-13,73.0,71.9,79.2,35.305,34.829,5.7,368000.0,9.01,8.94,8.91,-0.07,,,,,,1434.8,,,10.47,,,,,,
1979-07-20,73.0,71.9,79.2,35.305,34.829,5.7,368000.0,9.24,8.98,8.95,-0.26,,,,,,1434.8,,,10.47,,,,,,
1979-07-27,73.0,71.9,79.2,35.305,34.829,5.7,395000.0,9.38,9.02,9.01,-0.36,,,,,,1434.8,,,10.47,,,,,,
1979-08-03,73.7,72.7,79.6,35.575,35.06,6.0,386000.0,9.27,8.92,8.94,-0.35,,,,,,1446.6,,,10.94,,,,,,
1979-08-10,73.7,72.7,79.6,35.575,35.06,6.0,412000.0,9.33,9.0,8.97,-0.33,,,,,,1446.6,,,10.94,,,,,,
1979-08-17,73.7,72.7,79.6,35.575,35.06,6.0,386000.0,9.44,9.01,8.95,-0.43,,,,,,1446.6,,,10.94,,,,,,
1979-08-24,73.7,72.7,79.6,35.575,35.06,6.0,387000.0,9.72,9.14,9.05,-0.58,,,,,,1446.6,,,10.94,,,,,,
1979-08-31,73.7,72.7,79.6,35.575,35.06,6.0,390000.0,9.84,9.24,9.09,-0.6,,,,,,1446.6,,,10.94,,,,,,
1979-09-07,74.4,73.3,80.9,35.889,35.299,5.9,389000.0,10.1,9.34,9.18,-0.76,,,,,,1454.1,,,11.43,,,,,,
1979-09-14,74.4,73.3,80.9,35.889,35.299,5.9,378000.0,10.02,9.29,9.13,-0.73,,,,,,1454.1,,,11.43,,,,,,
1979-09-21,74.4,73.3,80.9,35.889,35.299,5.9,384000.0,10.0,9.26,9.11,-0.74,,,,,,1454.1,,,11.43,,,,,,
1979-09-28,74.4,73.3,80.9,35.889,35.299,5.9,388000.0,10.1,9.44,9.25,-0.66,,,,,,1454.1,,,11.43,,,,,,
1979-10-05,75.2,74.0,82.1,36.182,35.557,6.0,390000.0,10.39,9.6,9.36,-0.79,,,,,,1460.4,,,13.77,,,,,,
1979-10-12,75.2,74.0,82.1,36.182,35.557,6.0,412000.0,11.17,10.15,9.76,-1.02,,,,,,1460.4,,,13.77,,,,,,
1979-10-19,75.2,74.0,82.1,36.182,35.557,6.0,393000.0,12.15,10.68,10.07,-1.47,,,,,,1460.4,,,13.77,,,,,,
1979-10-26,75.2,74.0,82.1,36.182,35.557,6.0,406000.0,12.05,10.67,10.12,-1.38,,,,,,1460.4,,,13.77,,,,,,
1979-11-02,76.0,74.8,82.6,36.433,35.784,5.9,398000.0,12.19,10.84,10.44,-1.35,,,,,,1465.9,,,13.18,,,,,,
1979-11-09,76.0,74.8,82.6,36.433,35.784,5.9,395000.0,11.78,10.68,10.34,-1.1,,,,,,1465.9,,,13.18,,,,,,
1979-11-16,76.0,74.8,82.6,36.433,35.784,5.9,414000.0,11.97,10.77,10.41,-1.2,,,,,,1465.9,,,13.18,,,,,,
1979-11-23,76.0,74.8,82.6,36.433,35.784,5.9,430000.0,11.69,10.51,10.21,-1.18,,,,,,1465.9,,,13.18,,,,,,
1979-11-30,76.0,74.8,82.6,36.433,35.784,5.9,414000.0,11.33,10.38,10.09,-0.95,,,,,,1465.9,,,13.18,,,,,,
1979-12-07,76.9,75.7,83.4,36.739,36.041,6.0,416000.0,11.21,10.3,10.04,-0.91,,,,,,1473.7,,,13.78,,,,,,
1979-12-14,76.9,75.7,83.4,36.739,36.041,6.0,415000.0,11.47,10.45,10.17,-1.02,,,,,,1473.7,,,13.78,,,,,,
1979-12-21,76.9,75.7,83.4,36.739,36.041,6.0,411000.0,11.42,10.39,10.17,-1.03,,,,,,1473.7,,,13.78,,,,,,
1979-12-28,76.9,75.7,83.4,36.739,36.041,6.0,471000.0,11.3,10.41,10.16,-0.89,,,,,,1473.7,,,13.78,,,,,,
1980-01-04,78.0,76.7,85.2,37.124,36.315,6.3,428000.0,11.47,10.66,10.34,-0.81,,,,,,1482.7,,,13.82,,,,,,
1980-01-11,78.0,76.7,85.2,37.124,36.315,6.3,394000.0,11.33,10.68,10.38,-0.65,,,,,,1482.7,,,13.82,,,,,,
1980-01-18,78.0,76.7,85.2,37.124,36.315,6.3,405000.0,11.52,10.82,10.61,-0.7,,,,,,1482.7,,,13.82,,,,,,
1980-01-25,78.0,76.7,85.2,37.124,36.315,6.3,446000.0,11.82,11.1,11.0,-0.72,,,,,,1482.7,,,13.82,,,,,,
1980-02-01,79.0,77.5,86.9,37.526,36.677,6.3,412000.0,12.04,11.29,11.23,-0.75,,,,,,1494.6,,,14.13,,,,46.2,,
1980-02-08,79.0,77.5,86.9,37.526,36.677,6.3,404000.0,12.31,11.8,11.72,-0.51,,,,,,1494.6,,,14.13,,,,46.2,,
1980-02-15,79.0,77.5,86.9,37.526,36.677,6.3,425000.0,13.13,12.2,12.11,-0.93,,,,,,1494.6,,,14.13,,,,46.2,,
1980-02-22,79.0,77.5,86.9,37.526,36.677,6.3,415000.0,14.52,13.06,12.59,-1.46,,,,,,1494.6,,,14.13,,,,46.2,,
1980-02-29,79.0,77.5,86.9,37.526,36.677,6.3,428000.0,14.73,12.72,12.25,-2.01,,,,,,1494.6,,,14.13,,,,50.2,,
1980-03-07,80.1,78.6,87.5,37.987,37.017,6.3,409000.0,15.2,12.86,12.5,-2.34,,,,,,1499.8,,,17.19,,,,50.2,,
1980-03-14,80.1,78.6,87.5,37.987,37.017,6.3,418000.0,14.8,12.52,12.21,-2.28,,,,,,1499.8,,,17.19,,,,50.2,,
1980-03-21,80.1,78.6,87.5,37.987,37.017,6.3,432000.0,15.02,12.75,12.28,-2.27,,,,,,1499.8,,,17.19,,,,50.2,,
1980-03-28,80.1,78.6,87.5,37.987,37.017,6.3,435000.0,14.89,12.72,12.35,-2.17,,,,,,1499.8,,,17.19,,,,50.2,,
1980-04-04,80.9,79.5,87.8,38.185,37.207,6.9,475000.0,14.51,12.52,12.27,-1.99,,,,,,1502.2,,,17.61,,,,43.6,,
1980-04-11,80.9,79.5,87.8,38.185,37.207,6.9,464000.0,13.22,11.79,11.53,-1.43,,,,,,1502.2,,,17.61,,,,43.6,,
1980-04-18,80.9,79.5,87.8,38.185,37.207,6.9,544000.0,11.76,11.05,10.98,-0.71,,,,,,1502.2,,,17.61,,,,43.6,,
1980-04-25,80.9,79.5,87.8,38.185,37.207,6.9,548000.0,11.39,10.95,11.18,-0.44,,,,,,1502.2,,,17.61,,,,43.6,,
1980-05-02,81.7,80.1,88.3,38.482,37.507,7.5,563000.0,10.04,10.24,10.47,0.2,,,,,,1512.3,,,10.98,,,,37.4,,
1980-05-09,81.7,80.1,88.3,38.482,37.507,7.5,572000.0,9.85,10.3,10.41,0.45,,,,,,1512.3,,,10.98,,,,37.4,,
1980-05-16,81.7,80.1,88.3,38.482,37.507,7.5,601000.0,9.76,10.37,10.53,0.61,,,,,,1512.3,,,10.98,,,,37.4,,
1980-05-23,81.7,80.1,88.3,38.482,37.507,7.5,642000.0,8.73,9.85,10.09,1.12,,,,,,1512.3,,,10.98,,,,37.4,,
1980-05-30,81.7,80.1,88.3,38.482,37.507,7.5,627000.0,9.25,10.25,10.37,1.0,,,,,,1512.3,,,10.98,,,,37.4,,
1980-06-06,82.5,81.0,88.7,38.725,37.756,7.6,637000.0,8.72,9.81,9.87,1.09,,,,,,1529.2,,,9.47,,,,29.4,,
1980-06-13,82.5,81.0,88.7,38.725,37.756,7.6,610000.0,8.39,9.51,9.49,1.12,,,,,,1529.2,,,9.47,,,,29.4,,
1980-06-20,82.5,81.0,88.7,38.725,37.756,7.6,592000.0,8.43,9.49,9.5,1.06,,,,,,1529.2,,,9.47,,,,29.4,,
1980-06-27,82.5,81.0,88.7,38.725,37.756,7.6,599000.0,8.94,10.04,9.97,1.1,,,,,,1529.2,,,9.47,,,,29.4,,
1980-07-04,82.6,80.8,90.3,39.026,38.021,7.8,627000.0,8.77,10.01,10.0,1.24,,,,,,1545.5,,,9.03,,,,30.3,,
1980-07-11,82.6,80.8,90.3,39.026,38.021,7.8,579000.0,8.97,10.28,10.3,1.31,,,,,,1545.5,,,9.03,,,,30.3,,
1980-07-18,82.6,80.8,90.3,39.026,38.021,7.8,533000.0,8.93,10.2,10.19,1.27,,,,,,1545.5,,,9.03,,,,30.3,,
1980-07-25,82.6,80.8,90.3,39.026,38.021,7.8,567000.0,9.15,10.35,10.33,1.2,,,,,,1545.5,,,9.03,,,,30.3,,
1980-08-01,83.2,81.3,91.5,39.351,38.296,7.7,558000.0,9.78,10.76,10.76,0.98,,,,,,1561.5,,,9.61,,,,35.0,,
1980-08-08,83.2,81.3,91.5,39.351,38.296,7.7,569000.0,9.81,10.87,10.9,1.06,,,,,,1561.5,,,9.61,,,,35.0,,
1980-08-15,83.2,81.3,91.5,39.351,38.296,7.7,533000.0,10.12,10.86,10.83,0.74,,,,,,1561.5,,,9.61,,,,35.0,,
1980-08-22,83.2,81.3,91.5,39.351,38.296,7.7,525000.0,11.09,11.13,11.01,0.04,,,,,,1561.5,,,9.61,,,,35.0,,
1980-08-29,83.2,81.3,91.5,39.351,38.296,7.7,512000.0,11.36,11.55,11.27,0.19,,,,,,1561.5,,,9.61,,,,35.0,,
1980-09-05,83.9,82.1,91.7,39.715,38.657,7.5,502000.0,10.89,11.21,11.06,0.32,,,,,,1574.0,,,10.87,,,,45.5,,
1980-09-12,83.9,82.1,91.7,39.715,38.657,7.5,511000.0,11.4,11.37,11.18,-0.03,,,,,,1574.0,,,10.87,,,,45.5,,
1980-09-19,83.9,82.1,91.7,39.715,38.657,7.5,492000.0,11.59,11.33,11.25,-0.26,,,,,,1574.0,,,10.87,,,,45.5,,
1980-09-26,83.9,82.1,91.7,39.715,38.657,7.5,465000.0,12.4,11.99,11.81,-0.41,,,,,,1574.0,,,10.87,,,,45.5,,
1980-10-03,84.7,83.0,92.8,40.033,38.975,7.5,463000.0,11.51,11.4,11.33,-0.11,,,,,,1584.8,,,12.81,,,,50.1,,
1980-10-10,84.7,83.0,92.8,40.033,38.975,7.5,462000.0,11.64,11.44,11.26,-0.2,,,,,,1584.8,,,12.81,,,,50.1,,
1980-10-17,84.7,83.0,92.8,40.033,38.975,7.5,447000.0,11.91,11.62,11.44,-0.29,,,,,,1584.8,,,12.81,,,,50.1,,
1980-10-24,84.7,83.0,92.8,40.033,38.975,7.5,425000.0,12.25,11.74,11.61,-0.51,,,,,,1584.8,,,12.81,,,,50.1,,
1980-10-31,84.7,83.0,92.8,40.033,38.975,7.5,418000.0,13.08,12.46,12.23,-0.62,,,,,,1584.8,,,12.81,,,,55.5,,
1980-11-07,85.6,83.9,93.2,40.359,39.282,7.5,419000.0,13.36,12.66,12.59,-0.7,,,,,,1595.8,,,15.85,,,,55.5,,
1980-11-14,85.6,83.9,93.2,40.359,39.282,7.5,407000.0,13.25,12.79,12.45,-0.46,,,,,,1595.8,,,15.85,,,,55.5,,
1980-11-21,85.6,83.9,93.2,40.359,39.282,7.5,427000.0,13.83,12.8,12.37,-1.03,,,,,,1595.8,,,15.85,,,,55.5,,
1980-11-28,85.6,83.9,93.2,40.359,39.282,7.5,398000.0,14.13,12.72,12.32,-1.41,,,,,,1595.8,,,15.85,,,,55.5,,
1980-12-05,86.4,84.9,93.8,40.621,39.518,7.2,412000.0,14.34,12.85,12.33,-1.49,,,,,,1599.8,,,18.9,,,,58.2,,
1980-12-12,86.4,84.9,93.8,40.621,39.518,7.2,416000.0,14.74,13.21,12.82,-1.53,,,,,,1599.8,,,18.9,,,,58.2,,
1980-12-19,86.4,84.9,93.8,40.621,39.518,7.2,413000.0,14.05,12.64,12.22,-1.41,,,,,,1599.8,,,18.9,,,,58.2,,
1980-12-26,86.4,84.9,93.8,40.621,39.518,7.2,412000.0,12.95,12.25,11.84,-0.7,,,,,,1599.8,,,18.9,,,,58.2,,
1981-01-02,87.2,85.4,95.2,41.011,39.861,7.5,399000.0,13.1,12.42,12.01,-0.68,,,,,,1606.9,,,19.08,,,,53.0,,
1981-01-09,87.2,85.4,95.2,41.011,39.861,7.5,410000.0,13.53,12.57,12.13,-0.96,,,,,,1606.9,,,19.08,,,,53.0,,
1981-01-16,87.2,85.4,95.2,41.011,39.861,7.5,419000.0,13.08,12.53,12.13,-0.55,,,,,,1606.9,,,19.08,,,,53.0,,
1981-01-23,87.2,85.4,95.2,41.011,39.861,7.5,421000.0,13.74,12.84,12.38,-0.9,,,,,,1606.9,,,19.08,,,,53.0,,
1981-01-30,87.2,85.4,95.2,41.011,39.861,7.5,396000.0,13.26,12.68,12.28,-0.58,,,,,,1606.9,,,19.08,,,,53.0,,
1981-02-06,88.0,85.9,96.1,41.426,40.152,7.4,419000.0,13.89,13.09,12.73,-0.8,,,,,,1618.7,,,15.93,,,,49.2,,
1981-02-13,88.0,85.9,96.1,41.426,40.152,7.4,420000.0,14.45,13.65,13.2,-0.8,,,,,,1618.7,,,15.93,,,,49.2,,
1981-02-20,88.0,85.9,96.1,41.426,40.152,7.4,423000.0,13.55,12.9,12.54,-0.65,,,,,,1618.7,,,15.93,,,,49.2,,
1981-02-27,88.0,85.9,96.1,41.426,40.152,7.4,438000.0,14.08,13.43,12.97,-0.65,,,,,,1618.7,,,15.93,,,,49.2,,
1981-03-06,88.6,86.4,97.0,41.715,40.375,7.4,434000.0,13.91,13.2,12.73,-0.71,,,,,,1636.6,,,14.7,,,,48.8,,
1981-03-13,88.6,86.4,97.0,41.715,40.375,7.4,409000.0,13.45,12.86,12.42,-0.59,,,,,,1636.6,,,14.7,,,,48.8,,
1981-03-20,88.6,86.4,97.0,41.715,40.375,7.4,408000.0,12.88,12.77,12.34,-0.11,,,,,,1636.6,,,14.7,,,,48.8,,
1981-03-27,88.6,86.4,97.0,41.715,40.375,7.4,401000.0,13.67,13.36,12.93,-0.31,,,,,,1636.6,,,14.7,,,,48.8,,
1981-04-03,89.1,87.0,98.0,41.897,40.633,7.2,412000.0,13.57,13.4,12.94,-0.17,,,,,,1659.2,,,15.72,,,,49.6,,
1981-04-10,89.1,87.0,98.0,41.897,40.633,7.2,417000.0,13.9,13.59,13.15,-0.31,,,,,,1659.2,,,15.72,,,,49.6,,
1981-04-17,89.1,87.0,98.0,41.897,40.633,7.2,396000.0,14.23,13.79,13.32,-0.44,,,,,,1659.2,,,15.72,,,,49.6,,
1981-04-24,89.1,87.0,98.0,41.897,40.633,7.2,392000.0,14.66,13.88,13.35,-0.78,,,,,,1659.2,,,15.72,,,,49.6,,
1981-05-01,89.7,87.8,98.3,42.085,40.913,7.5,436000.0,14.72,14.05,13.59,-0.67,,,,,,1664.2,,,18.52,,,,51.6,,
1981-05-08,89.7,87.8,98.3,42.085,40.913,7.5,413000.0,15.69,14.23,13.76,-1.46,,,,,,1664.2,,,18.52,,,,51.6,,
1981-05-15,89.7,87.8,98.3,42.085,40.913,7.5,423000.0,15.55,14.07,13.58,-1.48,,,,,,1664.2,,,18.52,,,,51.6,,
1981-05-22,89.7,87.8,98.3,42.085,40.913,7.5,414000.0,15.48,13.82,13.36,-1.66,,,,,,1664.2,,,18.52,,,,51.6,,
1981-05-29,89.7,87.8,98.3,42.085,40.913,7.5,415000.0,14.4,13.5,13.06,-0.9,,,,,,1664.2,,,18.52,,,,51.6,,
1981-06-05,90.5,88.6,98.5,42.253,41.117,7.5,417000.0,14.73,13.56,13.11,-1.17,,,,,,1670.3,,,19.1,,,,53.5,,
1981-06-12,90.5,88.6,98.5,42.253,41.117,7.5,428000.0,14.44,13.35,12.84,-1.09,,,,,,1670.3,,,19.1,,,,53.5,,
1981-06-19,90.5,88.6,98.5,42.253,41.117,7.5,425000.0,14.65,13.46,12.9,-1.19,,,,,,1670.3,,,19.1,,,,53.5,,
1981-06-26,90.5,88.6,98.5,42.253,41.117,7.5,435000.0,14.59,13.69,13.14,-0.9,,,,,,1670.3,,,19.1,,,,53.5,,
1981-07-03,91.5,89.8,99.0,42.508,41.365,7.2,444000.0,14.87,13.95,13.35,-0.92,,,,,,1681.9,,,19.04,,,,50.7,,
1981-07-10,91.5,89.8,99.0,42.508,41.365,7.2,460000.0,14.88,13.94,13.25,-0.94,,,,,,1681.9,,,19.04,,,,50.7,,
1981-07-17,91.5,89.8,99.0,42.508,41.365,7.2,426000.0,15.07,14.09,13.4,-0.98,,,,,,1681.9,,,19.04,,,,50.7,,
1981-07-24,91.5,89.8,99.0,42.508,41.365,7.2,430000.0,15.64,14.41,13.65,-1.23,,,,,,1681.9,,,19.04,,,,50.7,,
1981-07-31,91.5,89.8,99.0,42.508,41.365,7.2,407000.0,15.84,14.67,13.96,-1.17,,,,,,1681.9,,,19.04,,,,46.7,,
1981-08-07,92.2,90.7,99.0,42.774,41.642,7.4,476000.0,16.05,14.83,14.07,-1.22,,,,,,1694.3,,,17.82,,,,46.7,,
1981-08-14,92.2,90.7,99.0,42.774,41.642,7.4,448000.0,16.19,14.74,13.95,-1.45,,,,,,1694.3,,,17.82,,,,46.7,,
1981-08-21,92.2,90.7,99.0,42.774,41.642,7.4,442000.0,16.31,14.97,14.14,-1.34,,,,,,1694.3,,,17.82,,,,46.7,,
1981-08-28,92.2,90.7,99.0,42.774,41.642,7.4,434000.0,16.57,15.25,14.49,-1.32,,,,,,1694.3,,,17.82,,,,46.7,,
1981-09-04,93.1,91.8,98.8,43.033,41.915,7.6,451000.0,16.89,15.51,14.84,-1.38,,,,,,1706.0,,,15.87,,,,48.3,,
1981-09-11,93.1,91.8,98.8,43.033,41.915,7.6,473000.0,16.47,15.05,14.49,-1.42,,,,,,1706.0,,,15.87,,,,48.3,,
1981-09-18,93.1,91.8,98.8,43.033,41.915,7.6,454000.0,16.02,14.91,14.22,-1.11,,,,,,1706.0,,,15.87,,,,48.3,,
1981-09-25,93.1,91.8,98.8,43.033,41.915,7.6,475000.0,16.53,15.68,15.08,-0.85,,,,,,1706.0,,,15.87,,,,48.3,,
1981-10-02,93.4,92.1,98.9,43.228,42.165,7.9,491000.0,16.34,15.41,14.8,-0.93,,,,,,1721.8,,,15.08,,,,42.5,,
1981-10-09,93.4,92.1,98.9,43.228,42.165,7.9,489000.0,15.2,14.73,14.26,-0.47,,,,,,1721.8,,,15.08,,,,42.5,,
1981-10-16,93.4,92.1,98.9,43.228,42.165,7.9,491000.0,15.46,14.94,14.55,-0.52,,,,,,1721.8,,,15.08,,,,42.5,,
1981-10-23,93.4,92.1,98.9,43.228,42.165,7.9,487000.0,15.41,15.3,14.81,-0.11,,,,,,1721.8,,,15.08,,,,42.5,,
1981-10-30,93.4,92.1,98.9,43.228,42.165,7.9,483000.0,14.59,14.63,14.36,0.04,,,,,,1721.8,,,15.08,,,,42.5,,
1981-11-06,93.8,92.5,98.8,43.46,42.411,8.3,514000.0,13.86,13.94,13.85,0.08,,,,,,1736.1,,,13.31,,,,40.0,,
1981-11-13,93.8,92.5,98.8,43.46,42.411,8.3,514000.0,12.83,13.18,13.26,0.35,,,,,,1736.1,,,13.31,,,,40.0,,
1981-11-20,93.8,92.5,98.8,43.46,42.411,8.3,517000.0,12.21,13.14,13.08,0.93,,,,,,1736.1,,,13.31,,,,40.0,,
1981-11-27,93.8,92.5,98.8,43.46,42.411,8.3,464000.0,12.11,12.92,12.76,0.81,,,,,,1736.1,,,13.31,,,,40.0,,
1981-12-04,94.1,93.0,98.8,43.594,42.568,8.5,552000.0,12.23,13.15,12.89,0.92,,,,,,1755.5,,,12.37,,,,36.1,,
1981-12-11,94.1,93.0,98.8,43.594,42.568,8.5,558000.0,13.35,13.84,13.55,0.49,,,,,,1755.5,,,12.37,,,,36.1,,
1981-12-18,94.1,93.0,98.8,43.594,42.568,8.5,551000.0,13.19,13.51,13.3,0.32,,,,,,1755.5,,,12.37,,,,36.1,,
1981-12-25,94.1,93.0,98.8,43.594,42.568,8.5,539000.0,13.95,14.01,13.76,0.06,,,,,,1755.5,,,12.37,,,,36.1,,
1982-01-01,94.4,93.3,99.7,43.853,42.829,8.6,556000.0,13.63,13.98,13.65,0.35,,,,,,1770.4,,,13.22,,,,37.8,,
1982-01-08,94.4,93.3,99.7,43.853,42.829,8.6,495000.0,14.11,14.48,14.13,0.37,2.5,,,,,1770.4,,,13.22,,,,37.8,,
1982-01-15,94.4,93.3,99.7,43.853,42.829,8.6,545000.0,14.81,14.82,14.41,0.01,2.08,,,,,1770.4,,,13.22,,,,37.8,,
1982-01-22,94.4,93.3,99.7,43.853,42.829,8.6,489000.0,15.06,14.69,14.24,-0.37,1.06,,,,,1770.4,,,13.22,,,,37.8,,
1982-01-29,94.4,93.3,99.7,43.853,42.829,8.6,564000.0,14.24,14.14,13.91,-0.1,1.06,,,,,1770.4,,,13.22,,,,37.8,,
1982-02-05,94.7,93.8,99.8,43.985,42.994,8.9,583000.0,14.89,14.65,14.43,-0.24,0.02,,,,,1774.5,,,14.78,,,,38.2,,
1982-02-12,94.7,93.8,99.8,43.985,42.994,8.9,556000.0,15.07,14.71,14.54,-0.36,-0.35,,,,,1774.5,,,14.78,,,,38.2,,
1982-02-19,94.7,93.8,99.8,43.985,42.994,8.9,507000.0,14.94,14.24,14.02,-0.7,0.07,,,,,1774.5,,,14.78,,,,38.2,,
1982-02-26,94.7,93.8,99.8,43.985,42.994,8.9,544000.0,14.44,14.03,13.83,-0.41,1.03,,,,,1774.5,,,14.78,,,,38.2,,
1982-03-05,94.7,93.9,99.6,44.098,43.182,9.0,528000.0,13.79,13.59,13.35,-0.2,0.73,,,,,1786.5,,,14.68,,,,38.3,,
1982-03-12,94.7,93.9,99.6,44.098,43.182,9.0,556000.0,14.35,13.97,13.65,-0.38,0.57,,,,,1786.5,,,14.68,,,,38.3,,
1982-03-19,94.7,93.9,99.6,44.098,43.182,9.0,539000.0,14.35,13.89,13.56,-0.46,0.2,,,,,1786.5,,,14.68,,,,38.3,,
1982-03-26,94.7,93.9,99.6,44.098,43.182,9.0,557000.0,14.35,14.01,13.65,-0.34,0.32,,,,,1786.5,,,14.68,,,,38.3,,
1982-04-02,95.0,94.7,99.6,44.12,43.353,9.3,574000.0,14.44,14.1,13.61,-0.34,0.15,,,,,1803.9,,,14.94,,,,36.8,,
1982-04-09,95.0,94.7,99.6,44.12,43.353,9.3,578000.0,14.28,13.98,13.48,-0.3,0.24,,,,,1803.9,,,14.94,,,,36.8,,
1982-04-16,95.0,94.7,99.6,44.12,43.353,9.3,585000.0,14.24,13.71,13.18,-0.53,0.5,,,,,1803.9,,,14.94,,,,36.8,,
1982-04-23,95.0,94.7,99.6,44.12,43.353,9.3,597000.0,14.02,13.69,13.18,-0.33,0.7,,,,,1803.9,,,14.94,,,,36.8,,
1982-04-30,95.0,94.7,99.6,44.12,43.353,9.3,588000.0,13.99,13.87,13.39,-0.12,0.72,,,,,1803.9,,,14.94,,,,37.8,,
1982-05-07,95.9,95.4,99.8,44.382,43.589,9.4,576000.0,13.67,13.48,13.08,-0.19,0.46,,,,,1815.4,,,14.45,,,,37.8,,
1982-05-14,95.9,95.4,99.8,44.382,43.589,9.4,584000.0,13.86,13.48,13.17,-0.38,0.56,,,,,1815.4,,,14.45,,,,37.8,,
1982-05-21,95.9,95.4,99.8,44.382,43.589,9.4,585000.0,13.57,13.52,13.17,-0.05,1.53,,,,,1815.4,,,14.45,,,,37.8,,
1982-05-28,95.9,95.4,99.8,44.382,43.589,9.4,586000.0,13.62,13.71,13.39,0.09,1.74,,,,,1815.4,,,14.45,,,,37.8,,
1982-06-04,97.0,96.1,100.0,44.704,43.808,9.6,588000.0,14.03,13.98,13.76,-0.05,1.2,,,,,1826.0,,,14.15,,,,35.5,,
1982-06-11,97.0,96.1,100.0,44.704,43.808,9.6,611000.0,14.08,13.93,13.61,-0.15,1.38,,,,,1826.0,,,14.15,,,,35.5,,
1982-06-18,97.0,96.1,100.0,44.704,43.808,9.6,614000.0,14.96,14.62,14.19,-0.34,1.31,,,,,1826.0,,,14.15,,,,35.5,,
1982-06-25,97.0,96.1,100.0,44.704,43.808,9.6,591000.0,14.98,14.76,14.24,-0.22,0.89,,,,,1826.0,,,14.15,,,,35.5,,
1982-07-02,97.5,96.7,100.4,44.969,44.092,9.8,582000.0,14.71,14.5,14.03,-0.21,1.14,,,,,1831.5,,,12.59,,,,38.3,,
1982-07-09,97.5,96.7,100.4,44.969,44.092,9.8,600000.0,14.05,14.03,13.57,-0.02,1.74,,,,,1831.5,,,12.59,,,,38.3,,
1982-07-16,97.5,96.7,100.4,44.969,44.092,9.8,572000.0,13.71,13.7,13.35,-0.01,2.02,,,,,1831.5,,,12.59,,,,38.3,,
1982-07-23,97.5,96.7,100.4,44.969,44.092,9.8,567000.0,13.04,13.56,13.25,0.52,2.83,,,,,1831.5,,,12.59,,,,38.3,,
1982-07-30,97.5,96.7,100.4,44.969,44.092,9.8,536000.0,13.17,13.68,13.42,0.51,3.11,,,,,1831.5,,,12.59,,,,38.3,,
1982-08-06,97.7,97.1,100.3,45.108,44.295,9.8,605000.0,13.24,13.85,13.41,0.61,3.14,,,,,1845.2,,,10.12,,,,38.4,,
1982-08-13,97.7,97.1,100.3,45.108,44.295,9.8,606000.0,12.75,13.2,12.98,0.45,3.6,,,,,1845.2,,,10.12,,,,38.4,,
1982-08-20,97.7,97.1,100.3,45.108,44.295,9.8,637000.0,11.2,12.24,12.14,1.04,4.93,,,,,1845.2,,,10.12,,,,38.4,,
1982-08-27,97.7,97.1,100.3,45.108,44.295,9.8,628000.0,11.93,12.77,12.54,0.84,4.67,,,,,1845.2,,,10.12,,,,38.4,,
1982-09-03,97.7,97.2,100.0,45.233,44.459,10.1,647000.0,11.69,12.47,12.16,0.78,4.01,,,,,1858.4,,,10.31,,,,38.3,,
1982-09-10,97.7,97.2,100.0,45.233,44.459,10.1,651000.0,12.06,12.73,12.41,0.67,4.07,,,,,1858.4,,,10.31,,,,38.3,,
1982-09-17,97.7,97.2,100.0,45.233,44.459,10.1,641000.0,11.96,12.51,12.12,0.55,4.28,,,,,1858.4,,,10.31,,,,38.3,,
1982-09-24,97.7,97.2,100.0,45.233,44.459,10.1,680000.0,11.65,12.09,11.88,0.44,4.24,,,,,1858.4,,,10.31,,,,38.3,,
1982-10-01,98.1,97.5,100.2,45.487,44.741,10.4,671000.0,11.13,11.51,11.65,0.38,3.91,,,,,1869.7,,,9.71,,,,38.8,,
1982-10-08,98.1,97.5,100.2,45.487,44.741,10.4,695000.0,10.15,10.83,11.19,0.68,2.83,,,,,1869.7,,,9.71,,,,38.8,,
1982-10-15,98.1,97.5,100.2,45.487,44.741,10.4,651000.0,10.0,10.75,11.03,0.75,2.95,,,,,1869.7,,,9.71,,,,38.8,,
1982-10-22,98.1,97.5,100.2,45.487,44.741,10.4,656000.0,9.87,10.81,11.03,0.94,2.93,,,,,1869.7,,,9.71,,,,38.8,,
1982-10-29,98.1,97.5,100.2,45.487,44.741,10.4,623000.0,9.85,10.71,11.01,0.86,2.54,,,,,1869.7,,,9.71,,,,38.8,,
1982-11-05,98.0,97.3,100.3,45.624,44.906,10.8,637000.0,9.73,10.48,10.59,0.75,2.44,,,,,1883.7,,,9.2,,,,39.4,,
1982-11-12,98.0,97.3,100.3,45.624,44.906,10.8,589000.0,9.87,10.58,10.43,0.71,2.02,,,,,1883.7,,,9.2,,,,39.4,,
1982-11-19,98.0,97.3,100.3,45.624,44.906,10.8,599000.0,9.79,10.42,10.35,0.63,2.04,,,,,1883.7,,,9.2,,,,39.4,,
1982-11-26,98.0,97.3,100.3,45.624,44.906,10.8,577000.0,9.76,10.51,10.47,0.75,2.32,,,,,1883.7,,,9.2,,,,39.4,,
1982-12-03,97.7,97.2,100.5,45.693,45.049,10.8,612000.0,9.72,10.47,10.44,0.75,2.37,,,,,1905.9,,,8.95,,,,39.2,,
1982-12-10,97.7,97.2,100.5,45.693,45.049,10.8,557000.0,9.87,10.66,10.63,0.79,2.35,,,,,1905.9,,,8.95,,,,39.2,,
1982-12-17,97.7,97.2,100.5,45.693,45.049,10.8,533000.0,9.66,10.64,10.69,0.98,2.51,,,,,1905.9,,,8.95,,,,39.2,,
1982-12-24,97.7,97.2,100.5,45.693,45.049,10.8,516000.0,9.52,10.47,10.5,0.95,2.29,,,,,1905.9,,,8.95,,,,39.2,,
1982-12-31,97.7,97.2,100.5,45.693,45.049,10.8,489000.0,9.48,10.36,10.43,0.88,2.16,,,,,1905.9,,,8.95,,,,42.8,,
1983-01-07,97.9,97.6,100.2,45.906,45.357,10.4,534000.0,9.26,10.36,10.5,1.1,2.34,,,,,1959.4,,,8.68,,,,42.8,,
1983-01-14,97.9,97.6,100.2,45.906,45.357,10.4,510000.0,9.09,10.28,10.5,1.19,2.49,,,,,1959.4,,,8.68,,,,42.8,,
1983-01-21,97.9,97.6,100.2,45.906,45.357,10.4,479000.0,9.46,10.61,10.78,1.15,2.32,,,,,1959.4,,,8.68,,,,42.8,,
1983-01-28,97.9,97.6,100.2,45.906,45.357,10.4,479000.0,9.47,10.71,10.9,1.24,2.45,,,,,1959.4,,,8.68,,,,42.8,,
1983-02-04,98.0,98.0,100.5,45.984,45.525,10.4,503000.0,9.82,10.99,11.12,1.17,2.47,,,,,1996.8,,,8.51,,,,46.0,,
1983-02-11,98.0,98.0,100.5,45.984,45.525,10.4,501000.0,9.7,10.8,10.94,1.1,2.38,,,,,1996.8,,,8.51,,,,46.0,,
1983-02-18,98.0,98.0,100.5,45.984,45.525,10.4,486000.0,9.56,10.6,10.78,1.04,2.34,,,,,1996.8,,,8.51,,,,46.0,,
1983-02-25,98.0,98.0,100.5,45.984,45.525,10.4,487000.0,9.28,10.26,10.5,0.98,2.18,,,,,1996.8,,,8.51,,,,46.0,,
1983-03-04,98.1,98.2,100.4,46.043,45.583,10.3,481000.0,9.25,10.27,10.46,1.02,1.98,,,,,2015.2,,,8.77,,,,54.4,,
1983-03-11,98.1,98.2,100.4,46.043,45.583,10.3,495000.0,9.66,10.59,10.75,0.93,2.03,,,,,2015.2,,,8.77,,,,54.4,,
1983-03-18,98.1,98.2,100.4,46.043,45.583,10.3,475000.0,9.78,10.58,10.71,0.8,1.84,,,,,2015.2,,,8.77,,,,54.4,,
1983-03-25,98.1,98.2,100.4,46.043,45.583,10.3,470000.0,9.91,10.64,10.7,0.73,1.64,,,,,2015.2,,,8.77,,,,54.4,,
1983-04-01,98.8,98.6,100.4,46.253,45.721,10.2,481000.0,9.87,10.62,10.69,0.75,1.66,,,,,2028.6,,,8.8,,,,53.9,,
1983-04-08,98.8,98.6,100.4,46.253,45.721,10.2,491000.0,9.67,10.51,10.58,0.84,1.88,,,,,2028.6,,,8.8,,,,53.9,,
1983-04-15,98.8,98.6,100.4,46.253,45.721,10.2,496000.0,9.53,10.33,10.4,0.8,1.9,,,,,2028.6,,,8.8,,,,53.9,,
1983-04-22,98.8,98.6,100.4,46.253,45.721,10.2,515000.0,9.58,10.42,10.52,0.84,1.98,,,,,2028.6,,,8.8,,,,53.9,,
1983-04-29,98.8,98.6,100.4,46.253,45.721,10.2,488000.0,9.35,10.27,10.38,0.92,1.89,,,,,2028.6,,,8.8,,,,53.9,,
1983-05-06,99.2,98.9,100.8,46.384,45.787,10.1,490000.0,9.17,10.13,10.28,0.96,1.87,,,,,2043.1,,,8.63,,,,54.2,,
1983-05-13,99.2,98.9,100.8,46.384,45.787,10.1,494000.0,9.27,10.22,10.37,0.95,1.92,,,,,2043.1,,,8.63,,,,54.2,,
1983-05-20,99.2,98.9,100.8,46.384,45.787,10.1,464000.0,9.64,10.54,10.69,0.9,2.06,,,,,2043.1,,,8.63,,,,54.2,,
1983-05-27,99.2,98.9,100.8,46.384,45.787,10.1,460000.0,9.9,10.62,10.78,0.72,1.82,,,,,2043.1,,,8.63,,,,54.2,,
1983-06-03,99.4,99.2,101.0,46.557,46.001,10.1,454000.0,10.01,10.79,10.93,0.78,1.92,,,,,2053.5,,,8.98,,,,56.1,,
1983-06-10,99.4,99.2,101.0,46.557,46.001,10.1,459000.0,10.2,10.89,10.95,0.69,1.78,,,,,2053.5,,,8.98,,,,56.1,,
1983-06-17,99.4,99.2,101.0,46.557,46.001,10.1,442000.0,10.07,10.68,10.77,0.61,1.67,,,,,2053.5,,,8.98,,,,56.1,,
1983-06-24,99.4,99.2,101.0,46.557,46.001,10.1,434000.0,10.43,11.02,11.06,0.59,1.6,,,,,2053.5,,,8.98,,,,56.1,,
1983-07-01,99.8,99.8,101.3,46.82,46.311,9.4,442000.0,10.17,10.93,11.0,0.76,1.88,,,,,2064.8,,,9.37,,,,57.5,,
1983-07-08,99.8,99.8,101.3,46.82,46.311,9.4,422000.0,10.69,11.33,11.37,0.64,1.85,,,,,2064.8,,,9.37,,,,57.5,,
1983-07-15,99.8,99.8,101.3,46.82,46.311,9.4,412000.0,10.82,11.51,11.47,0.69,1.92,,,,,2064.8,,,9.37,,,,57.5,,
1983-07-22,99.8,99.8,101.3,46.82,46.311,9.4,396000.0,10.77,11.43,11.48,0.66,1.98,,,,,2064.8,,,9.37,,,,57.5,,
1983-07-29,99.8,99.8,101.3,46.82,46.311,9.4,395000.0,11.03,11.76,11.8,0.73,2.17,,,,,2064.8,,,9.37,,,,57.5,,
1983-08-05,100.1,100.1,101.8,47.02,46.55,9.5,415000.0,11.27,12.1,12.07,0.83,2.27,,,,,2074.0,,,9.56,,,,63.6,,
1983-08-12,100.1,100.1,101.8,47.02,46.55,9.5,415000.0,11.27,11.96,11.89,0.69,2.06,,,,,2074.0,,,9.56,,,,63.6,,
1983-08-19,100.1,100.1,101.8,47.02,46.55,9.5,457000.0,10.9,11.72,11.73,0.82,2.02,,,,,2074.0,,,9.56,,,,63.6,,
1983-08-26,100.1,100.1,101.8,47.02,46.55,9.5,445000.0,10.88,11.65,11.6,0.77,2.11,,,,,2074.0,,,9.56,,,,63.6,,
1983-09-02,100.4,100.5,102.0,47.185,46.738,9.2,426000.0,11.18,12.01,11.97,0.83,2.38,,,,,2083.2,,,9.45,,,,63.1,,
1983-09-09,100.4,100.5,102.0,47.185,46.738,9.2,411000.0,10.93,11.73,11.7,0.8,2.19,,,,,2083.2,,,9.45,,,,63.1,,
1983-09-16,100.4,100.5,102.0,47.185,46.738,9.2,403000.0,10.83,11.68,11.65,0.85,2.25,,,,,2083.2,,,9.45,,,,63.1,,
1983-09-23,100.4,100.5,102.0,47.185,46.738,9.2,405000.0,10.61,11.49,11.47,0.88,2.27,,,,,2083.2,,,9.45,,,,63.1,,
1983-09-30,100.4,100.5,102.0,47.185,46.738,9.2,416000.0,10.53,11.44,11.44,0.91,2.4,,,,,2083.2,,,9.45,,,,62.5,,
1983-10-07,100.8,101.0,102.2,47.265,46.821,8.8,413000.0,10.45,11.33,11.38,0.88,2.39,,,,,2099.2,,,9.48,,,,62.5,,
1983-10-14,100.8,101.0,102.2,47.265,46.821,8.8,406000.0,10.65,11.58,11.61,0.93,2.46,,,,,2099.2,,,9.48,,,,62.5,,
1983-10-21,100.8,101.0,102.2,47.265,46.821,8.8,394000.0,10.48,11.43,11.47,0.95,2.56,,,,,2099.2,,,9.48,,,,62.5,,
1983-10-28,100.8,101.0,102.2,47.265,46.821,8.8,394000.0,10.61,11.68,11.74,1.07,2.72,,,,,2099.2,,,9.48,,,,62.5,,
1983-11-04,101.1,101.5,102.1,47.332,46.93,8.5,404000.0,10.76,11.85,11.91,1.09,2.71,,,,,2112.3,,,9.34,,,,64.4,,
1983-11-11,101.1,101.5,102.1,47.332,46.93,8.5,395000.0,10.63,11.71,11.74,1.08,2.62,,,,,2112.3,,,9.34,,,,64.4,,
1983-11-18,101.1,101.5,102.1,47.332,46.93,8.5,390000.0,10.68,11.72,11.79,1.04,2.52,,,,,2112.3,,,9.34,,,,64.4,,
1983-11-25,101.1,101.5,102.1,47.332,46.93,8.5,387000.0,10.63,11.55,11.63,0.92,2.43,,,,,2112.3,,,9.34,,,,64.4,,
1983-12-02,101.4,101.8,102.3,47.358,46.965,8.3,398000.0,10.77,11.75,11.79,0.98,2.47,,,,,2123.5,,,9.47,,,,66.0,,
1983-12-09,101.4,101.8,102.3,47.358,46.965,8.3,365000.0,10.85,11.9,11.95,1.05,2.56,,,,,2123.5,,,9.47,,,,66.0,,
1983-12-16,101.4,101.8,102.3,47.358,46.965,8.3,368000.0,10.87,11.88,11.94,1.01,2.41,,,,,2123.5,,,9.47,,,,66.0,,
1983-12-23,101.4,101.8,102.3,47.358,46.965,8.3,362000.0,10.86,11.79,11.86,0.93,2.47,,,,,2123.5,,,9.47,,,,66.0,,
1983-12-30,101.4,101.8,102.3,47.358,46.965,8.3,377000.0,10.85,11.82,11.87,0.97,2.49,,,,,2123.5,,,9.47,,,,66.0,,
1984-01-06,102.1,102.5,102.9,47.564,47.121,8.0,372000.0,10.68,11.73,11.82,1.05,2.51,,,,,2138.2,,,9.56,,,,69.9,,
1984-01-13,102.1,102.5,102.9,47.564,47.121,8.0,356000.0,10.5,11.59,11.67,1.09,2.51,,,,,2138.2,,,9.56,,,,69.9,,
1984-01-20,102.1,102.5,102.9,47.564,47.121,8.0,351000.0,10.6,11.64,11.71,1.04,2.32,,,,,2138.2,,,9.56,,,,69.9,,
1984-01-27,102.1,102.5,102.9,47.564,47.121,8.0,333000.0,10.62,11.63,11.73,1.01,2.35,,,,,2138.2,,,9.56,,,,69.9,,
1984-02-03,102.6,102.8,103.2,47.884,47.418,7.8,364000.0,10.53,11.6,11.72,1.07,2.28,,,,,2158.2,,,9.59,,,,60.5,,
1984-02-10,102.6,102.8,103.2,47.884,47.418,7.8,342000.0,10.73,11.83,11.92,1.1,2.4,,,,,2158.2,,,9.59,,,,60.5,,
1984-02-17,102.6,102.8,103.2,47.884,47.418,7.8,338000.0,10.87,11.92,12.02,1.05,2.39,,,,,2158.2,,,9.59,,,,60.5,,
1984-02-24,102.6,102.8,103.2,47.884,47.418,7.8,334000.0,10.94,11.99,12.1,1.05,2.45,,,,,2158.2,,,9.59,,,,60.5,,
1984-03-02,102.9,103.2,103.9,48.041,47.598,7.8,343000.0,10.92,11.99,12.05,1.07,2.49,,,,,2175.2,,,9.91,,,,61.3,,
1984-03-09,102.9,103.2,103.9,48.041,47.598,7.8,347000.0,11.19,12.28,12.35,1.09,2.51,,,,,2175.2,,,9.91,,,,61.3,,
1984-03-16,102.9,103.2,103.9,48.041,47.598,7.8,346000.0,11.27,12.34,12.43,1.07,2.47,,,,,2175.2,,,9.91,,,,61.3,,
1984-03-23,102.9,103.2,103.9,48.041,47.598,7.8,349000.0,11.59,12.48,12.5,0.89,2.33,,,,,2175.2,,,9.91,,,,61.3,,
1984-03-30,102.9,103.2,103.9,48.041,47.598,7.8,346000.0,11.6,12.53,12.52,0.93,2.44,,,,,2175.2,,,9.91,,,,61.3,,
1984-04-06,103.3,103.7,104.0,48.224,47.822,7.7,341000.0,11.55,12.51,12.5,0.96,2.46,,,,,2191.7,,,10.29,,,,58.9,,
1984-04-13,103.3,103.7,104.0,48.224,47.822,7.7,381000.0,11.66,12.57,12.58,0.91,2.46,,,,,2191.7,,,10.29,,,,58.9,,
1984-04-20,103.3,103.7,104.0,48.224,47.822,7.7,357000.0,11.77,12.77,12.81,1.0,2.67,,,,,2191.7,,,10.29,,,,58.9,,
1984-04-27,103.3,103.7,104.0,48.224,47.822,7.7,364000.0,11.89,12.79,12.82,0.9,2.71,,,,,2191.7,,,10.29,,,,58.9,,
1984-05-04,103.5,104.1,104.1,48.285,47.933,7.4,375000.0,12.15,13.07,13.08,0.92,2.82,,,,,2204.1,,,10.32,,,,61.0,,
1984-05-11,103.5,104.1,104.1,48.285,47.933,7.4,365000.0,12.55,13.46,13.51,0.91,3.06,,,,,2204.1,,,10.32,,,,61.0,,
1984-05-18,103.5,104.1,104.1,48.285,47.933,7.4,368000.0,12.47,13.45,13.46,0.98,3.26,,,,,2204.1,,,10.32,,,,61.0,,
1984-05-25,103.5,104.1,104.1,48.285,47.933,7.4,354000.0,12.77,13.75,13.72,0.98,3.81,,,,,2204.1,,,10.32,,,,61.0,,
1984-06-01,103.7,104.5,104.0,48.371,48.046,7.2,354000.0,12.72,13.63,13.58,0.91,3.45,,,,,2215.1,,,11.06,,,,58.6,,
1984-06-08,103.7,104.5,104.0,48.371,48.046,7.2,355000.0,12.74,13.46,13.42,0.72,3.21,,,,,2215.1,,,11.06,,,,58.6,,
1984-06-15,103.7,104.5,104.0,48.371,48.046,7.2,369000.0,12.63,13.21,13.14,0.58,2.94,,,,,2215.1,,,11.06,,,,58.6,,
1984-06-22,103.7,104.5,104.0,48.371,48.046,7.2,361000.0,13.15,13.74,13.55,0.59,3.51,,,,,2215.1,,,11.06,,,,58.6,,
1984-06-29,103.7,104.5,104.0,48.371,48.046,7.2,362000.0,13.17,13.84,13.64,0.67,3.53,,,,,2215.1,,,11.06,,,,58.6,,
1984-07-06,104.1,105.0,104.2,48.544,48.253,7.5,360000.0,13.13,13.75,13.55,0.62,3.35,,,,,2223.5,,,11.23,,,,58.1,,
1984-07-13,104.1,105.0,104.2,48.544,48.253,7.5,366000.0,12.85,13.3,13.12,0.45,2.94,,,,,2223.5,,,11.23,,,,58.1,,
1984-07-20,104.1,105.0,104.2,48.544,48.253,7.5,360000.0,12.85,13.36,13.26,0.51,2.77,,,,,2223.5,,,11.23,,,,58.1,,
1984-07-27,104.1,105.0,104.2,48.544,48.253,7.5,357000.0,12.59,12.95,12.91,0.36,2.25,,,,,2223.5,,,11.23,,,,58.1,,
1984-08-03,104.4,105.4,103.8,48.693,48.412,7.5,359000.0,12.3,12.61,12.59,0.31,1.71,,,,,2230.4,,,11.64,,,,56.1,,
1984-08-10,104.4,105.4,103.8,48.693,48.412,7.5,382000.0,12.35,12.68,12.47,0.33,1.82,,,,,2230.4,,,11.64,,,,56.1,,
1984-08-17,104.4,105.4,103.8,48.693,48.412,7.5,380000.0,12.4,12.7,12.46,0.3,1.95,,,,,2230.4,,,11.64,,,,56.1,,
1984-08-24,104.4,105.4,103.8,48.693,48.412,7.5,401000.0,12.41,12.66,12.44,0.25,1.75,,,,,2230.4,,,11.64,,,,56.1,,
1984-08-31,104.4,105.4,103.8,48.693,48.412,7.5,395000.0,12.54,12.79,12.51,0.25,1.73,,,,,2230.4,,,11.64,,,,53.0,,
1984-09-07,104.7,105.8,103.4,48.759,48.486,7.3,385000.0,12.45,12.7,12.44,0.25,1.71,,,,,2244.4,,,11.3,,,,53.0,,
1984-09-14,104.7,105.8,103.4,48.759,48.486,7.3,402000.0,12.15,12.42,12.22,0.27,1.63,,,,,2244.4,,,11.3,,,,53.0,,
1984-09-21,104.7,105.8,103.4,48.759,48.486,7.3,393000.0,12.06,12.45,12.22,0.39,1.78,,,,,2244.4,,,11.3,,,,53.0,,
1984-09-28,104.7,105.8,103.4,48.759,48.486,7.3,395000.0,12.07,12.47,12.28,0.4,1.84,,,,,2244.4,,,11.3,,,,53.0,,
1984-10-05,105.1,106.2,103.4,48.874,48.595,7.4,402000.0,11.93,12.39,12.2,0.46,1.84,,,,,2258.9,,,9.99,,,,50.0,,
1984-10-12,105.1,106.2,103.4,48.874,48.595,7.4,403000.0,11.72,12.28,12.12,0.56,1.98,,,,,2258.9,,,9.99,,,,50.0,,
1984-10-19,105.1,106.2,103.4,48.874,48.595,7.4,410000.0,11.39,11.93,11.74,0.54,2.0,,,,,2258.9,,,9.99,,,,50.0,,
1984-10-26,105.1,106.2,103.4,48.874,48.595,7.4,439000.0,11.33,11.99,11.78,0.66,2.28,,,,,2258.9,,,9.99,,,,50.0,,
1984-11-02,105.3,106.4,103.7,48.943,48.698,7.2,425000.0,10.96,11.66,11.55,0.7,2.32,,,,,2281.4,,,9.43,,,,50.8,,
1984-11-09,105.3,106.4,103.7,48.943,48.698,7.2,423000.0,10.81,11.71,11.66,0.9,2.77,,,,,2281.4,,,9.43,,,,50.8,,
1984-11-16,105.3,106.4,103.7,48.943,48.698,7.2,393000.0,10.71,11.69,11.67,0.98,2.79,,,,,2281.4,,,9.43,,,,50.8,,
1984-11-23,105.3,106.4,103.7,48.943,48.698,7.2,383000.0,10.29,11.24,11.32,0.95,2.49,,,,,2281.4,,,9.43,,,,50.8,,
1984-11-30,105.3,106.4,103.7,48.943,48.698,7.2,429000.0,10.5,11.58,11.58,1.08,2.84,,,,,2281.4,,,9.43,,,,50.3,,
1984-12-07,105.5,106.8,103.5,49.081,48.891,7.3,401000.0,10.51,11.7,11.7,1.19,3.06,,,,,2306.4,,,8.38,,,,50.3,,
1984-12-14,105.5,106.8,103.5,49.081,48.891,7.3,383000.0,10.2,11.56,11.56,1.36,3.17,,,,,2306.4,,,8.38,,,,50.3,,
1984-12-21,105.5,106.8,103.5,49.081,48.891,7.3,386000.0,9.94,11.34,11.38,1.4,3.31,,,,,2306.4,,,8.38,,,,50.3,,
1984-12-28,105.5,106.8,103.5,49.081,48.891,7.3,379000.0,10.02,11.46,11.49,1.44,3.46,,,,,2306.4,,,8.38,,,,50.3,,
1985-01-04,105.7,107.1,103.4,49.326,49.165,7.3,379000.0,10.08,11.67,11.7,1.59,3.59,,,,,2332.4,,102.17337799072266,8.35,,,,50.6,,
1985-01-11,105.7,107.1,103.4,49.326,49.165,7.3,369000.0,10.08,11.59,11.64,1.51,3.57,,,,,2332.4,,102.17337799072266,8.35,,,,50.6,,
1985-01-18,105.7,107.1,103.4,49.326,49.165,7.3,387000.0,9.91,11.39,11.51,1.48,3.39,,,,,2332.4,,102.17337799072266,8.35,,,,50.6,,
1985-01-25,105.7,107.1,103.4,49.326,49.165,7.3,359000.0,9.76,11.11,11.21,1.35,3.22,,,,,2332.4,,102.17337799072266,8.35,,,,50.6,,
1985-02-01,106.3,107.7,103.3,49.555,49.42,7.2,368000.0,10.04,11.29,11.32,1.25,2.82,,,,,2354.1,,117.10202026367188,8.5,,,,50.3,,
1985-02-08,106.3,107.7,103.3,49.555,49.42,7.2,386000.0,10.03,11.37,11.27,1.34,2.86,,,,,2354.1,,117.10202026367188,8.5,,,,50.3,,
1985-02-15,106.3,107.7,103.3,49.555,49.42,7.2,401000.0,10.02,11.38,11.37,1.36,2.91,,,,,2354.1,,117.10202026367188,8.5,,,,50.3,,
1985-02-22,106.3,107.7,103.3,49.555,49.42,7.2,390000.0,10.34,11.76,11.71,1.42,3.08,,,,,2354.1,,117.10202026367188,8.5,,,,50.3,,
1985-03-01,106.8,108.1,103.1,49.749,49.593,7.2,390000.0,10.73,11.86,11.82,1.13,2.88,,,,,2366.2,,124.77815246582033,8.58,,,,49.9,,
1985-03-08,106.8,108.1,103.1,49.749,49.593,7.2,374000.0,10.56,11.71,11.71,1.15,2.82,,,,,2366.2,,124.77815246582033,8.58,,,,49.9,,
1985-03-15,106.8,108.1,103.1,49.749,49.593,7.2,385000.0,10.82,11.93,11.86,1.11,3.22,,,,,2366.2,,124.77815246582033,8.58,,,,49.9,,
1985-03-22,106.8,108.1,103.1,49.749,49.593,7.2,386000.0,10.75,11.88,11.83,1.13,3.06,,,,,2366.2,,124.77815246582033,8.58,,,,49.9,,
1985-03-29,106.8,108.1,103.1,49.749,49.593,7.2,373000.0,10.43,11.65,11.64,1.22,3.18,,,,,2366.2,,124.77815246582033,8.58,,,,49.9,,
1985-04-05,107.0,108.4,103.3,49.821,49.652,7.3,386000.0,10.53,11.75,11.74,1.22,3.34,,,,,2375.4,,87.92900085449219,8.27,,,,47.8,,
1985-04-12,107.0,108.4,103.3,49.821,49.652,7.3,405000.0,10.13,11.43,11.42,1.3,3.1,,,,,2375.4,,87.92900085449219,8.27,,,,47.8,,
1985-04-19,107.0,108.4,103.3,49.821,49.652,7.3,411000.0,9.81,11.16,11.26,1.35,3.1,,,,,2375.4,,87.92900085449219,8.27,,,,47.8,,
1985-04-26,107.0,108.4,103.3,49.821,49.652,7.3,391000.0,9.88,11.35,11.42,1.47,3.27,,,,,2375.4,,87.92900085449219,8.27,,,,47.8,,
1985-05-03,107.2,108.8,103.5,49.939,49.823,7.2,386000.0,9.71,11.21,11.31,1.5,3.22,,,,,2389.5,,103.26284790039062,7.97,,,,48.2,,
1985-05-10,107.2,108.8,103.5,49.939,49.823,7.2,390000.0,9.62,11.04,11.2,1.42,3.04,,,,,2389.5,,103.26284790039062,7.97,,,,48.2,,
1985-05-17,107.2,108.8,103.5,49.939,49.823,7.2,394000.0,9.37,10.84,11.05,1.47,3.2,,,,,2389.5,,103.26284790039062,7.97,,,,48.2,,
1985-05-24,107.2,108.8,103.5,49.939,49.823,7.2,391000.0,9.13,10.57,10.85,1.44,3.15,,,,,2389.5,,103.26284790039062,7.97,,,,48.2,,
1985-05-31,107.2,108.8,103.5,49.939,49.823,7.2,396000.0,8.92,10.28,10.58,1.36,2.9,,,,,2389.5,,103.26284790039062,7.97,,,,47.1,,
1985-06-07,107.5,109.1,103.3,50.075,49.988,7.4,393000.0,8.82,10.19,10.52,1.37,2.8,,,,,2412.6,,148.78282165527344,7.53,,,,47.1,,
1985-06-14,107.5,109.1,103.3,50.075,49.988,7.4,403000.0,8.45,9.98,10.31,1.53,3.07,,,,,2412.6,,148.78282165527344,7.53,,,,47.1,,
1985-06-21,107.5,109.1,103.3,50.075,49.988,7.4,390000.0,8.8,10.34,10.57,1.54,3.07,,,,,2412.6,,148.78282165527344,7.53,,,,47.1,,
1985-06-28,107.5,109.1,103.3,50.075,49.988,7.4,386000.0,8.67,10.25,10.47,1.58,3.2,,,,,2412.6,,148.78282165527344,7.53,,,,47.1,,
1985-07-05,107.7,109.4,103.2,50.198,50.134,7.4,390000.0,8.36,9.93,10.23,1.57,2.94,,,,,2429.5,,133.90542602539062,7.88,,,,47.8,,
1985-07-12,107.7,109.4,103.2,50.198,50.134,7.4,395000.0,8.78,10.23,10.42,1.45,2.91,,,,,2429.5,,133.90542602539062,7.88,,,,47.8,,
1985-07-19,107.7,109.4,103.2,50.198,50.134,7.4,386000.0,8.82,10.34,10.52,1.52,2.92,,,,,2429.5,,133.90542602539062,7.88,,,,47.8,,
1985-07-26,107.7,109.4,103.2,50.198,50.134,7.4,370000.0,8.98,10.59,10.72,1.61,3.16,,,,,2429.5,,133.90542602539062,7.88,,,,47.8,,
1985-08-02,107.9,109.8,102.7,50.364,50.38,7.1,362000.0,9.15,10.66,10.77,1.51,3.11,,,,,2444.0,,82.78410339355469,7.9,,,,47.9,,
1985-08-09,107.9,109.8,102.7,50.364,50.38,7.1,407000.0,8.95,10.37,10.61,1.42,2.97,,,,,2444.0,,82.78410339355469,7.9,,,,47.9,,
1985-08-16,107.9,109.8,102.7,50.364,50.38,7.1,402000.0,8.9,10.26,10.54,1.36,2.92,,,,,2444.0,,82.78410339355469,7.9,,,,47.9,,
1985-08-23,107.9,109.8,102.7,50.364,50.38,7.1,399000.0,8.87,10.14,10.42,1.27,2.87,,,,,2444.0,,82.78410339355469,7.9,,,,47.9,,
1985-08-30,107.9,109.8,102.7,50.364,50.38,7.1,405000.0,8.96,10.28,10.48,1.32,2.9,,,,,2444.0,,82.78410339355469,7.9,,,,47.9,,
1985-09-06,108.1,110.0,102.1,50.449,50.484,7.1,409000.0,9.15,10.5,10.73,1.35,3.0,,,,,2456.4,,102.43449401855467,7.92,,,,47.7,,
1985-09-13,108.1,110.0,102.1,50.449,50.484,7.1,426000.0,9.03,10.4,10.62,1.37,2.95,,,,,2456.4,,102.43449401855467,7.92,,,,47.7,,
1985-09-20,108.1,110.0,102.1,50.449,50.484,7.1,408000.0,9.01,10.36,10.58,1.35,3.12,,,,,2456.4,,102.43449401855467,7.92,,,,47.7,,
1985-09-27,108.1,110.0,102.1,50.449,50.484,7.1,401000.0,8.72,10.22,10.5,1.5,3.06,,,,,2456.4,,102.43449401855467,7.92,,,,47.7,,
1985-10-04,108.5,110.5,102.9,50.533,50.565,7.1,399000.0,8.84,10.36,10.61,1.52,3.14,,,,,2468.0,,105.99191284179688,7.99,,,,49.9,,
1985-10-11,108.5,110.5,102.9,50.533,50.565,7.1,405000.0,8.96,10.34,10.61,1.38,2.91,,,,,2468.0,,105.99191284179688,7.99,,,,49.9,,
1985-10-18,108.5,110.5,102.9,50.533,50.565,7.1,400000.0,8.81,10.17,10.44,1.36,2.73,,,,,2468.0,,105.99191284179688,7.99,,,,49.9,,
1985-10-25,108.5,110.5,102.9,50.533,50.565,7.1,400000.0,8.88,10.21,10.47,1.33,2.73,,,,,2468.0,,105.99191284179688,7.99,,,,49.9,,
1985-11-01,109.0,111.1,103.4,50.68,50.689,7.0,418000.0,8.7,9.98,10.24,1.28,2.54,,,,,2477.8,,94.84818267822266,8.05,,,,50.9,,
1985-11-08,109.0,111.1,103.4,50.68,50.689,7.0,398000.0,8.57,9.84,10.13,1.27,2.38,,,,,2477.8,,94.84818267822266,8.05,,,,50.9,,
1985-11-15,109.0,111.1,103.4,50.68,50.689,7.0,397000.0,8.66,9.92,10.18,1.26,2.33,,,,,2477.8,,94.84818267822266,8.05,,,,50.9,,
1985-11-22,109.0,111.1,103.4,50.68,50.689,7.0,397000.0,8.52,9.66,9.95,1.14,2.19,,,,,2477.8,,94.84818267822266,8.05,,,,50.9,,
1985-11-29,109.0,111.1,103.4,50.68,50.689,7.0,382000.0,8.46,9.59,9.86,1.13,2.2,,,,,2477.8,,94.84818267822266,8.05,,,,50.9,,
1985-12-06,109.5,111.4,103.6,50.85,50.827,7.0,393000.0,8.47,9.65,9.9,1.18,2.17,,,,,2492.1,,96.4211654663086,8.27,,,,52.0,,
1985-12-13,109.5,111.4,103.6,50.85,50.827,7.0,399000.0,7.97,9.21,9.53,1.24,2.01,,,,,2492.1,,96.4211654663086,8.27,,,,52.0,,
1985-12-20,109.5,111.4,103.6,50.85,50.827,7.0,382000.0,8.01,9.04,9.33,1.03,1.77,,,,,2492.1,,96.4211654663086,8.27,,,,52.0,,
1985-12-27,109.5,111.4,103.6,50.85,50.827,7.0,370000.0,7.99,8.99,9.27,1.0,1.81,,,,,2492.1,,96.4211654663086,8.27,,,,52.0,,
1986-01-03,109.9,111.9,103.2,51.084,51.101,6.7,390000.0,8.03,9.05,9.3,1.02,1.76,,,,2.3,2502.1,,135.36074829101562,8.14,,,,50.7,,
1986-01-10,109.9,111.9,103.2,51.084,51.101,6.7,362000.0,8.36,9.39,9.54,1.03,1.95,,,,2.06,2502.1,,135.36074829101562,8.14,,,,50.7,,
1986-01-17,109.9,111.9,103.2,51.084,51.101,6.7,397000.0,8.19,9.24,9.4,1.05,1.91,,,,2.2,2502.1,,135.36074829101562,8.14,,,,50.7,,
1986-01-24,109.9,111.9,103.2,51.084,51.101,6.7,364000.0,8.13,9.23,9.45,1.1,2.04,,,,2.26,2502.1,,135.36074829101562,8.14,,,,50.7,,
1986-01-31,109.9,111.9,103.2,51.084,51.101,6.7,344000.0,7.99,9.08,9.34,1.09,1.89,,,,2.29,2502.1,,135.36074829101562,8.14,,,,51.2,,
1986-02-07,109.7,112.2,101.7,51.084,51.233,7.2,364000.0,8.15,9.11,9.32,0.96,1.67,,,,2.22,2512.9,,98.75003051757812,7.86,,,,51.2,,
1986-02-14,109.7,112.2,101.7,51.084,51.233,7.2,366000.0,7.99,8.68,8.93,0.69,1.44,,,,2.47,2512.9,,98.75003051757812,7.86,,,,51.2,,
1986-02-21,109.7,112.2,101.7,51.084,51.233,7.2,358000.0,7.93,8.48,8.73,0.55,1.28,,,,2.54,2512.9,,98.75003051757812,7.86,,,,51.2,,
1986-02-28,109.7,112.2,101.7,51.084,51.233,7.2,390000.0,7.71,8.13,8.27,0.42,0.89,,,,2.49,2512.9,,98.75003051757812,7.86,,,,51.0,,
1986-03-07,109.1,112.5,100.3,50.972,51.389,7.2,375000.0,7.29,7.96,8.15,0.67,1.15,,,,2.68,2533.1,,98.67667388916016,7.48,,,,51.0,,
1986-03-14,109.1,112.5,100.3,50.972,51.389,7.2,366000.0,7.18,7.72,7.95,0.54,0.98,,,,2.72,2533.1,,98.67667388916016,7.48,,,,51.0,,
1986-03-21,109.1,112.5,100.3,50.972,51.389,7.2,382000.0,7.19,7.8,7.98,0.61,1.19,,,,2.69,2533.1,,98.67667388916016,7.48,,,,51.0,,
1986-03-28,109.1,112.5,100.3,50.972,51.389,7.2,387000.0,7.04,7.49,7.63,0.45,0.96,,,,2.88,2533.1,,98.67667388916016,7.48,,,,51.0,,
1986-04-04,108.7,112.9,99.6,50.868,51.482,7.1,396000.0,6.85,7.45,7.53,0.6,1.04,,,,2.84,2557.8,,148.31385803222656,6.99,,,,51.0,,
1986-04-11,108.7,112.9,99.6,50.868,51.482,7.1,381000.0,6.65,7.29,7.37,0.64,1.16,,,,2.96,2557.8,,148.31385803222656,6.99,,,,51.0,,
1986-04-18,108.7,112.9,99.6,50.868,51.482,7.1,388000.0,6.44,7.09,7.19,0.65,1.05,,,,2.88,2557.8,,148.31385803222656,6.99,,,,51.0,,
1986-04-25,108.7,112.9,99.6,50.868,51.482,7.1,383000.0,6.91,7.58,7.61,0.67,1.26,,,,2.68,2557.8,,148.31385803222656,6.99,,,,51.0,,
1986-05-02,109.0,113.1,100.0,50.961,51.57,7.2,391000.0,6.88,7.51,7.62,0.63,1.18,,,,2.73,2584.8,,117.38924407958984,6.85,,,,49.7,,
1986-05-09,109.0,113.1,100.0,50.961,51.57,7.2,392000.0,6.85,7.48,7.37,0.63,1.25,,,,2.71,2584.8,,117.38924407958984,6.85,,,,49.7,,
1986-05-16,109.0,113.1,100.0,50.961,51.57,7.2,395000.0,7.32,7.99,7.64,0.67,1.59,,,,2.39,2584.8,,117.38924407958984,6.85,,,,49.7,,
1986-05-23,109.0,113.1,100.0,50.961,51.57,7.2,384000.0,7.19,7.84,7.45,0.65,1.48,,,,2.53,2584.8,,117.38924407958984,6.85,,,,49.7,,
1986-05-30,109.0,113.1,100.0,50.961,51.57,7.2,386000.0,7.36,8.05,7.74,0.69,1.56,,,,2.36,2584.8,,117.38924407958984,6.85,,,,49.7,,
1986-06-06,109.4,113.4,99.9,51.151,51.725,7.2,373000.0,7.27,7.95,7.65,0.68,1.44,,,,2.46,2605.0,,96.29425048828124,6.92,,,,53.4,,
1986-06-13,109.4,113.4,99.9,51.151,51.725,7.2,375000.0,7.15,7.73,7.52,0.58,1.37,,,,2.62,2605.0,,96.29425048828124,6.92,,,,53.4,,
1986-06-20,109.4,113.4,99.9,51.151,51.725,7.2,369000.0,7.06,7.6,7.47,0.54,1.32,,,,2.68,2605.0,,96.29425048828124,6.92,,,,53.4,,
1986-06-27,109.4,113.4,99.9,51.151,51.725,7.2,367000.0,6.84,7.38,7.29,0.54,1.18,,,,2.8,2605.0,,96.29425048828124,6.92,,,,53.4,,
1986-07-04,109.5,113.8,99.4,51.164,51.819,7.0,371000.0,6.71,7.31,7.18,0.6,1.23,,,,2.82,2626.6,,94.70178985595705,6.56,,,,50.5,,
1986-07-11,109.5,113.8,99.4,51.164,51.819,7.0,371000.0,6.6,7.3,7.19,0.7,1.38,,,,2.84,2626.6,,94.70178985595705,6.56,,,,50.5,,
1986-07-18,109.5,113.8,99.4,51.164,51.819,7.0,361000.0,6.56,7.16,7.19,0.6,1.28,,,,2.97,2626.6,,94.70178985595705,6.56,,,,50.5,,
1986-07-25,109.5,113.8,99.4,51.164,51.819,7.0,354000.0,6.67,7.33,7.4,0.66,1.35,,,,2.93,2626.6,,94.70178985595705,6.56,,,,50.5,,
1986-08-01,109.6,114.2,99.3,51.228,51.925,6.9,362000.0,6.56,7.34,7.46,0.78,1.4,,,,2.91,2646.5,,103.34593963623048,6.17,,,,48.0,,
1986-08-08,109.6,114.2,99.3,51.228,51.925,6.9,416000.0,6.54,7.3,7.41,0.76,1.44,,,,2.99,2646.5,,103.34593963623048,6.17,,,,48.0,,
1986-08-15,109.6,114.2,99.3,51.228,51.925,6.9,416000.0,6.36,7.14,7.29,0.78,1.43,,,,3.12,2646.5,,103.34593963623048,6.17,,,,48.0,,
1986-08-22,109.6,114.2,99.3,51.228,51.925,6.9,407000.0,6.14,7.07,7.27,0.93,1.56,,,,3.04,2646.5,,103.34593963623048,6.17,,,,48.0,,
1986-08-29,109.6,114.2,99.3,51.228,51.925,6.9,397000.0,5.94,6.95,7.21,1.01,1.64,,,,3.07,2646.5,,103.34593963623048,6.17,,,,48.0,,
1986-09-05,110.0,114.6,99.4,51.396,52.096,7.0,401000.0,6.25,7.32,7.54,1.07,1.95,,,,2.8,2667.8,,117.1078872680664,5.89,,,,52.6,,
1986-09-12,110.0,114.6,99.4,51.396,52.096,7.0,400000.0,6.43,7.63,7.74,1.2,2.32,,,,2.64,2667.8,,117.1078872680664,5.89,,,,52.6,,
1986-09-19,110.0,114.6,99.4,51.396,52.096,7.0,394000.0,6.52,7.67,7.83,1.15,2.27,,,,2.61,2667.8,,117.1078872680664,5.89,,,,52.6,,
1986-09-26,110.0,114.6,99.4,51.396,52.096,7.0,399000.0,6.39,7.47,7.63,1.08,2.09,,,,2.74,2667.8,,117.1078872680664,5.89,,,,52.6,,
1986-10-03,110.2,115.0,99.7,51.488,52.273,7.0,389000.0,6.16,7.31,7.53,1.15,2.08,,,,2.92,2687.4,,96.7924346923828,5.85,,,,52.4,,
1986-10-10,110.2,115.0,99.7,51.488,52.273,7.0,391000.0,6.16,7.36,7.66,1.2,2.16,,,,2.87,2687.4,,96.7924346923828,5.85,,,,52.4,,
1986-10-17,110.2,115.0,99.7,51.488,52.273,7.0,387000.0,6.38,7.57,7.84,1.19,2.15,,,,2.71,2687.4,,96.7924346923828,5.85,,,,52.4,,
1986-10-24,110.2,115.0,99.7,51.488,52.273,7.0,385000.0,6.35,7.47,7.76,1.12,2.05,,,,2.77,2687.4,,96.7924346923828,5.85,,,,52.4,,
1986-10-31,110.2,115.0,99.7,51.488,52.273,7.0,370000.0,6.26,7.34,7.61,1.08,2.0,,,,2.82,2687.4,,96.7924346923828,5.85,,,,51.2,,
1986-11-07,110.4,115.3,99.8,51.58,52.384,6.9,364000.0,6.35,7.4,7.63,1.05,1.93,,,,2.73,2701.3,,109.77281951904295,6.04,,,,51.2,,
1986-11-14,110.4,115.3,99.8,51.58,52.384,6.9,349000.0,6.33,7.29,7.53,0.96,1.74,,,,2.82,2701.3,,109.77281951904295,6.04,,,,51.2,,
1986-11-21,110.4,115.3,99.8,51.58,52.384,6.9,368000.0,6.21,7.17,7.44,0.96,1.66,,,,2.84,2701.3,,109.77281951904295,6.04,,,,51.2,,
1986-11-28,110.4,115.3,99.8,51.58,52.384,6.9,369000.0,6.21,7.15,7.41,0.94,1.61,,,,2.85,2701.3,,109.77281951904295,6.04,,,,51.2,,
1986-12-05,110.8,115.6,99.7,51.651,52.452,6.6,366000.0,6.24,7.12,7.38,0.88,1.53,,,,2.82,2728.0,,89.75377655029297,6.91,,,,51.2,,
1986-12-12,110.8,115.6,99.7,51.651,52.452,6.6,363000.0,6.24,7.13,7.39,0.89,1.49,,,,2.85,2728.0,,89.75377655029297,6.91,,,,51.2,,
1986-12-19,110.8,115.6,99.7,51.651,52.452,6.6,375000.0,6.29,7.1,7.36,0.81,1.44,,,,2.85,2728.0,,89.75377655029297,6.91,,,,51.2,,
1986-12-26,110.8,115.6,99.7,51.651,52.452,6.6,350000.0,6.3,7.08,7.34,0.78,1.36,,,,2.88,2728.0,,89.75377655029297,6.91,,,,51.2,,
1987-01-02,111.4,115.9,100.5,51.894,52.578,6.6,345000.0,6.3,7.18,7.44,0.88,1.48,,,,2.79,2743.9,,96.94281768798828,6.43,,,,50.5,,
1987-01-09,111.4,115.9,100.5,51.894,52.578,6.6,323000.0,6.19,7.01,7.29,0.82,1.48,,,,2.73,2743.9,,96.94281768798828,6.43,,,,50.5,,
1987-01-16,111.4,115.9,100.5,51.894,52.578,6.6,348000.0,6.22,7.03,7.34,0.81,1.56,,,,2.64,2743.9,,96.94281768798828,6.43,,,,50.5,,
1987-01-23,111.4,115.9,100.5,51.894,52.578,6.6,341000.0,6.2,7.06,7.42,0.86,1.51,,,,2.58,2743.9,,96.94281768798828,6.43,,,,50.5,,
1987-01-30,111.4,115.9,100.5,51.894,52.578,6.6,346000.0,6.33,7.18,7.48,0.85,1.42,,,,2.5,2743.9,,96.94281768798828,6.43,,,,50.5,,
1987-02-06,111.8,116.2,101.0,52.076,52.685,6.6,370000.0,6.38,7.19,7.47,0.81,1.37,,,,2.42,2747.5,,100.683349609375,6.1,,,,54.9,,
1987-02-13,111.8,116.2,101.0,52.076,52.685,6.6,368000.0,6.43,7.28,7.57,0.85,1.47,,,,2.39,2747.5,,100.683349609375,6.1,,,,54.9,,
1987-02-20,111.8,116.2,101.0,52.076,52.685,6.6,338000.0,6.33,7.24,7.55,0.91,1.66,,,,2.43,2747.5,,100.683349609375,6.1,,,,54.9,,
1987-02-27,111.8,116.2,101.0,52.076,52.685,6.6,341000.0,6.35,7.19,7.48,0.84,1.59,,,,2.43,2747.5,,100.683349609375,6.1,,,,54.9,,
1987-03-06,112.2,116.6,101.2,52.214,52.841,6.6,348000.0,6.42,7.23,7.52,0.81,1.41,,,,2.35,2753.7,,89.60771942138672,6.13,,,,52.6,,
1987-03-13,112.2,116.6,101.2,52.214,52.841,6.6,337000.0,6.39,7.19,7.49,0.8,1.4,,,,2.4,2753.7,,89.60771942138672,6.13,,,,52.6,,
1987-03-20,112.2,116.6,101.2,52.214,52.841,6.6,335000.0,6.4,7.22,7.53,0.82,1.53,,,,2.36,2753.7,,89.60771942138672,6.13,,,,52.6,,
1987-03-27,112.2,116.6,101.2,52.214,52.841,6.6,335000.0,6.49,7.33,7.64,0.84,1.52,,,,2.31,2753.7,,89.60771942138672,6.13,,,,52.6,,
1987-04-03,112.7,117.3,101.9,52.409,53.065,6.3,326000.0,6.62,7.59,7.89,0.97,1.92,,,,2.16,2767.7,,113.39408111572266,6.37,,,,55.0,,
1987-04-10,112.7,117.3,101.9,52.409,53.065,6.3,330000.0,6.97,7.98,8.19,1.01,1.94,,,,1.87,2767.7,,113.39408111572266,6.37,,,,55.0,,
1987-04-17,112.7,117.3,101.9,52.409,53.065,6.3,338000.0,6.9,8.03,8.22,1.13,2.3,,,,2.09,2767.7,,113.39408111572266,6.37,,,,55.0,,
1987-04-24,112.7,117.3,101.9,52.409,53.065,6.3,349000.0,7.48,8.47,8.69,0.99,2.53,,,,1.86,2767.7,,113.39408111572266,6.37,,,,55.0,,
1987-05-01,113.0,117.7,102.6,52.542,53.214,6.3,328000.0,7.47,8.39,8.59,0.92,2.61,,,,1.96,2772.9,,98.65091705322266,6.85,,,,55.5,,
1987-05-08,113.0,117.7,102.6,52.542,53.214,6.3,330000.0,7.57,8.43,8.61,0.86,2.72,,,,2.05,2772.9,,98.65091705322266,6.85,,,,55.5,,
1987-05-15,113.0,117.7,102.6,52.542,53.214,6.3,315000.0,7.95,8.8,8.92,0.85,2.65,,,,1.66,2772.9,,98.65091705322266,6.85,,,,55.5,,
1987-05-22,113.0,117.7,102.6,52.542,53.214,6.3,341000.0,7.97,8.78,8.95,0.81,3.04,,,,1.91,2772.9,,98.65091705322266,6.85,,,,55.5,,
1987-05-29,113.0,117.7,102.6,52.542,53.214,6.3,343000.0,7.69,8.49,8.65,0.8,2.62,,,,2.08,2772.9,,98.65091705322266,6.85,,,,55.5,,
1987-06-05,113.5,117.9,103.0,52.741,53.36,6.2,326000.0,7.66,8.5,8.66,0.84,2.63,,,,2.13,2774.6,,94.18240356445312,6.73,,,,57.2,,
1987-06-12,113.5,117.9,103.0,52.741,53.36,6.2,328000.0,7.51,8.32,8.5,0.81,2.59,,,,2.2,2774.6,,94.18240356445312,6.73,,,,57.2,,
1987-06-19,113.5,117.9,103.0,52.741,53.36,6.2,316000.0,7.45,8.3,8.48,0.85,2.46,,,,2.15,2774.6,,94.18240356445312,6.73,,,,57.2,,
1987-06-26,113.5,117.9,103.0,52.741,53.36,6.2,319000.0,7.56,8.37,8.5,0.81,2.4,,,,2.08,2774.6,,94.18240356445312,6.73,,,,57.2,,
1987-07-03,113.8,118.3,103.5,52.863,53.498,6.1,326000.0,7.38,8.3,8.43,0.92,2.46,,,,2.25,2779.0,,98.87196350097656,6.58,,,,57.4,,
1987-07-10,113.8,118.3,103.5,52.863,53.498,6.1,326000.0,7.32,8.32,8.46,1.0,2.56,,,,2.2,2779.0,,98.87196350097656,6.58,,,,57.4,,
1987-07-17,113.8,118.3,103.5,52.863,53.498,6.1,317000.0,7.34,8.36,8.55,1.02,2.63,,,,2.21,2779.0,,98.87196350097656,6.58,,,,57.4,,
1987-07-24,113.8,118.3,103.5,52.863,53.498,6.1,310000.0,7.53,8.58,8.83,1.05,2.62,,,,2.06,2779.0,,98.87196350097656,6.58,,,,57.4,,
1987-07-31,113.8,118.3,103.5,52.863,53.498,6.1,324000.0,7.63,8.66,8.89,1.03,2.39,,,,2.11,2779.0,,98.87196350097656,6.58,,,,57.5,,
1987-08-07,114.3,118.7,103.8,53.072,53.679,6.0,348000.0,7.69,8.7,8.93,1.01,2.66,,,,2.09,2788.2,,99.96844482421876,6.73,,,,57.5,,
1987-08-14,114.3,118.7,103.8,53.072,53.679,6.0,327000.0,7.62,8.58,8.77,0.96,2.43,,,,2.17,2788.2,,99.96844482421876,6.73,,,,57.5,,
1987-08-21,114.3,118.7,103.8,53.072,53.679,6.0,319000.0,7.79,8.77,8.97,0.98,2.47,,,,2.02,2788.2,,99.96844482421876,6.73,,,,57.5,,
1987-08-28,114.3,118.7,103.8,53.072,53.679,6.0,312000.0,8.01,9.02,9.18,1.01,2.5,,,,1.86,2788.2,,99.96844482421876,6.73,,,,57.5,,
1987-09-04,114.7,119.2,103.7,53.251,53.892,5.9,322000.0,8.26,9.3,9.47,1.04,2.71,,,,1.78,2799.5,,121.16707611083984,7.22,,,,59.3,,
1987-09-11,114.7,119.2,103.7,53.251,53.892,5.9,316000.0,8.31,9.33,9.5,1.02,2.77,,,,1.91,2799.5,,121.16707611083984,7.22,,,,59.3,,
1987-09-18,114.7,119.2,103.7,53.251,53.892,5.9,297000.0,8.3,9.38,9.56,1.08,2.75,,,,2.07,2799.5,,121.16707611083984,7.22,,,,59.3,,
1987-09-25,114.7,119.2,103.7,53.251,53.892,5.9,309000.0,8.48,9.53,9.68,1.05,2.77,,,,1.91,2799.5,,121.16707611083984,7.22,,,,59.3,,
1987-10-02,115.0,119.8,104.1,53.42,54.122,6.0,317000.0,8.61,9.6,9.7,0.99,2.71,,,,1.96,2814.8,,101.05858612060548,7.29,,,,60.0,,
1987-10-09,115.0,119.8,104.1,53.42,54.122,6.0,301000.0,9.01,9.94,9.96,0.93,2.94,,,,1.74,2814.8,,101.05858612060548,7.29,,,,60.0,,
1987-10-16,115.0,119.8,104.1,53.42,54.122,6.0,308000.0,9.22,10.23,10.24,1.01,3.04,,,,1.59,2814.8,,101.05858612060548,7.29,,,,60.0,,
1987-10-23,115.0,119.8,104.1,53.42,54.122,6.0,301000.0,7.76,8.98,9.11,1.22,3.51,,,,2.53,2814.8,,101.05858612060548,7.29,,,,60.0,,
1987-10-30,115.0,119.8,104.1,53.42,54.122,6.0,301000.0,7.58,8.88,9.03,1.3,3.43,,,,2.45,2814.8,,101.05858612060548,7.29,,,,60.0,,
1987-11-06,115.4,120.1,104.2,53.521,54.235,5.8,289000.0,7.62,8.76,8.85,1.14,2.84,,,,2.41,2818.9,,96.15348815917967,6.69,,,,60.7,,
1987-11-13,115.4,120.1,104.2,53.521,54.235,5.8,297000.0,7.75,8.84,8.93,1.09,2.73,,,,2.35,2818.9,,96.15348815917967,6.69,,,,60.7,,
1987-11-20,115.4,120.1,104.2,53.521,54.235,5.8,307000.0,7.66,8.79,8.88,1.13,2.87,,,,2.43,2818.9,,96.15348815917967,6.69,,,,60.7,,
1987-11-27,115.4,120.1,104.2,53.521,54.235,5.8,317000.0,7.87,9.11,9.18,1.24,3.29,,,,2.11,2818.9,,96.15348815917967,6.69,,,,60.7,,
1987-12-04,115.6,120.4,104.2,53.62,54.349,5.7,306000.0,7.72,8.94,9.12,1.22,3.33,,,,2.27,2826.4,,109.85638427734376,6.77,,,,58.8,,
1987-12-11,115.6,120.4,104.2,53.62,54.349,5.7,319000.0,8.02,9.28,9.45,1.26,3.23,,,,2.15,2826.4,,109.85638427734376,6.77,,,,58.8,,
1987-12-18,115.6,120.4,104.2,53.62,54.349,5.7,317000.0,7.82,8.89,8.96,1.07,2.83,,,,2.4,2826.4,,109.85638427734376,6.77,,,,58.8,,
1987-12-25,115.6,120.4,104.2,53.62,54.349,5.7,323000.0,7.83,8.82,8.9,0.99,2.9,,,,2.41,2826.4,,109.85638427734376,6.77,,,,58.8,,
1988-01-01,116.0,120.9,104.6,53.828,54.606,5.7,316000.0,7.77,8.83,8.95,1.06,2.97,,,,2.39,2847.4,,83.20153045654297,6.83,,,,61.0,,
1988-01-08,116.0,120.9,104.6,53.828,54.606,5.7,315000.0,7.92,8.97,9.12,1.05,2.91,,,,2.3,2847.4,,83.20153045654297,6.83,,,,61.0,,
1988-01-15,116.0,120.9,104.6,53.828,54.606,5.7,325000.0,7.61,8.6,8.76,0.99,2.53,,,,2.51,2847.4,,83.20153045654297,6.83,,,,61.0,,
1988-01-22,116.0,120.9,104.6,53.828,54.606,5.7,361000.0,7.51,8.49,8.67,0.98,2.49,,,,2.48,2847.4,,83.20153045654297,6.83,,,,61.0,,
1988-01-29,116.0,120.9,104.6,53.828,54.606,5.7,335000.0,7.22,8.26,8.42,1.04,2.44,,,,2.51,2847.4,,83.20153045654297,6.83,,,,61.0,,
1988-02-05,116.2,121.2,104.8,53.908,54.718,5.7,342000.0,7.1,8.12,8.36,1.02,2.31,,,,2.54,2870.4,,86.20614624023438,6.58,,,,57.5,,
1988-02-12,116.2,121.2,104.8,53.908,54.718,5.7,318000.0,7.22,8.28,8.5,1.06,2.35,,,,2.35,2870.4,,86.20614624023438,6.58,,,,57.5,,
1988-02-19,116.2,121.2,104.8,53.908,54.718,5.7,311000.0,7.21,8.26,8.5,1.05,2.4,,,,2.32,2870.4,,86.20614624023438,6.58,,,,57.5,,
1988-02-26,116.2,121.2,104.8,53.908,54.718,5.7,327000.0,7.16,8.18,8.42,1.02,2.42,,,,2.38,2870.4,,86.20614624023438,6.58,,,,57.5,,
1988-03-04,116.5,121.7,104.9,54.093,54.952,5.7,319000.0,7.2,8.28,8.52,1.08,2.4,,,,2.17,2890.7,,110.20651245117188,6.58,,,,56.2,,
1988-03-11,116.5,121.7,104.9,54.093,54.952,5.7,307000.0,7.2,8.29,8.55,1.09,2.39,,,,2.24,2890.7,,110.20651245117188,6.58,,,,56.2,,
1988-03-18,116.5,121.7,104.9,54.093,54.952,5.7,304000.0,7.23,8.41,8.69,1.18,2.59,,,,2.13,2890.7,,110.20651245117188,6.58,,,,56.2,,
1988-03-25,116.5,121.7,104.9,54.093,54.952,5.7,307000.0,7.41,8.47,8.72,1.06,2.6,,,,2.2,2890.7,,110.20651245117188,6.58,,,,56.2,,
1988-04-01,117.2,122.3,105.8,54.356,55.219,5.4,304000.0,7.41,8.57,8.82,1.16,2.7,,,,2.19,2910.7,,119.45051574707033,6.87,,,,54.6,,
1988-04-08,117.2,122.3,105.8,54.356,55.219,5.4,309000.0,7.47,8.52,8.74,1.05,2.32,,,,2.27,2910.7,,119.45051574707033,6.87,,,,54.6,,
1988-04-15,117.2,122.3,105.8,54.356,55.219,5.4,313000.0,7.6,8.74,8.97,1.14,2.69,,,,2.18,2910.7,,119.45051574707033,6.87,,,,54.6,,
1988-04-22,117.2,122.3,105.8,54.356,55.219,5.4,314000.0,7.64,8.78,9.03,1.14,2.78,,,,2.2,2910.7,,119.45051574707033,6.87,,,,54.6,,
1988-04-29,117.2,122.3,105.8,54.356,55.219,5.4,312000.0,7.73,8.87,9.11,1.14,2.71,,,,2.07,2910.7,,119.45051574707033,6.87,,,,54.6,,
1988-05-06,117.5,122.7,106.5,54.514,55.407,5.6,313000.0,7.87,9.01,9.18,1.14,2.53,,,,1.97,2926.0,,104.87347412109376,7.09,,,,55.8,,
1988-05-13,117.5,122.7,106.5,54.514,55.407,5.6,309000.0,7.9,9.0,9.11,1.1,2.63,,,,2.03,2926.0,,104.87347412109376,7.09,,,,55.8,,
1988-05-20,117.5,122.7,106.5,54.514,55.407,5.6,314000.0,8.08,9.22,9.35,1.14,2.78,,,,1.87,2926.0,,104.87347412109376,7.09,,,,55.8,,
1988-05-27,117.5,122.7,106.5,54.514,55.407,5.6,319000.0,8.23,9.24,9.33,1.01,2.59,,,,1.9,2926.0,,104.87347412109376,7.09,,,,55.8,,
1988-06-03,118.0,123.2,107.2,54.746,55.641,5.4,313000.0,8.06,8.97,9.07,0.91,2.31,,,,2.14,2938.4,,79.70812225341797,7.51,,,,55.5,,
1988-06-10,118.0,123.2,107.2,54.746,55.641,5.4,310000.0,7.99,8.92,9.04,0.93,2.27,,,,2.15,2938.4,,79.70812225341797,7.51,,,,55.5,,
1988-06-17,118.0,123.2,107.2,54.746,55.641,5.4,305000.0,8.1,9.02,9.12,0.92,2.45,,,,1.91,2938.4,,79.70812225341797,7.51,,,,55.5,,
1988-06-24,118.0,123.2,107.2,54.746,55.641,5.4,311000.0,8.03,8.85,8.87,0.82,2.13,,,,2.12,2938.4,,79.70812225341797,7.51,,,,55.5,,
1988-07-01,118.5,123.6,107.9,55.012,55.868,5.4,307000.0,7.98,8.77,8.84,0.79,2.01,,,,2.2,2947.2,,83.43048095703125,7.75,,,,59.3,,
1988-07-08,118.5,123.6,107.9,55.012,55.868,5.4,305000.0,8.25,9.04,9.1,0.79,2.16,,,,2.02,2947.2,,83.43048095703125,7.75,,,,59.3,,
1988-07-15,118.5,123.6,107.9,55.012,55.868,5.4,303000.0,8.31,9.08,9.16,0.77,2.14,,,,2.07,2947.2,,83.43048095703125,7.75,,,,59.3,,
1988-07-22,118.5,123.6,107.9,55.012,55.868,5.4,315000.0,8.35,9.11,9.21,0.76,2.15,,,,2.05,2947.2,,83.43048095703125,7.75,,,,59.3,,
1988-07-29,118.5,123.6,107.9,55.012,55.868,5.4,354000.0,8.39,9.12,9.23,0.73,1.94,,,,2.07,2947.2,,83.43048095703125,7.75,,,,59.3,,
1988-08-05,119.0,124.0,108.0,55.175,56.007,5.6,331000.0,8.47,9.12,9.14,0.65,1.97,,,,2.03,2952.0,,84.05416107177734,8.01,,,,58.2,,
1988-08-12,119.0,124.0,108.0,55.175,56.007,5.6,316000.0,8.68,9.36,9.42,0.68,2.11,,,,1.86,2952.0,,84.05416107177734,8.01,,,,58.2,,
1988-08-19,119.0,124.0,108.0,55.175,56.007,5.6,312000.0,8.74,9.35,9.41,0.61,2.05,,,,1.87,2952.0,,84.05416107177734,8.01,,,,58.2,,
1988-08-26,119.0,124.0,108.0,55.175,56.007,5.6,316000.0,8.78,9.38,9.43,0.6,1.81,,,,1.89,2952.0,,84.05416107177734,8.01,,,,58.2,,
1988-09-02,119.5,124.7,108.1,55.444,56.307,5.4,315000.0,8.45,9.0,9.05,0.55,1.55,,,,2.17,2956.9,,74.84265899658203,8.19,,,,56.0,,
1988-09-09,119.5,124.7,108.1,55.444,56.307,5.4,306000.0,8.42,8.93,8.99,0.51,1.41,,,,2.17,2956.9,,74.84265899658203,8.19,,,,56.0,,
1988-09-16,119.5,124.7,108.1,55.444,56.307,5.4,305000.0,8.4,8.93,9.01,0.53,1.55,,,,2.05,2956.9,,74.84265899658203,8.19,,,,56.0,,
1988-09-23,119.5,124.7,108.1,55.444,56.307,5.4,306000.0,8.47,8.97,9.05,0.5,1.5,,,,1.71,2956.9,,74.84265899658203,8.19,,,,56.0,,
1988-09-30,119.5,124.7,108.1,55.444,56.307,5.4,301000.0,8.43,8.87,8.98,0.44,1.38,,,,1.62,2956.9,,74.84265899658203,8.19,,,,54.5,,
1988-10-07,119.9,125.2,108.2,55.625,56.521,5.4,292000.0,8.26,8.7,8.81,0.44,1.19,,,,1.73,2965.3,,73.45023345947266,8.3,,,,54.5,,
1988-10-14,119.9,125.2,108.2,55.625,56.521,5.4,292000.0,8.33,8.81,8.9,0.48,1.25,,,,1.61,2965.3,,73.45023345947266,8.3,,,,54.5,,
1988-10-21,119.9,125.2,108.2,55.625,56.521,5.4,293000.0,8.4,8.83,8.89,0.43,1.14,,,,1.59,2965.3,,73.45023345947266,8.3,,,,54.5,,
1988-10-28,119.9,125.2,108.2,55.625,56.521,5.4,286000.0,8.27,8.69,8.8,0.42,1.07,,,,1.69,2965.3,,73.45023345947266,8.3,,,,54.5,,
1988-11-04,120.3,125.6,108.3,55.754,56.676,5.3,294000.0,8.39,8.85,8.91,0.46,1.15,,,,1.55,2980.2,,68.79841613769531,8.35,,,,55.4,,
1988-11-11,120.3,125.6,108.3,55.754,56.676,5.3,285000.0,8.6,8.9,8.99,0.3,1.0,,,,1.53,2980.2,,68.79841613769531,8.35,,,,55.4,,
1988-11-18,120.3,125.6,108.3,55.754,56.676,5.3,284000.0,8.77,9.05,9.12,0.28,0.84,,,,1.5,2980.2,,68.79841613769531,8.35,,,,55.4,,
1988-11-25,120.3,125.6,108.3,55.754,56.676,5.3,294000.0,8.98,9.17,9.18,0.19,0.86,,,,1.45,2980.2,,68.79841613769531,8.35,,,,55.4,,
1988-12-02,120.7,126.0,109.0,55.928,56.864,5.3,299000.0,9.12,9.18,9.18,0.06,0.84,,,,1.43,2988.2,,90.39871978759766,8.76,,,,55.6,,
1988-12-09,120.7,126.0,109.0,55.928,56.864,5.3,298000.0,9.03,9.07,8.97,0.04,0.93,,,,1.56,2988.2,,90.39871978759766,8.76,,,,55.6,,
1988-12-16,120.7,126.0,109.0,55.928,56.864,5.3,285000.0,9.18,9.17,9.05,-0.01,0.73,,,,1.52,2988.2,,90.39871978759766,8.76,,,,55.6,,
1988-12-23,120.7,126.0,109.0,55.928,56.864,5.3,293000.0,9.04,9.05,8.92,0.01,0.73,,,,1.61,2988.2,,90.39871978759766,8.76,,,,55.6,,
1988-12-30,120.7,126.0,109.0,55.928,56.864,5.3,286000.0,9.14,9.14,9.0,0.0,0.77,,,,1.55,2988.2,,90.39871978759766,8.76,,,,55.6,,
1989-01-06,121.2,126.5,110.5,56.215,57.152,5.4,304000.0,9.32,9.25,9.06,-0.07,0.67,,,,1.48,2991.7,,89.24658966064453,9.12,,,,56.0,,
1989-01-13,121.2,126.5,110.5,56.215,57.152,5.4,299000.0,9.14,9.06,8.89,-0.08,0.57,,,,1.6,2991.7,,89.24658966064453,9.12,,,,56.0,,
1989-01-20,121.2,126.5,110.5,56.215,57.152,5.4,283000.0,9.13,9.03,8.89,-0.1,0.51,,,,1.59,2991.7,,89.24658966064453,9.12,,,,56.0,,
1989-01-27,121.2,126.5,110.5,56.215,57.152,5.4,282000.0,9.07,8.95,8.76,-0.12,0.33,,,,1.65,2991.7,,89.24658966064453,9.12,,,,56.0,,
1989-02-03,121.6,126.9,110.8,56.402,57.297,5.2,295000.0,9.23,9.01,8.84,-0.22,0.23,,,,1.52,2992.2,,91.6185531616211,9.36,,,,54.7,,
1989-02-10,121.6,126.9,110.8,56.402,57.297,5.2,288000.0,9.37,9.19,9.05,-0.18,0.34,,,,1.36,2992.2,,91.6185531616211,9.36,,,,54.7,,
1989-02-17,121.6,126.9,110.8,56.402,57.297,5.2,322000.0,9.37,9.2,9.05,-0.17,0.42,,,,1.46,2992.2,,91.6185531616211,9.36,,,,54.7,,
1989-02-24,121.6,126.9,110.8,56.402,57.297,5.2,305000.0,9.66,9.38,9.18,-0.28,0.42,,,,1.32,2992.2,,91.6185531616211,9.36,,,,54.7,,
1989-03-03,122.2,127.4,111.5,56.612,57.468,5.0,300000.0,9.5,9.31,9.13,-0.19,0.37,,,,1.38,2999.7,,87.73377227783203,9.85,,,,54.1,,
1989-03-10,122.2,127.4,111.5,56.612,57.468,5.0,325000.0,9.66,9.34,9.15,-0.32,0.28,,,,1.3,2999.7,,87.73377227783203,9.85,,,,54.1,,
1989-03-17,122.2,127.4,111.5,56.612,57.468,5.0,325000.0,9.84,9.49,9.3,-0.35,0.31,,,,1.18,2999.7,,87.73377227783203,9.85,,,,54.1,,
1989-03-24,122.2,127.4,111.5,56.612,57.468,5.0,319000.0,9.81,9.43,9.23,-0.38,0.06,,,,1.26,2999.7,,87.73377227783203,9.85,,,,54.1,,
1989-03-31,122.2,127.4,111.5,56.612,57.468,5.0,319000.0,9.73,9.3,9.11,-0.43,0.07,,,,1.31,2999.7,,87.73377227783203,9.85,,,,51.5,,
1989-04-07,123.1,127.8,112.3,56.989,57.661,5.2,323000.0,9.57,9.27,9.11,-0.3,0.15,,,,1.39,3006.0,,83.57909393310547,9.84,,,,51.5,,
1989-04-14,123.1,127.8,112.3,56.989,57.661,5.2,314000.0,9.43,9.18,9.04,-0.25,0.26,,,,1.45,3006.0,,83.57909393310547,9.84,,,,51.5,,
1989-04-21,123.1,127.8,112.3,56.989,57.661,5.2,307000.0,9.44,9.15,8.99,-0.29,0.2,,,,1.46,3006.0,,83.57909393310547,9.84,,,,51.5,,
1989-04-28,123.1,127.8,112.3,56.989,57.661,5.2,304000.0,9.22,9.02,8.91,-0.2,0.31,,,,1.55,3006.0,,83.57909393310547,9.84,,,,51.5,,
1989-05-05,123.7,128.3,113.2,57.197,57.833,5.2,311000.0,9.04,8.99,8.95,-0.05,0.26,,,,1.55,3011.6,,103.82850646972656,9.81,,,,52.2,,
1989-05-12,123.7,128.3,113.2,57.197,57.833,5.2,320000.0,8.82,8.81,8.84,-0.01,0.31,,,,1.68,3011.6,,103.82850646972656,9.81,,,,52.2,,
1989-05-19,123.7,128.3,113.2,57.197,57.833,5.2,332000.0,8.94,8.71,8.72,-0.23,0.06,,,,1.69,3011.6,,103.82850646972656,9.81,,,,52.2,,
1989-05-26,123.7,128.3,113.2,57.197,57.833,5.2,321000.0,8.89,8.66,8.63,-0.23,-0.16,,,,1.64,3011.6,,103.82850646972656,9.81,,,,52.2,,
1989-06-02,124.1,128.8,112.9,57.322,57.987,5.3,325000.0,8.52,8.43,8.48,-0.09,-0.22,,,,1.77,3027.9,,89.46155548095703,9.53,,,,49.3,,
1989-06-09,124.1,128.8,112.9,57.322,57.987,5.3,325000.0,8.28,8.15,8.15,-0.13,-0.35,,,,1.82,3027.9,,89.46155548095703,9.53,,,,49.3,,
1989-06-16,124.1,128.8,112.9,57.322,57.987,5.3,332000.0,8.53,8.35,8.31,-0.18,-0.07,,,,1.67,3027.9,,89.46155548095703,9.53,,,,49.3,,
1989-06-23,124.1,128.8,112.9,57.322,57.987,5.3,337000.0,8.39,8.25,8.2,-0.14,-0.08,,,,1.79,3027.9,,89.46155548095703,9.53,,,,49.3,,
1989-06-30,124.1,128.8,112.9,57.322,57.987,5.3,338000.0,8.08,8.1,8.05,0.02,-0.16,,,,1.83,3027.9,,89.46155548095703,9.53,,,,47.3,,
1989-07-07,124.5,129.2,112.8,57.459,58.136,5.2,349000.0,7.83,8.02,8.04,0.19,0.04,,,,1.87,3052.4,,84.75310516357422,9.24,,,,47.3,,
1989-07-14,124.5,129.2,112.8,57.459,58.136,5.2,341000.0,7.83,8.04,8.09,0.21,-0.06,,,,1.85,3052.4,,84.75310516357422,9.24,,,,47.3,,
1989-07-21,124.5,129.2,112.8,57.459,58.136,5.2,349000.0,7.91,8.07,8.16,0.16,-0.32,,,,1.83,3052.4,,84.75310516357422,9.24,,,,47.3,,
1989-07-28,124.5,129.2,112.8,57.459,58.136,5.2,332000.0,7.56,7.87,7.99,0.31,-0.25,,,,1.96,3052.4,,84.75310516357422,9.24,,,,47.3,,
1989-08-04,124.5,129.5,112.0,57.466,58.217,5.2,337000.0,7.92,8.0,8.08,0.08,-0.13,,,,1.82,3074.4,,109.1772918701172,8.99,,,,45.9,,
1989-08-11,124.5,129.5,112.0,57.466,58.217,5.2,338000.0,8.12,8.09,8.13,-0.03,-0.13,,,,1.74,3074.4,,109.1772918701172,8.99,,,,45.9,,
1989-08-18,124.5,129.5,112.0,57.466,58.217,5.2,341000.0,8.26,8.15,8.15,-0.11,0.02,,,,1.77,3074.4,,109.1772918701172,8.99,,,,45.9,,
1989-08-25,124.5,129.5,112.0,57.466,58.217,5.2,327000.0,8.34,8.21,8.18,-0.13,-0.02,,,,1.71,3074.4,,109.1772918701172,8.99,,,,45.9,,
1989-09-01,124.8,129.9,112.4,57.594,58.419,5.3,332000.0,8.37,8.19,8.14,-0.18,0.07,,,,1.78,3092.5,,85.54584503173828,9.02,,,,45.1,,
1989-09-08,124.8,129.9,112.4,57.594,58.419,5.3,329000.0,8.27,8.14,8.07,-0.13,0.1,,,,1.8,3092.5,,85.54584503173828,9.02,,,,45.1,,
1989-09-15,124.8,129.9,112.4,57.594,58.419,5.3,336000.0,8.06,8.09,8.08,0.03,0.31,,,,1.79,3092.5,,85.54584503173828,9.02,,,,45.1,,
1989-09-22,124.8,129.9,112.4,57.594,58.419,5.3,334000.0,8.34,8.22,8.2,-0.12,0.2,,,,1.67,3092.5,,85.54584503173828,9.02,,,,45.1,,
1989-09-29,124.8,129.9,112.4,57.594,58.419,5.3,334000.0,8.46,8.31,8.24,-0.15,0.13,,,,1.62,3092.5,,85.54584503173828,9.02,,,,45.1,,
1989-10-06,125.4,130.6,112.8,57.819,58.631,5.3,347000.0,8.1,8.03,8.01,-0.07,0.2,,,,1.86,3114.1,,69.52467346191406,8.84,,,,46.0,,
1989-10-13,125.4,130.6,112.8,57.819,58.631,5.3,407000.0,7.69,7.87,7.88,0.18,0.0,,,,1.9,3114.1,,69.52467346191406,8.84,,,,46.0,,
1989-10-20,125.4,130.6,112.8,57.819,58.631,5.3,345000.0,7.92,7.98,7.98,0.06,0.18,,,,1.79,3114.1,,69.52467346191406,8.84,,,,46.0,,
1989-10-27,125.4,130.6,112.8,57.819,58.631,5.3,347000.0,7.87,7.94,7.95,0.07,-0.08,,,,1.83,3114.1,,69.52467346191406,8.84,,,,46.0,,
1989-11-03,125.9,131.1,112.7,57.945,58.787,5.4,354000.0,8.01,7.96,7.92,-0.05,-0.14,,,,1.82,3133.3,,92.8287124633789,8.55,,,,46.8,,
1989-11-10,125.9,131.1,112.7,57.945,58.787,5.4,333000.0,7.83,7.92,7.9,0.09,-0.05,,,,1.91,3133.3,,92.8287124633789,8.55,,,,46.8,,
1989-11-17,125.9,131.1,112.7,57.945,58.787,5.4,336000.0,7.77,7.88,7.94,0.11,-0.05,,,,1.95,3133.3,,92.8287124633789,8.55,,,,46.8,,
1989-11-24,125.9,131.1,112.7,57.945,58.787,5.4,336000.0,7.64,7.8,7.88,0.16,0.04,,,,2.04,3133.3,,92.8287124633789,8.55,,,,46.8,,
1989-12-01,126.3,131.6,113.0,58.113,58.954,5.4,342000.0,7.7,7.81,7.88,0.11,0.03,,,,2.01,3152.5,,112.55352783203124,8.45,,,,46.8,,
1989-12-08,126.3,131.6,113.0,58.113,58.954,5.4,344000.0,7.78,7.82,7.88,0.04,-0.04,,,,1.99,3152.5,,112.55352783203124,8.45,,,,46.8,,
1989-12-15,126.3,131.6,113.0,58.113,58.954,5.4,338000.0,7.75,7.8,7.86,0.05,-0.07,,,,2.01,3152.5,,112.55352783203124,8.45,,,,46.8,,
1989-12-22,126.3,131.6,113.0,58.113,58.954,5.4,355000.0,7.74,7.82,7.88,0.08,-0.02,,,,2.0,3152.5,,112.55352783203124,8.45,,,,46.8,,
1989-12-29,126.3,131.6,113.0,58.113,58.954,5.4,381000.0,7.87,7.93,7.98,0.06,0.13,,,,1.91,3152.5,,112.55352783203124,8.45,,,,46.8,,
1990-01-05,127.5,132.1,114.9,58.553,59.181,5.4,358000.0,7.9,7.99,8.06,0.09,0.2,20.11,,,1.89,3166.8,,81.5440444946289,8.23,,,,47.4,,
1990-01-12,127.5,132.1,114.9,58.553,59.181,5.4,355000.0,7.93,8.1,8.17,0.17,0.36,24.64,,,1.77,3166.8,,81.5440444946289,8.23,,,,47.4,,
1990-01-19,127.5,132.1,114.9,58.553,59.181,5.4,369000.0,8.2,8.26,8.29,0.06,0.26,22.5,,,1.69,3166.8,,81.5440444946289,8.23,,,,47.4,,
1990-01-26,127.5,132.1,114.9,58.553,59.181,5.4,375000.0,8.28,8.49,8.55,0.21,0.56,26.28,,,1.57,3166.8,,81.5440444946289,8.23,,,,47.4,,
1990-02-02,128.0,132.7,114.4,58.811,59.468,5.3,345000.0,8.37,8.5,8.51,0.13,0.43,24.32,,,1.59,3179.2,,77.40721130371094,8.24,,,,47.2,,
1990-02-09,128.0,132.7,114.4,58.811,59.468,5.3,368000.0,8.25,8.31,8.36,0.06,0.29,23.69,,,1.8,3179.2,,77.40721130371094,8.24,,,,47.2,,
1990-02-16,128.0,132.7,114.4,58.811,59.468,5.3,367000.0,8.36,8.42,8.46,0.06,0.48,20.78,,,1.68,3179.2,,77.40721130371094,8.24,,,,47.2,,
1990-02-23,128.0,132.7,114.4,58.811,59.468,5.3,348000.0,8.43,8.53,8.56,0.1,0.6,23.69,,,1.68,3179.2,,77.40721130371094,8.24,,,,47.2,,
1990-03-02,128.6,133.5,114.2,59.033,59.754,5.2,350000.0,8.48,8.54,8.55,0.06,0.52,21.34,,,1.66,3190.1,,67.5919418334961,8.28,,,,49.1,,
1990-03-09,128.6,133.5,114.2,59.033,59.754,5.2,351000.0,8.73,8.65,8.63,-0.08,0.39,20.3,,,1.59,3190.1,,67.5919418334961,8.28,,,,49.1,,
1990-03-16,128.6,133.5,114.2,59.033,59.754,5.2,349000.0,8.64,8.59,8.55,-0.05,0.4,17.62,,,1.6,3190.1,,67.5919418334961,8.28,,,,49.1,,
1990-03-23,128.6,133.5,114.2,59.033,59.754,5.2,349000.0,8.61,8.52,8.48,-0.09,0.37,20.46,,,1.65,3190.1,,67.5919418334961,8.28,,,,49.1,,
1990-03-30,128.6,133.5,114.2,59.033,59.754,5.2,331000.0,8.64,8.65,8.63,0.01,0.58,19.73,,,1.58,3190.1,,67.5919418334961,8.28,,,,49.1,,
1990-04-06,128.9,134.0,114.1,59.157,59.932,5.4,346000.0,8.52,8.56,8.52,0.04,0.54,21.76,,,1.64,3201.6,,81.64384460449219,8.26,,,,49.9,,
1990-04-13,128.9,134.0,114.1,59.157,59.932,5.4,367000.0,8.57,8.64,8.6,0.07,0.62,19.8,,,1.53,3201.6,,81.64384460449219,8.26,,,,49.9,,
1990-04-20,128.9,134.0,114.1,59.157,59.932,5.4,357000.0,8.82,8.95,8.93,0.13,1.0,23.33,,,1.42,3201.6,,81.64384460449219,8.26,,,,49.9,,
1990-04-27,128.9,134.0,114.1,59.157,59.932,5.4,360000.0,8.98,9.06,9.04,0.08,1.01,22.19,,,1.45,3201.6,,81.64384460449219,8.26,,,,49.9,,
1990-05-04,129.1,134.4,114.6,59.29,60.115,5.4,363000.0,8.7,8.84,8.83,0.14,0.82,17.28,,,1.67,3200.6,,86.40711975097656,8.18,,,,50.0,,
1990-05-11,129.1,134.4,114.6,59.29,60.115,5.4,354000.0,8.55,8.64,8.64,0.09,0.76,19.81,,,1.77,3200.6,,86.40711975097656,8.18,,,,50.0,,
1990-05-18,129.1,134.4,114.6,59.29,60.115,5.4,355000.0,8.63,8.75,8.7,0.12,0.74,17.2,,,1.62,3200.6,,86.40711975097656,8.18,,,,50.0,,
1990-05-25,129.1,134.4,114.6,59.29,60.115,5.4,353000.0,8.53,8.69,8.67,0.16,0.68,17.32,,,1.62,3200.6,,86.40711975097656,8.18,,,,50.0,,
1990-06-01,129.9,135.1,114.3,59.552,60.349,5.2,359000.0,8.33,8.44,8.43,0.11,0.5,17.09,,,1.79,3213.7,,79.68110656738281,8.29,,,,49.5,,
1990-06-08,129.9,135.1,114.3,59.552,60.349,5.2,368000.0,8.33,8.46,8.44,0.13,0.5,17.58,,,1.75,3213.7,,79.68110656738281,8.29,,,,49.5,,
1990-06-15,129.9,135.1,114.3,59.552,60.349,5.2,359000.0,8.33,8.46,8.43,0.13,0.51,15.9,,,1.73,3213.7,,79.68110656738281,8.29,,,,49.5,,
1990-06-22,129.9,135.1,114.3,59.552,60.349,5.2,359000.0,8.4,8.51,8.49,0.11,0.47,19.36,,,1.73,3213.7,,79.68110656738281,8.29,,,,49.5,,
1990-06-29,129.9,135.1,114.3,59.552,60.349,5.2,362000.0,8.24,8.43,8.41,0.19,0.43,15.5,,,1.79,3213.7,,79.68110656738281,8.29,,,,49.5,,
1990-07-06,130.5,135.8,114.5,59.699,60.501,5.5,364000.0,8.32,8.51,8.51,0.19,0.5,16.41,,,1.7,3224.5,,85.78742980957031,8.15,,,,49.2,,
1990-07-13,130.5,135.8,114.5,59.699,60.501,5.5,362000.0,8.13,8.45,8.46,0.32,0.6,17.09,,,1.75,3224.5,,85.78742980957031,8.15,,,,49.2,,
1990-07-20,130.5,135.8,114.5,59.699,60.501,5.5,367000.0,8.08,8.48,8.54,0.4,0.69,15.63,,,1.71,3224.5,,85.78742980957031,8.15,,,,49.2,,
1990-07-27,130.5,135.8,114.5,59.699,60.501,5.5,370000.0,8.0,8.42,8.48,0.42,0.65,21.12,,,1.75,3224.5,,85.78742980957031,8.15,,,,49.2,,
1990-08-03,131.6,136.6,116.5,60.096,60.753,5.7,369000.0,7.79,8.43,8.55,0.64,0.91,28.74,,,1.76,3242.0,,250.4510803222656,8.13,,,,46.6,,
1990-08-10,131.6,136.6,116.5,60.096,60.753,5.7,369000.0,7.95,8.68,8.79,0.73,1.04,25.75,,,1.66,3242.0,,250.4510803222656,8.13,,,,46.6,,
1990-08-17,131.6,136.6,116.5,60.096,60.753,5.7,381000.0,8.11,8.8,8.94,0.69,1.08,27.53,,,1.61,3242.0,,250.4510803222656,8.13,,,,46.6,,
1990-08-24,131.6,136.6,116.5,60.096,60.753,5.7,393000.0,8.32,9.05,9.17,0.73,1.31,33.93,,,1.59,3242.0,,250.4510803222656,8.13,,,,46.6,,
1990-08-31,131.6,136.6,116.5,60.096,60.753,5.7,394000.0,8.07,8.86,8.99,0.79,1.23,29.9,,,1.69,3242.0,,250.4510803222656,8.13,,,,46.1,,
1990-09-07,132.5,137.1,118.4,60.465,60.965,5.9,392000.0,8.04,8.81,8.92,0.77,1.18,28.73,,,1.71,3254.6,,188.66053771972656,8.2,,,,46.1,,
1990-09-14,132.5,137.1,118.4,60.465,60.965,5.9,390000.0,8.03,8.87,9.01,0.84,1.28,30.56,,,1.72,3254.6,,188.66053771972656,8.2,,,,46.1,,
1990-09-21,132.5,137.1,118.4,60.465,60.965,5.9,395000.0,8.12,8.99,9.13,0.87,1.39,30.04,,,1.7,3254.6,,188.66053771972656,8.2,,,,46.1,,
1990-09-28,132.5,137.1,118.4,60.465,60.965,5.9,389000.0,8.02,8.82,8.96,0.8,1.45,29.11,,,1.94,3254.6,,188.66053771972656,8.2,,,,46.1,,
1990-10-05,133.4,137.6,120.8,60.811,61.172,5.9,404000.0,7.81,8.65,8.79,0.84,1.38,27.85,,,2.0,3259.3,,143.85256958007812,8.11,,,,44.5,,
1990-10-12,133.4,137.6,120.8,60.811,61.172,5.9,404000.0,7.94,8.84,8.98,0.9,1.47,31.94,,,1.97,3259.3,,143.85256958007812,8.11,,,,44.5,,
1990-10-19,133.4,137.6,120.8,60.811,61.172,5.9,422000.0,7.85,8.62,8.75,0.77,1.14,27.86,,,2.12,3259.3,,143.85256958007812,8.11,,,,44.5,,
1990-10-26,133.4,137.6,120.8,60.811,61.172,5.9,435000.0,7.8,8.63,8.76,0.83,1.27,30.75,,,2.11,3259.3,,143.85256958007812,8.11,,,,44.5,,
1990-11-02,133.7,138.0,120.1,60.888,61.246,6.2,440000.0,7.68,8.57,8.7,0.89,1.26,30.03,,,2.16,3262.6,,158.74354553222656,7.81,,,,43.2,,
1990-11-09,133.7,138.0,120.1,60.888,61.246,6.2,430000.0,7.61,8.49,8.63,0.88,1.22,26.96,,,2.24,3262.6,,158.74354553222656,7.81,,,,43.2,,
1990-11-16,133.7,138.0,120.1,60.888,61.246,6.2,448000.0,7.58,8.3,8.46,0.72,0.99,21.34,,,2.23,3262.6,,158.74354553222656,7.81,,,,43.2,,
1990-11-23,133.7,138.0,120.1,60.888,61.246,6.2,447000.0,7.53,8.28,8.44,0.75,1.03,20.98,,,2.22,3262.6,,158.74354553222656,7.81,,,,43.2,,
1990-11-30,133.7,138.0,120.1,60.888,61.246,6.2,462000.0,7.53,8.26,8.4,0.73,1.02,22.16,,,2.27,3262.6,,158.74354553222656,7.81,,,,41.3,,
1990-12-07,134.2,138.6,118.7,60.945,61.331,6.3,451000.0,7.33,8.03,8.19,0.7,0.93,22.59,,,2.4,3271.8,,153.1624298095703,7.31,,,,41.3,,
1990-12-14,134.2,138.6,118.7,60.945,61.331,6.3,449000.0,7.35,8.05,8.2,0.7,0.99,23.85,,,2.37,3271.8,,153.1624298095703,7.31,,,,41.3,,
1990-12-21,134.2,138.6,118.7,60.945,61.331,6.3,447000.0,7.3,8.11,8.28,0.81,1.32,22.66,,,2.39,3271.8,,153.1624298095703,7.31,,,,41.3,,
1990-12-28,134.2,138.6,118.7,60.945,61.331,6.3,474000.0,7.25,8.14,8.31,0.89,1.5,25.05,,,2.32,3271.8,,153.1624298095703,7.31,,,,41.3,,
1991-01-04,134.7,139.5,119.0,61.177,61.637,6.4,454000.0,7.17,8.02,8.2,0.85,1.29,27.19,,,2.38,3287.7,,379.2497863769531,6.91,,,,40.8,,
1991-01-11,134.7,139.5,119.0,61.177,61.637,6.4,415000.0,7.14,8.2,8.39,1.06,1.86,32.63,,,2.29,3287.7,,379.2497863769531,6.91,,,,40.8,,
1991-01-18,134.7,139.5,119.0,61.177,61.637,6.4,437000.0,7.14,8.03,8.17,0.89,1.79,25.39,,,2.4,3287.7,,379.2497863769531,6.91,,,,40.8,,
1991-01-25,134.7,139.5,119.0,61.177,61.637,6.4,445000.0,7.1,8.06,8.24,0.96,1.71,22.2,,,2.4,3287.7,,379.2497863769531,6.91,,,,40.8,,
1991-02-01,134.8,140.2,117.2,61.208,61.807,6.6,462000.0,6.83,7.91,8.09,1.08,1.74,21.04,,,2.33,3304.5,,339.3580322265625,6.25,,,,39.2,,
1991-02-08,134.8,140.2,117.2,61.208,61.807,6.6,483000.0,6.8,7.77,7.95,0.97,1.68,23.38,,,2.29,3304.5,,339.3580322265625,6.25,,,,39.2,,
1991-02-15,134.8,140.2,117.2,61.208,61.807,6.6,480000.0,6.82,7.78,7.97,0.96,1.7,19.57,,,2.23,3304.5,,339.3580322265625,6.25,,,,39.2,,
1991-02-22,134.8,140.2,117.2,61.208,61.807,6.6,474000.0,6.98,7.91,8.07,0.93,1.79,21.01,,,2.14,3304.5,,339.3580322265625,6.25,,,,39.2,,
1991-03-01,134.8,140.5,116.2,61.221,61.936,6.8,499000.0,7.18,8.12,8.28,0.94,1.85,21.23,,,2.04,3321.9,,148.61831665039062,6.12,,,,39.4,,
1991-03-08,134.8,140.5,116.2,61.221,61.936,6.8,488000.0,7.08,8.13,8.3,1.05,1.97,20.81,,,1.97,3321.9,,148.61831665039062,6.12,,,,39.4,,
1991-03-15,134.8,140.5,116.2,61.221,61.936,6.8,499000.0,7.01,8.1,8.3,1.09,2.12,14.9,,,1.98,3321.9,,148.61831665039062,6.12,,,,39.4,,
1991-03-22,134.8,140.5,116.2,61.221,61.936,6.8,498000.0,7.13,8.13,8.33,1.0,2.07,16.49,,,1.99,3321.9,,148.61831665039062,6.12,,,,39.4,,
1991-03-29,134.8,140.5,116.2,61.221,61.936,6.8,509000.0,7.02,8.05,8.24,1.03,2.13,16.88,,,1.96,3321.9,,148.61831665039062,6.12,,,,39.4,,
1991-04-05,135.1,140.9,116.0,61.332,62.06,6.7,499000.0,6.92,7.99,8.18,1.07,2.1,17.63,,,1.97,3332.4,,97.760009765625,5.91,,,,40.7,,
1991-04-12,135.1,140.9,116.0,61.332,62.06,6.7,452000.0,6.88,7.98,8.16,1.1,2.3,18.45,,,1.99,3332.4,,97.760009765625,5.91,,,,40.7,,
1991-04-19,135.1,140.9,116.0,61.332,62.06,6.7,477000.0,7.03,8.1,8.24,1.07,2.17,15.68,,,1.86,3332.4,,97.760009765625,5.91,,,,40.7,,
1991-04-26,135.1,140.9,116.0,61.332,62.06,6.7,478000.0,6.89,8.06,8.22,1.17,2.27,17.27,,,1.84,3332.4,,97.760009765625,5.91,,,,40.7,,
1991-05-03,135.6,141.3,116.5,61.586,62.307,6.9,462000.0,6.8,8.04,8.22,1.24,2.4,17.24,,,1.79,3343.0,,88.56902313232422,5.78,,,,42.8,,
1991-05-10,135.6,141.3,116.5,61.586,62.307,6.9,451000.0,6.87,8.12,8.33,1.25,2.47,17.54,,,1.76,3343.0,,88.56902313232422,5.78,,,,42.8,,
1991-05-17,135.6,141.3,116.5,61.586,62.307,6.9,446000.0,6.86,8.08,8.28,1.22,2.51,16.64,,,1.83,3343.0,,88.56902313232422,5.78,,,,42.8,,
1991-05-24,135.6,141.3,116.5,61.586,62.307,6.9,448000.0,6.69,8.1,8.31,1.41,2.53,15.23,,,1.8,3343.0,,88.56902313232422,5.78,,,,42.8,,
1991-05-31,135.6,141.3,116.5,61.586,62.307,6.9,443000.0,6.68,8.06,8.26,1.38,2.35,15.93,,,1.77,3343.0,,88.56902313232422,5.78,,,,44.5,,
1991-06-07,136.0,141.8,116.4,61.69,62.442,6.9,432000.0,6.98,8.29,8.48,1.31,2.55,16.98,,,1.71,3351.9,,87.73383331298828,5.9,,,,44.5,,
1991-06-14,136.0,141.8,116.4,61.69,62.442,6.9,441000.0,7.02,8.29,8.47,1.27,2.52,15.98,,,1.69,3351.9,,87.73383331298828,5.9,,,,44.5,,
1991-06-21,136.0,141.8,116.4,61.69,62.442,6.9,429000.0,6.94,8.32,8.51,1.38,2.57,16.51,,,1.66,3351.9,,87.73383331298828,5.9,,,,44.5,,
1991-06-28,136.0,141.8,116.4,61.69,62.442,6.9,423000.0,6.9,8.24,8.42,1.34,2.53,19.55,,,1.66,3351.9,,87.73383331298828,5.9,,,,44.5,,
1991-07-05,136.2,142.3,116.1,61.787,62.632,6.8,418000.0,7.04,8.34,8.49,1.3,2.58,18.35,,,1.59,3356.1,,115.18467712402344,5.82,,,,50.3,,
1991-07-12,136.2,142.3,116.1,61.787,62.632,6.8,422000.0,6.88,8.26,8.44,1.38,2.54,18.29,,,1.64,3356.1,,115.18467712402344,5.82,,,,50.3,,
1991-07-19,136.2,142.3,116.1,61.787,62.632,6.8,420000.0,6.89,8.28,8.48,1.39,2.52,15.5,,,1.62,3356.1,,115.18467712402344,5.82,,,,50.3,,
1991-07-26,136.2,142.3,116.1,61.787,62.632,6.8,408000.0,6.85,8.2,8.39,1.35,2.44,15.45,,,1.61,3356.1,,115.18467712402344,5.82,,,,50.3,,
1991-08-02,136.6,142.9,116.2,61.931,62.804,6.9,423000.0,6.69,8.06,8.25,1.37,2.43,15.26,,,1.67,3355.0,,113.49502563476562,5.66,,,,50.6,,
1991-08-09,136.6,142.9,116.2,61.931,62.804,6.9,438000.0,6.49,7.98,8.23,1.49,2.5,15.45,,,1.72,3355.0,,113.49502563476562,5.66,,,,50.6,,
1991-08-16,136.6,142.9,116.2,61.931,62.804,6.9,437000.0,6.31,7.84,8.09,1.53,2.42,16.01,,,1.75,3355.0,,113.49502563476562,5.66,,,,50.6,,
1991-08-23,136.6,142.9,116.2,61.931,62.804,6.9,433000.0,6.46,7.88,8.13,1.42,2.32,14.41,,,1.79,3355.0,,113.49502563476562,5.66,,,,50.6,,
1991-08-30,136.6,142.9,116.2,61.931,62.804,6.9,425000.0,6.36,7.82,8.06,1.46,2.33,14.46,,,1.75,3355.0,,113.49502563476562,5.66,,,,50.6,,
1991-09-06,137.0,143.4,116.1,62.144,63.055,6.9,425000.0,6.26,7.76,8.02,1.5,2.31,16.76,,,1.79,3354.9,,117.94219207763672,5.45,,,,52.9,,
1991-09-13,137.0,143.4,116.1,62.144,63.055,6.9,424000.0,6.18,7.66,7.95,1.48,2.35,17.88,,,1.85,3354.9,,117.94219207763672,5.45,,,,52.9,,
1991-09-20,137.0,143.4,116.1,62.144,63.055,6.9,418000.0,6.18,7.57,7.89,1.39,2.22,17.08,,,1.94,3354.9,,117.94219207763672,5.45,,,,52.9,,
1991-09-27,137.0,143.4,116.1,62.144,63.055,6.9,419000.0,6.02,7.49,7.83,1.47,2.21,16.31,,,1.96,3354.9,,117.94219207763672,5.45,,,,52.9,,
1991-10-04,137.2,143.7,116.4,62.26,63.194,7.0,437000.0,5.91,7.39,7.79,1.48,2.22,15.63,,,2.01,3360.1,,100.8318099975586,5.21,,,,54.9,,
1991-10-11,137.2,143.7,116.4,62.26,63.194,7.0,424000.0,5.91,7.49,7.9,1.58,2.35,17.6,,,1.94,3360.1,,100.8318099975586,5.21,,,,54.9,,
1991-10-18,137.2,143.7,116.4,62.26,63.194,7.0,425000.0,5.95,7.53,7.97,1.58,2.35,15.87,,,1.96,3360.1,,100.8318099975586,5.21,,,,54.9,,
1991-10-25,137.2,143.7,116.4,62.26,63.194,7.0,419000.0,5.93,7.68,8.05,1.75,2.57,15.75,,,1.93,3360.1,,100.8318099975586,5.21,,,,54.9,,
1991-11-01,137.8,144.2,116.4,62.397,63.312,7.0,423000.0,5.65,7.48,7.93,1.83,2.59,15.6,,,2.01,3365.5,,100.7423324584961,4.81,,,,53.1,,
1991-11-08,137.8,144.2,116.4,62.397,63.312,7.0,447000.0,5.63,7.41,7.88,1.78,2.66,15.43,,,2.04,3365.5,,100.7423324584961,4.81,,,,53.1,,
1991-11-15,137.8,144.2,116.4,62.397,63.312,7.0,453000.0,5.54,7.33,7.84,1.79,2.61,21.18,,,2.08,3365.5,,100.7423324584961,4.81,,,,53.1,,
1991-11-22,137.8,144.2,116.4,62.397,63.312,7.0,439000.0,5.49,7.44,7.99,1.95,2.89,21.2,,,2.01,3365.5,,100.7423324584961,4.81,,,,53.1,,
1991-11-29,137.8,144.2,116.4,62.397,63.312,7.0,444000.0,5.38,7.38,7.94,2.0,2.91,20.26,,,2.06,3365.5,,100.7423324584961,4.81,,,,53.1,,
1991-12-06,138.2,144.7,115.9,62.553,63.468,7.3,444000.0,5.19,7.26,7.78,2.07,2.9,19.04,,,2.06,3372.2,,103.96953582763672,4.43,,,,49.5,,
1991-12-13,138.2,144.7,115.9,62.553,63.468,7.3,475000.0,5.09,7.22,7.79,2.13,2.96,17.88,,,2.07,3372.2,,103.96953582763672,4.43,,,,49.5,,
1991-12-20,138.2,144.7,115.9,62.553,63.468,7.3,475000.0,4.8,6.97,7.59,2.17,3.13,17.65,,,2.21,3372.2,,103.96953582763672,4.43,,,,49.5,,
1991-12-27,138.2,144.7,115.9,62.553,63.468,7.3,436000.0,4.85,6.82,7.52,1.97,2.86,15.7,,,2.34,3372.2,,103.96953582763672,4.43,,,,49.5,,
1992-01-03,138.3,145.1,115.6,62.638,63.641,7.3,441000.0,4.8,6.85,7.48,2.05,2.9,18.75,,,2.26,3381.2,,102.95763397216795,4.03,,,,46.8,,
1992-01-10,138.3,145.1,115.6,62.638,63.641,7.3,432000.0,4.85,6.85,7.47,2.0,2.93,18.45,,,2.19,3381.2,,102.95763397216795,4.03,,,,46.8,,
1992-01-17,138.3,145.1,115.6,62.638,63.641,7.3,440000.0,5.02,7.09,7.61,2.07,3.2,16.32,,,2.04,3381.2,,102.95763397216795,4.03,,,,46.8,,
1992-01-24,138.3,145.1,115.6,62.638,63.641,7.3,443000.0,5.13,7.25,7.71,2.12,3.34,16.24,,,1.97,3381.2,,102.95763397216795,4.03,,,,46.8,,
1992-01-31,138.3,145.1,115.6,62.638,63.641,7.3,441000.0,5.11,7.31,7.77,2.2,3.37,17.4,,,1.9,3381.2,,102.95763397216795,4.03,,,,47.3,,
1992-02-07,138.6,145.4,116.0,62.797,63.814,7.4,440000.0,4.97,7.2,7.77,2.23,3.36,18.51,,,1.96,3400.0,,87.2034683227539,4.06,,,,47.3,,
1992-02-14,138.6,145.4,116.0,62.797,63.814,7.4,445000.0,5.27,7.41,7.91,2.14,3.52,17.03,,,1.86,3400.0,,87.2034683227539,4.06,,,,47.3,,
1992-02-21,138.6,145.4,116.0,62.797,63.814,7.4,446000.0,5.46,7.45,7.95,1.99,3.42,16.87,,,1.84,3400.0,,87.2034683227539,4.06,,,,47.3,,
1992-02-28,138.6,145.4,116.0,62.797,63.814,7.4,436000.0,5.27,7.27,7.8,2.0,3.24,16.68,,,1.9,3400.0,,87.2034683227539,4.06,,,,47.3,,
1992-03-06,139.1,145.9,116.1,62.949,63.973,7.4,444000.0,5.6,7.48,7.93,1.88,3.34,19.75,,,1.72,3403.9,,85.29731750488281,3.98,,,,52.7,,
1992-03-13,139.1,145.9,116.1,62.949,63.973,7.4,421000.0,5.86,7.71,8.06,1.85,3.55,18.35,,,1.61,3403.9,,85.29731750488281,3.98,,,,52.7,,
1992-03-20,139.1,145.9,116.1,62.949,63.973,7.4,437000.0,5.86,7.64,8.05,1.78,3.48,16.82,,,1.67,3403.9,,85.29731750488281,3.98,,,,52.7,,
1992-03-27,139.1,145.9,116.1,62.949,63.973,7.4,440000.0,5.68,7.54,7.94,1.86,3.43,16.02,,,1.67,3403.9,,85.29731750488281,3.98,,,,52.7,,
1992-04-03,139.4,146.3,116.3,63.119,64.183,7.4,420000.0,5.37,7.42,7.88,2.05,3.36,16.72,,,1.77,3399.7,,85.85562133789062,3.73,,,,54.6,,
1992-04-10,139.4,146.3,116.3,63.119,64.183,7.4,412000.0,5.16,7.37,7.89,2.21,3.63,16.85,,,1.8,3399.7,,85.85562133789062,3.73,,,,54.6,,
1992-04-17,139.4,146.3,116.3,63.119,64.183,7.4,413000.0,5.34,7.45,7.93,2.11,3.72,14.85,,,1.73,3399.7,,85.85562133789062,3.73,,,,54.6,,
1992-04-24,139.4,146.3,116.3,63.119,64.183,7.4,424000.0,5.33,7.55,8.06,2.22,3.79,15.71,,,1.69,3399.7,,85.85562133789062,3.73,,,,54.6,,
1992-05-01,139.7,146.8,117.2,63.203,64.273,7.6,424000.0,5.33,7.56,8.01,2.23,3.84,16.61,,,1.64,3398.6,,78.96814727783203,3.82,,,,52.6,,
1992-05-08,139.7,146.8,117.2,63.203,64.273,7.6,431000.0,5.29,7.41,7.9,2.12,3.69,15.65,,,1.74,3398.6,,78.96814727783203,3.82,,,,52.6,,
1992-05-15,139.7,146.8,117.2,63.203,64.273,7.6,417000.0,5.11,7.28,7.81,2.17,3.62,14.82,,,1.8,3398.6,,78.96814727783203,3.82,,,,52.6,,
1992-05-22,139.7,146.8,117.2,63.203,64.273,7.6,414000.0,5.24,7.35,7.83,2.11,3.58,13.73,,,1.72,3398.6,,78.96814727783203,3.82,,,,52.6,,
1992-05-29,139.7,146.8,117.2,63.203,64.273,7.6,414000.0,5.19,7.33,7.84,2.14,3.54,13.86,,,1.77,3398.6,,78.96814727783203,3.82,,,,52.6,,
1992-06-05,140.1,147.1,118.0,63.315,64.323,7.8,411000.0,5.13,7.31,7.84,2.18,3.54,14.65,,,1.77,3393.4,,93.84909057617188,3.76,,,,55.7,,
1992-06-12,140.1,147.1,118.0,63.315,64.323,7.8,416000.0,5.06,7.29,7.85,2.23,3.54,14.95,,,1.76,3393.4,,93.84909057617188,3.76,,,,55.7,,
1992-06-19,140.1,147.1,118.0,63.315,64.323,7.8,420000.0,5.0,7.24,7.83,2.24,3.5,16.31,,,1.8,3393.4,,93.84909057617188,3.76,,,,55.7,,
1992-06-26,140.1,147.1,118.0,63.315,64.323,7.8,419000.0,4.88,7.15,7.79,2.27,3.44,14.67,,,1.85,3393.4,,93.84909057617188,3.76,,,,55.7,,
1992-07-03,140.5,147.6,117.9,63.524,64.566,7.7,420000.0,4.55,6.93,7.63,2.38,3.62,13.88,,,1.99,3393.9,,75.19676971435547,3.25,,,,53.6,,
1992-07-10,140.5,147.6,117.9,63.524,64.566,7.7,407000.0,4.38,6.93,7.64,2.55,3.64,13.7,,,1.95,3393.9,,75.19676971435547,3.25,,,,53.6,,
1992-07-17,140.5,147.6,117.9,63.524,64.566,7.7,408000.0,4.27,6.9,7.68,2.63,3.67,12.6,,,1.97,3393.9,,75.19676971435547,3.25,,,,53.6,,
1992-07-24,140.5,147.6,117.9,63.524,64.566,7.7,392000.0,4.25,6.73,7.57,2.48,3.5,13.37,,,2.06,3393.9,,75.19676971435547,3.25,,,,53.6,,
1992-07-31,140.5,147.6,117.9,63.524,64.566,7.7,564000.0,4.42,6.72,7.46,2.3,3.47,13.17,,,1.97,3393.9,,75.19676971435547,3.25,,,,53.9,,
1992-08-07,140.8,147.9,117.7,63.609,64.625,7.6,423000.0,4.18,6.57,7.4,2.39,3.36,13.94,,,2.07,3398.8,,81.64519500732422,3.3,,,,53.9,,
1992-08-14,140.8,147.9,117.7,63.609,64.625,7.6,406000.0,4.14,6.53,7.33,2.39,3.4,14.66,,,2.07,3398.8,,81.64519500732422,3.3,,,,53.9,,
1992-08-21,140.8,147.9,117.7,63.609,64.625,7.6,401000.0,4.13,6.53,7.36,2.4,3.39,15.01,,,2.11,3398.8,,81.64519500732422,3.3,,,,53.9,,
1992-08-28,140.8,147.9,117.7,63.609,64.625,7.6,398000.0,4.16,6.63,7.42,2.47,3.4,13.14,,,2.06,3398.8,,81.64519500732422,3.3,,,,53.9,,
1992-09-04,141.1,148.1,118.0,63.713,64.73,7.6,408000.0,3.89,6.4,7.29,2.51,3.42,12.98,,,2.16,3410.3,,74.6097183227539,3.22,,,,53.4,,
1992-09-11,141.1,148.1,118.0,63.713,64.73,7.6,416000.0,3.87,6.37,7.3,2.5,3.39,12.47,,,2.17,3410.3,,74.6097183227539,3.22,,,,53.4,,
1992-09-18,141.1,148.1,118.0,63.713,64.73,7.6,416000.0,3.86,6.41,7.32,2.55,3.47,13.74,,,2.2,3410.3,,74.6097183227539,3.22,,,,53.4,,
1992-09-25,141.1,148.1,118.0,63.713,64.73,7.6,427000.0,3.78,6.41,7.35,2.63,3.55,14.8,,,2.27,3410.3,,74.6097183227539,3.22,,,,53.4,,
1992-10-02,141.7,148.8,118.1,63.938,64.979,7.3,409000.0,3.71,6.26,7.33,2.55,3.57,17.79,,,2.38,3423.8,,68.18277740478516,3.1,,,,49.7,,
1992-10-09,141.7,148.8,118.1,63.938,64.979,7.3,398000.0,4.0,6.52,7.52,2.52,3.63,20.51,,,2.27,3423.8,,68.18277740478516,3.1,,,,49.7,,
1992-10-16,141.7,148.8,118.1,63.938,64.979,7.3,374000.0,4.04,6.6,7.54,2.56,3.63,17.01,,,2.26,3423.8,,68.18277740478516,3.1,,,,49.7,,
1992-10-23,141.7,148.8,118.1,63.938,64.979,7.3,385000.0,4.37,6.83,7.65,2.46,3.83,16.46,,,2.09,3423.8,,68.18277740478516,3.1,,,,49.7,,
1992-10-30,141.7,148.8,118.1,63.938,64.979,7.3,367000.0,4.4,6.8,7.63,2.4,3.77,16.15,,,2.19,3423.8,,68.18277740478516,3.1,,,,49.7,,
1992-11-06,142.1,149.2,117.8,64.064,65.121,7.4,365000.0,4.48,6.97,7.76,2.49,3.84,14.69,,,2.1,3426.5,,91.00899505615234,3.09,,,,50.3,,
1992-11-13,142.1,149.2,117.8,64.064,65.121,7.4,374000.0,4.54,6.82,7.57,2.28,3.67,14.61,,,2.12,3426.5,,91.00899505615234,3.09,,,,50.3,,
1992-11-20,142.1,149.2,117.8,64.064,65.121,7.4,377000.0,4.66,6.84,7.54,2.18,3.56,13.67,,,2.05,3426.5,,91.00899505615234,3.09,,,,50.3,,
1992-11-27,142.1,149.2,117.8,64.064,65.121,7.4,357000.0,4.77,6.93,7.59,2.16,3.6,12.58,,,2.0,3426.5,,91.00899505615234,3.09,,,,50.3,,
1992-12-04,142.3,149.6,117.6,64.176,65.242,7.4,341000.0,4.7,6.84,7.5,2.14,3.52,11.81,,,2.03,3424.7,,83.42096710205078,2.92,,,,53.6,,
1992-12-11,142.3,149.6,117.6,64.176,65.242,7.4,350000.0,4.78,6.8,7.44,2.02,3.48,12.34,,,2.01,3424.7,,83.42096710205078,2.92,,,,53.6,,
1992-12-18,142.3,149.6,117.6,64.176,65.242,7.4,359000.0,4.66,6.76,7.43,2.1,3.53,11.66,,,2.05,3424.7,,83.42096710205078,2.92,,,,53.6,,
1992-12-25,142.3,149.6,117.6,64.176,65.242,7.4,334000.0,4.6,6.69,7.36,2.09,3.46,11.57,,,2.05,3424.7,,83.42096710205078,2.92,,,,53.6,,
1993-01-01,142.8,150.1,118.0,64.332,65.432,7.3,313000.0,4.56,6.7,7.4,2.14,3.55,12.57,,,2.06,3419.1,,128.91807556152344,3.02,,,,54.2,,
1993-01-08,142.8,150.1,118.0,64.332,65.432,7.3,341000.0,4.5,6.75,7.47,2.25,3.62,13.77,,,2.04,3419.1,,128.91807556152344,3.02,,,,54.2,,
1993-01-15,142.8,150.1,118.0,64.332,65.432,7.3,354000.0,4.31,6.6,7.35,2.29,3.6,11.57,,,2.06,3419.1,,128.91807556152344,3.02,,,,54.2,,
1993-01-22,142.8,150.1,118.0,64.332,65.432,7.3,352000.0,4.3,6.57,7.3,2.27,3.54,11.3,,,2.06,3419.1,,128.91807556152344,3.02,,,,54.2,,
1993-01-29,142.8,150.1,118.0,64.332,65.432,7.3,341000.0,4.2,6.39,7.21,2.19,3.43,12.42,,,2.11,3419.1,,128.91807556152344,3.02,,,,54.2,43.9375,
1993-02-05,143.1,150.6,118.4,64.429,65.557,7.1,340000.0,4.07,6.32,7.17,2.25,3.36,12.9,,,2.14,3414.5,,90.4680633544922,3.03,,,,55.8,44.96875,
1993-02-12,143.1,150.6,118.4,64.429,65.557,7.1,319000.0,4.2,6.35,7.13,2.15,3.36,12.38,,,2.09,3414.5,,90.4680633544922,3.03,,,,55.8,44.59375,
1993-02-19,143.1,150.6,118.4,64.429,65.557,7.1,321000.0,3.99,6.15,7.01,2.16,3.16,15.02,,,2.16,3414.5,,90.4680633544922,3.03,,,,55.8,43.5625,
1993-02-26,143.1,150.6,118.4,64.429,65.557,7.1,351000.0,3.92,6.03,6.9,2.11,3.02,13.16,,,2.2,3414.5,,90.4680633544922,3.03,,,,55.8,44.40625,
1993-03-05,143.3,150.8,118.7,64.561,65.7,7.0,362000.0,3.91,5.9,6.76,1.99,2.83,14.08,,,2.2,3411.7,,94.24144744873048,3.07,,,,55.2,44.75,
1993-03-12,143.3,150.8,118.7,64.561,65.7,7.0,354000.0,4.11,6.11,6.86,2.0,3.07,15.66,,,2.09,3411.7,,94.24144744873048,3.07,,,,55.2,45.09375,
1993-03-19,143.3,150.8,118.7,64.561,65.7,7.0,346000.0,3.95,5.95,6.81,2.0,2.92,13.23,,,2.18,3411.7,,94.24144744873048,3.07,,,,55.2,45.03125,
1993-03-26,143.3,150.8,118.7,64.561,65.7,7.0,338000.0,4.02,6.09,6.94,2.07,3.09,12.21,,,2.14,3411.7,,94.24144744873048,3.07,,,,55.2,44.90625,
1993-04-02,143.8,151.4,119.3,64.733,65.891,7.1,366000.0,3.99,6.16,7.06,2.17,3.19,14.5,,,2.15,3411.3,,112.72166442871094,2.96,,,,53.5,44.09375,
1993-04-09,143.8,151.4,119.3,64.733,65.891,7.1,365000.0,3.85,5.97,6.85,2.12,3.01,12.83,,,2.21,3411.3,,112.72166442871094,2.96,,,,53.5,44.28125,
1993-04-16,143.8,151.4,119.3,64.733,65.891,7.1,353000.0,3.8,5.89,6.76,2.09,2.99,11.29,,,2.16,3411.3,,112.72166442871094,2.96,,,,53.5,44.9375,
1993-04-23,143.8,151.4,119.3,64.733,65.891,7.1,351000.0,3.75,5.89,6.79,2.14,2.99,13.36,,,2.19,3411.3,,112.72166442871094,2.96,,,,53.5,43.75,
1993-04-30,143.8,151.4,119.3,64.733,65.891,7.1,350000.0,3.83,6.05,6.95,2.22,3.08,12.42,,,2.12,3411.3,,112.72166442871094,2.96,,,,50.2,44.03125,
1993-05-07,144.2,151.8,119.7,64.933,66.114,7.1,343000.0,3.79,5.92,6.85,2.13,2.99,13.01,,,2.22,3436.9,,110.72975158691406,3.0,,,,50.2,44.34375,
1993-05-14,144.2,151.8,119.7,64.933,66.114,7.1,339000.0,3.97,6.03,6.95,2.06,3.0,14.39,,,2.2,3436.9,,110.72975158691406,3.0,,,,50.2,44.0,
1993-05-21,144.2,151.8,119.7,64.933,66.114,7.1,345000.0,4.14,6.16,7.03,2.02,3.09,14.51,,,2.15,3436.9,,110.72975158691406,3.0,,,,50.2,44.75,
1993-05-28,144.2,151.8,119.7,64.933,66.114,7.1,342000.0,4.24,6.16,6.98,1.92,3.03,13.47,,,2.1,3436.9,,110.72975158691406,3.0,,,,50.2,45.21875,
1993-06-04,144.3,152.1,119.5,64.955,66.177,7.0,349000.0,4.31,6.11,6.91,1.8,2.93,12.86,,,2.07,3442.4,,104.19525146484376,3.04,,,,51.2,45.28125,
1993-06-11,144.3,152.1,119.5,64.955,66.177,7.0,343000.0,4.15,5.97,6.8,1.82,2.85,12.71,,,2.1,3442.4,,104.19525146484376,3.04,,,,51.2,45.09375,
1993-06-18,144.3,152.1,119.5,64.955,66.177,7.0,343000.0,4.16,5.97,6.82,1.81,2.84,12.24,,,2.08,3442.4,,104.19525146484376,3.04,,,,51.2,44.5,
1993-06-25,144.3,152.1,119.5,64.955,66.177,7.0,345000.0,4.1,5.84,6.71,1.74,2.69,11.25,,,2.14,3442.4,,104.19525146484376,3.04,,,,51.2,44.78125,
1993-07-02,144.5,152.3,119.2,65.059,66.314,6.9,340000.0,3.93,5.76,6.67,1.83,2.74,11.33,,,2.19,3442.0,,123.31478881835938,3.06,,,,49.6,44.6875,
1993-07-09,144.5,152.3,119.2,65.059,66.314,6.9,334000.0,3.98,5.76,6.64,1.78,2.67,10.8,,,2.17,3442.0,,123.31478881835938,3.06,,,,49.6,44.96875,
1993-07-16,144.5,152.3,119.2,65.059,66.314,6.9,314000.0,3.99,5.71,6.54,1.72,2.63,10.96,,,2.16,3442.0,,123.31478881835938,3.06,,,,49.6,44.75,
1993-07-23,144.5,152.3,119.2,65.059,66.314,6.9,335000.0,4.25,5.95,6.71,1.7,2.79,11.32,,,2.05,3442.0,,123.31478881835938,3.06,,,,49.6,44.71875,
1993-07-30,144.5,152.3,119.2,65.059,66.314,6.9,415000.0,4.13,5.83,6.57,1.7,2.73,11.73,,,2.05,3442.0,,123.31478881835938,3.06,,,,49.6,44.84375,
1993-08-06,144.8,152.8,118.7,65.17,66.438,6.8,356000.0,4.09,5.86,6.53,1.77,2.75,12.33,,,1.93,3445.7,,97.2416763305664,3.03,,,,50.2,44.96875,
1993-08-13,144.8,152.8,118.7,65.17,66.438,6.8,346000.0,4.0,5.72,6.35,1.72,2.63,12.19,,,1.9,3445.7,,97.2416763305664,3.03,,,,50.2,45.125,
1993-08-20,144.8,152.8,118.7,65.17,66.438,6.8,339000.0,3.93,5.61,6.22,1.68,2.55,11.62,,,1.87,3445.7,,97.2416763305664,3.03,,,,50.2,45.8125,
1993-08-27,144.8,152.8,118.7,65.17,66.438,6.8,342000.0,3.87,5.48,6.13,1.61,2.39,11.91,,,1.92,3445.7,,97.2416763305664,3.03,,,,50.2,46.25,
1993-09-03,145.0,152.9,118.7,65.238,66.538,6.7,337000.0,3.71,5.31,5.95,1.6,2.31,11.16,,,1.95,3452.2,,89.16477966308594,3.09,,,,50.7,46.375,
1993-09-10,145.0,152.9,118.7,65.238,66.538,6.7,334000.0,3.8,5.29,5.89,1.49,2.27,11.7,,,1.99,3452.2,,89.16477966308594,3.09,,,,50.7,46.40625,
1993-09-17,145.0,152.9,118.7,65.238,66.538,6.7,333000.0,3.89,5.38,6.04,1.49,2.37,13.39,,,2.0,3452.2,,89.16477966308594,3.09,,,,50.7,45.8125,
1993-09-24,145.0,152.9,118.7,65.238,66.538,6.7,346000.0,3.9,5.42,6.06,1.52,2.43,12.47,,,2.0,3452.2,,89.16477966308594,3.09,,,,50.7,45.78125,
1993-10-01,145.6,153.4,119.1,65.443,66.647,6.8,343000.0,3.84,5.34,5.98,1.5,2.36,11.83,,,2.02,3456.7,,106.16590881347656,2.99,,,,50.8,46.15625,
1993-10-08,145.6,153.4,119.1,65.443,66.647,6.8,333000.0,3.78,5.26,5.92,1.48,2.21,12.04,,,2.03,3456.7,,106.16590881347656,2.99,,,,50.8,46.0625,
1993-10-15,145.6,153.4,119.1,65.443,66.647,6.8,355000.0,3.81,5.19,5.78,1.38,2.11,10.87,,,1.99,3456.7,,106.16590881347656,2.99,,,,50.8,47.0625,
1993-10-22,145.6,153.4,119.1,65.443,66.647,6.8,359000.0,3.91,5.42,5.98,1.51,2.31,11.48,,,1.91,3456.7,,106.16590881347656,2.99,,,,50.8,46.375,
1993-10-29,145.6,153.4,119.1,65.443,66.647,6.8,354000.0,3.99,5.43,5.96,1.44,2.33,11.46,,,1.96,3456.7,,106.16590881347656,2.99,,,,50.8,46.84375,
1993-11-05,146.0,153.9,119.0,65.567,66.819,6.6,348000.0,4.2,5.75,6.22,1.55,2.62,14.97,,,1.93,3470.1,,83.48017883300781,3.02,,,,53.4,46.0625,
1993-11-12,146.0,153.9,119.0,65.567,66.819,6.6,350000.0,4.11,5.66,6.15,1.55,2.48,13.33,,,1.98,3470.1,,83.48017883300781,3.02,,,,53.4,46.59375,
1993-11-19,146.0,153.9,119.0,65.567,66.819,6.6,341000.0,4.22,5.84,6.34,1.62,2.64,15.03,,,1.92,3470.1,,83.48017883300781,3.02,,,,53.4,46.3125,
1993-11-26,146.0,153.9,119.0,65.567,66.819,6.6,336000.0,4.16,5.78,6.26,1.62,2.6,13.77,,,1.93,3470.1,,83.48017883300781,3.02,,,,53.4,46.5,
1993-12-03,146.3,154.3,118.6,65.582,66.849,6.5,337000.0,4.24,5.8,6.25,1.56,2.62,12.69,,,1.89,3474.5,,79.55179595947266,2.96,,,,53.8,46.71875,
1993-12-10,146.3,154.3,118.6,65.582,66.849,6.5,337000.0,4.21,5.73,6.19,1.52,2.61,12.6,,,1.89,3474.5,,79.55179595947266,2.96,,,,53.8,46.59375,
1993-12-17,146.3,154.3,118.6,65.582,66.849,6.5,334000.0,4.2,5.81,6.29,1.61,2.72,11.08,,,1.92,3474.5,,79.55179595947266,2.96,,,,53.8,46.5625,
1993-12-24,146.3,154.3,118.6,65.582,66.849,6.5,331000.0,4.18,5.72,6.22,1.54,2.59,9.48,,,1.93,3474.5,,79.55179595947266,2.96,,,,53.8,46.75,
1993-12-31,146.3,154.3,118.6,65.582,66.849,6.5,290000.0,4.25,5.83,6.35,1.58,2.76,11.66,,,1.94,3474.5,,79.55179595947266,2.96,,,,55.6,46.59375,
1994-01-07,146.3,154.5,119.1,65.604,66.902,6.6,341000.0,4.09,5.7,6.24,1.61,2.63,10.96,,,1.93,3474.9,,83.48997497558594,3.05,,,,55.6,47.03125,
1994-01-14,146.3,154.5,119.1,65.604,66.902,6.6,343000.0,4.17,5.78,6.3,1.61,2.75,11.15,,,1.89,3474.9,,83.48997497558594,3.05,,,,55.6,47.40625,
1994-01-21,146.3,154.5,119.1,65.604,66.902,6.6,355000.0,4.09,5.73,6.29,1.64,2.72,11.09,,,1.9,3474.9,,83.48997497558594,3.05,,,,55.6,47.375,
1994-01-28,146.3,154.5,119.1,65.604,66.902,6.6,351000.0,4.08,5.68,6.21,1.6,2.69,9.94,,,1.86,3474.9,,83.48997497558594,3.05,,,,55.6,47.875,
1994-02-04,146.7,154.8,119.3,65.756,67.047,6.6,406000.0,4.42,5.94,6.37,1.52,2.64,15.25,,,1.74,3475.7,,117.2420654296875,3.25,,,,56.0,46.96875,
1994-02-11,146.7,154.8,119.3,65.756,67.047,6.6,361000.0,4.44,5.88,6.41,1.44,2.55,14.46,,,1.82,3475.7,,117.2420654296875,3.25,,,,56.0,47.15625,
1994-02-18,146.7,154.8,119.3,65.756,67.047,6.6,354000.0,4.57,6.09,6.63,1.52,2.73,14.7,,,1.78,3475.7,,117.2420654296875,3.25,,,,56.0,46.875,
1994-02-25,146.7,154.8,119.3,65.756,67.047,6.6,352000.0,4.72,6.21,6.73,1.49,2.77,14.8,,,1.74,3475.7,,117.2420654296875,3.25,,,,56.0,46.8125,
1994-03-04,147.1,155.3,119.7,65.937,67.275,6.5,327000.0,4.88,6.38,6.85,1.5,2.76,16.0,,,1.7,3480.1,,93.47403717041016,3.34,,,,56.5,46.6875,
1994-03-11,147.1,155.3,119.7,65.937,67.275,6.5,348000.0,4.95,6.46,6.91,1.51,2.88,14.87,,,1.68,3480.1,,93.47403717041016,3.34,,,,56.5,46.84375,
1994-03-18,147.1,155.3,119.7,65.937,67.275,6.5,341000.0,5.03,6.49,6.9,1.46,2.92,13.32,,,1.63,3480.1,,93.47403717041016,3.34,,,,56.5,46.96875,
1994-03-25,147.1,155.3,119.7,65.937,67.275,6.5,332000.0,5.1,6.61,6.99,1.51,3.04,13.67,,,1.59,3480.1,,93.47403717041016,3.34,,,,56.5,45.9375,
1994-04-01,147.2,155.5,119.7,66.015,67.376,6.4,322000.0,5.21,6.77,7.11,1.56,3.21,20.45,,,1.59,3481.3,,95.35697174072266,3.56,,,,56.9,44.59375,
1994-04-08,147.2,155.5,119.7,66.015,67.376,6.4,342000.0,5.43,6.94,7.26,1.51,3.29,16.92,,,1.59,3481.3,,95.35697174072266,3.56,,,,56.9,44.6875,
1994-04-15,147.2,155.5,119.7,66.015,67.376,6.4,349000.0,5.51,6.97,7.29,1.46,3.29,15.98,,,1.57,3481.3,,95.35697174072266,3.56,,,,56.9,44.59375,
1994-04-22,147.2,155.5,119.7,66.015,67.376,6.4,354000.0,5.62,6.93,7.21,1.31,3.09,14.94,,,1.53,3481.3,,95.35697174072266,3.56,,,,56.9,44.859375,
1994-04-29,147.2,155.5,119.7,66.015,67.376,6.4,331000.0,5.73,7.06,7.31,1.33,3.09,13.77,,,1.48,3481.3,,95.35697174072266,3.56,,,,56.9,45.09375,
1994-05-06,147.5,155.9,119.9,66.111,67.526,6.1,344000.0,6.12,7.35,7.53,1.23,3.05,15.08,,,1.36,3490.8,,104.46678924560548,4.01,,,,57.4,44.75,
1994-05-13,147.5,155.9,119.9,66.111,67.526,6.1,371000.0,6.05,7.29,7.5,1.24,3.05,14.54,,,1.41,3490.8,,104.46678924560548,4.01,,,,57.4,44.515625,
1994-05-20,147.5,155.9,119.9,66.111,67.526,6.1,360000.0,5.8,7.02,7.3,1.22,2.76,12.79,,,1.52,3490.8,,104.46678924560548,4.01,,,,57.4,45.5625,
1994-05-27,147.5,155.9,119.9,66.111,67.526,6.1,357000.0,5.97,7.12,7.4,1.15,2.82,12.49,,,1.51,3490.8,,104.46678924560548,4.01,,,,57.4,45.875,
1994-06-03,147.9,156.4,120.5,66.272,67.676,6.1,348000.0,5.84,6.98,7.26,1.14,2.75,12.19,,,1.52,3479.5,,120.35224151611328,4.25,,,,58.2,46.234375,
1994-06-10,147.9,156.4,120.5,66.272,67.676,6.1,345000.0,5.85,7.03,7.32,1.18,2.81,12.69,,,1.53,3479.5,,120.35224151611328,4.25,,,,58.2,46.109375,
1994-06-17,147.9,156.4,120.5,66.272,67.676,6.1,338000.0,5.88,7.14,7.45,1.26,2.91,12.31,,,1.58,3479.5,,120.35224151611328,4.25,,,,58.2,45.875,
1994-06-24,147.9,156.4,120.5,66.272,67.676,6.1,336000.0,6.06,7.22,7.52,1.16,2.94,16.72,,,1.55,3479.5,,120.35224151611328,4.25,,,,58.2,44.0625,
1994-07-01,148.4,156.7,120.7,66.481,67.818,6.1,341000.0,6.19,7.34,7.62,1.15,3.02,14.36,,,1.51,3488.2,,99.6402359008789,4.26,,,,58.8,44.5625,
1994-07-08,148.4,156.7,120.7,66.481,67.818,6.1,334000.0,6.25,7.42,7.7,1.17,2.93,13.26,,,1.51,3488.2,,99.6402359008789,4.26,,,,58.8,44.90625,
1994-07-15,148.4,156.7,120.7,66.481,67.818,6.1,341000.0,6.04,7.25,7.55,1.21,2.87,11.28,,,1.51,3488.2,,99.6402359008789,4.26,,,,58.8,45.390625,
1994-07-22,148.4,156.7,120.7,66.481,67.818,6.1,359000.0,6.15,7.29,7.56,1.14,2.79,11.22,,,1.49,3488.2,,99.6402359008789,4.26,,,,58.8,45.34375,
1994-07-29,148.4,156.7,120.7,66.481,67.818,6.1,345000.0,5.99,7.12,7.39,1.13,2.73,11.13,,,1.49,3488.2,,99.6402359008789,4.26,,,,58.8,45.90625,
1994-08-05,149.0,157.1,121.2,66.634,67.894,6.0,332000.0,6.18,7.28,7.54,1.1,2.69,12.34,,,1.47,3485.7,,98.2270278930664,4.47,,,,58.5,45.78125,
1994-08-12,149.0,157.1,121.2,66.634,67.894,6.0,338000.0,6.22,7.27,7.48,1.05,2.76,11.09,,,1.51,3485.7,,98.2270278930664,4.47,,,,58.5,46.328125,
1994-08-19,149.0,157.1,121.2,66.634,67.894,6.0,335000.0,6.23,7.27,7.5,1.04,2.58,12.83,,,1.51,3485.7,,98.2270278930664,4.47,,,,58.5,46.421875,
1994-08-26,149.0,157.1,121.2,66.634,67.894,6.0,331000.0,6.21,7.24,7.49,1.03,2.56,12.19,,,1.53,3485.7,,98.2270278930664,4.47,,,,58.5,47.6875,
1994-09-02,149.3,157.5,121.0,66.708,67.997,5.9,341000.0,6.17,7.21,7.5,1.04,2.54,11.4,,,1.56,3486.1,,98.8984832763672,4.73,,,,58.0,47.296875,
1994-09-09,149.3,157.5,121.0,66.708,67.997,5.9,339000.0,6.35,7.44,7.71,1.09,2.74,13.12,,,1.54,3486.1,,98.8984832763672,4.73,,,,58.0,47.0,
1994-09-16,149.3,157.5,121.0,66.708,67.997,5.9,331000.0,6.42,7.52,7.78,1.1,2.79,12.8,,,1.52,3486.1,,98.8984832763672,4.73,,,,58.0,47.015625,
1994-09-23,149.3,157.5,121.0,66.708,67.997,5.9,326000.0,6.52,7.57,7.8,1.05,2.66,14.53,,,1.48,3486.1,,98.8984832763672,4.73,,,,58.0,45.90625,
1994-09-30,149.3,157.5,121.0,66.708,67.997,5.9,325000.0,6.62,7.62,7.82,1.0,2.82,14.28,,,1.5,3486.1,,98.8984832763672,4.73,,,,59.0,46.171875,
1994-10-07,149.4,157.8,120.9,66.821,68.157,5.8,330000.0,6.65,7.7,7.91,1.05,2.68,14.92,,,1.51,3484.3,,94.85363006591795,4.76,,,,59.0,45.453125,
1994-10-14,149.4,157.8,120.9,66.821,68.157,5.8,341000.0,6.57,7.61,7.83,1.04,2.61,13.32,,,1.49,3484.3,,94.85363006591795,4.76,,,,59.0,47.046875,
1994-10-21,149.4,157.8,120.9,66.821,68.157,5.8,335000.0,6.8,7.81,7.99,1.01,2.66,15.91,,,1.44,3484.3,,94.85363006591795,4.76,,,,59.0,46.5625,
1994-10-28,149.4,157.8,120.9,66.821,68.157,5.8,330000.0,6.82,7.82,7.96,1.0,2.66,14.56,,,1.4,3484.3,,94.85363006591795,4.76,,,,59.0,47.641,
1994-11-04,149.8,158.2,121.5,66.948,68.282,5.6,331000.0,7.05,8.04,8.16,0.99,2.71,16.75,,,1.35,3487.2,,86.5298080444336,5.29,,,,59.4,46.328125,
1994-11-11,149.8,158.2,121.5,66.948,68.282,5.6,328000.0,7.06,7.98,8.15,0.92,2.6,16.5,,,1.39,3487.2,,86.5298080444336,5.29,,,,59.4,46.40625,
1994-11-18,149.8,158.2,121.5,66.948,68.282,5.6,329000.0,7.23,8.01,8.14,0.78,2.51,16.0,,,1.35,3487.2,,86.5298080444336,5.29,,,,59.4,46.46875,
1994-11-25,149.8,158.2,121.5,66.948,68.282,5.6,326000.0,7.19,7.8,7.94,0.61,2.35,17.44,,,1.38,3487.2,,86.5298080444336,5.29,,,,59.4,45.46875,
1994-12-02,150.1,158.3,121.9,66.991,68.305,5.5,329000.0,7.44,7.81,7.92,0.37,2.02,16.55,,,1.33,3486.4,,96.04750061035156,5.45,,,,59.2,45.5625,
1994-12-09,150.1,158.3,121.9,66.991,68.305,5.5,324000.0,7.53,7.79,7.86,0.26,1.97,16.04,,,1.29,3486.4,,96.04750061035156,5.45,,,,59.2,45.046875,
1994-12-16,150.1,158.3,121.9,66.991,68.305,5.5,329000.0,7.59,7.81,7.86,0.22,2.1,12.79,,,1.28,3486.4,,96.04750061035156,5.45,,,,59.2,45.75,
1994-12-23,150.1,158.3,121.9,66.991,68.305,5.5,330000.0,7.74,7.85,7.85,0.11,2.17,11.82,,,1.23,3486.4,,96.04750061035156,5.45,,,,59.2,46.0625,
1994-12-30,150.1,158.3,121.9,66.991,68.305,5.5,314000.0,7.69,7.84,7.89,0.15,2.16,13.2,,,1.3,3486.4,,96.04750061035156,5.45,,,,59.2,45.5625,
1995-01-06,150.5,159.0,122.9,67.127,68.475,5.6,319000.0,7.64,7.87,7.87,0.23,1.97,13.13,,,1.22,3492.4,,80.15467834472656,5.53,,,,56.1,46.046875,
1995-01-13,150.5,159.0,122.9,67.127,68.475,5.6,338000.0,7.39,7.69,7.8,0.3,1.97,11.1,,,1.35,3492.4,,80.15467834472656,5.53,,,,56.1,46.734375,
1995-01-20,150.5,159.0,122.9,67.127,68.475,5.6,347000.0,7.5,7.82,7.9,0.32,1.91,12.15,,,1.31,3492.4,,80.15467834472656,5.53,,,,56.1,46.546875,
1995-01-27,150.5,159.0,122.9,67.127,68.475,5.6,325000.0,7.29,7.66,7.75,0.37,1.74,11.25,,,1.31,3492.4,,80.15467834472656,5.53,,,,56.1,47.109375,
1995-02-03,150.9,159.4,123.5,67.246,68.587,5.4,324000.0,7.14,7.49,7.61,0.35,1.53,10.98,,,1.32,3489.9,,76.87532806396484,5.92,,,,57.4,48.03125,
1995-02-10,150.9,159.4,123.5,67.246,68.587,5.4,324000.0,7.33,7.62,7.68,0.29,1.65,11.28,,,1.32,3489.9,,76.87532806396484,5.92,,,,57.4,48.359375,
1995-02-17,150.9,159.4,123.5,67.246,68.587,5.4,348000.0,7.07,7.43,7.59,0.36,1.57,11.71,,,1.4,3489.9,,76.87532806396484,5.92,,,,57.4,48.453125,
1995-02-24,150.9,159.4,123.5,67.246,68.587,5.4,343000.0,6.89,7.33,7.54,0.44,1.45,10.84,,,1.49,3489.9,,76.87532806396484,5.92,,,,57.4,49.0,
1995-03-03,151.2,159.9,123.9,67.37,68.755,5.4,336000.0,6.89,7.36,7.56,0.47,1.45,11.45,,,1.46,3491.1,,82.24444580078125,5.98,,,,55.1,48.78125,
1995-03-10,151.2,159.9,123.9,67.37,68.755,5.4,339000.0,6.83,7.23,7.46,0.4,1.27,12.38,,,1.47,3491.1,,82.24444580078125,5.98,,,,55.1,49.265625,
1995-03-17,151.2,159.9,123.9,67.37,68.755,5.4,347000.0,6.69,7.12,7.37,0.43,1.2,11.8,,,1.52,3491.1,,82.24444580078125,5.98,,,,55.1,49.5625,
1995-03-24,151.2,159.9,123.9,67.37,68.755,5.4,343000.0,6.64,7.09,7.38,0.45,1.24,11.19,,,1.55,3491.1,,82.24444580078125,5.98,,,,55.1,50.21875,
1995-03-31,151.2,159.9,123.9,67.37,68.755,5.4,332000.0,6.8,7.2,7.44,0.4,1.32,13.37,,,1.49,3491.1,,82.24444580078125,5.98,,,,52.1,50.109375,
1995-04-07,151.8,160.4,124.6,67.547,68.915,5.8,335000.0,6.65,7.11,7.39,0.46,1.25,12.85,,,1.52,3499.2,,99.19087982177734,6.05,,,,52.1,50.703125,
1995-04-14,151.8,160.4,124.6,67.547,68.915,5.8,347000.0,6.51,7.03,7.34,0.52,1.28,11.48,,,1.55,3499.2,,99.19087982177734,6.05,,,,52.1,51.078125,
1995-04-21,151.8,160.4,124.6,67.547,68.915,5.8,355000.0,6.44,7.01,7.34,0.57,1.22,11.86,,,1.58,3499.2,,99.19087982177734,6.05,,,,52.1,50.890625,
1995-04-28,151.8,160.4,124.6,67.547,68.915,5.8,349000.0,6.6,7.07,7.34,0.47,1.2,11.75,,,1.51,3499.2,,99.19087982177734,6.05,,,,52.1,51.59375,
1995-05-05,152.1,160.7,124.9,67.651,69.032,5.6,365000.0,6.16,6.69,7.02,0.53,0.95,12.06,,,1.58,3524.2,,87.842529296875,6.01,,,,51.5,52.1875,
1995-05-12,152.1,160.7,124.9,67.651,69.032,5.6,364000.0,6.2,6.67,7.0,0.47,0.8,11.84,,,1.58,3524.2,,87.842529296875,6.01,,,,51.5,52.75,
1995-05-19,152.1,160.7,124.9,67.651,69.032,5.6,366000.0,6.19,6.61,6.91,0.42,0.74,12.81,,,1.54,3524.2,,87.842529296875,6.01,,,,51.5,52.09375,
1995-05-26,152.1,160.7,124.9,67.651,69.032,5.6,377000.0,5.97,6.4,6.75,0.43,0.56,12.2,,,1.63,3524.2,,87.842529296875,6.01,,,,51.5,52.5625,
1995-06-02,152.4,161.1,125.3,67.717,69.092,5.6,374000.0,5.54,6.1,6.52,0.56,0.52,12.98,,,1.71,3548.9,,104.60775756835938,6.0,,,,46.7,53.546875,
1995-06-09,152.4,161.1,125.3,67.717,69.092,5.6,362000.0,6.01,6.4,6.72,0.39,0.63,12.76,,,1.62,3548.9,,104.60775756835938,6.0,,,,46.7,53.0625,
1995-06-16,152.4,161.1,125.3,67.717,69.092,5.6,367000.0,5.77,6.21,6.62,0.44,0.55,10.75,,,1.76,3548.9,,104.60775756835938,6.0,,,,46.7,53.96875,
1995-06-23,152.4,161.1,125.3,67.717,69.092,5.6,378000.0,5.64,6.06,6.51,0.42,0.52,11.12,,,1.78,3548.9,,104.60775756835938,6.0,,,,46.7,55.015625,
1995-06-30,152.4,161.1,125.3,67.717,69.092,5.6,358000.0,5.79,6.21,6.63,0.42,0.61,11.38,,,1.74,3548.9,,104.60775756835938,6.0,,,,45.9,54.40625,
1995-07-07,152.6,161.4,125.3,67.802,69.201,5.7,355000.0,5.54,6.04,6.52,0.5,0.5,11.77,,,1.8,3567.4,,107.64541625976562,5.85,,,,45.9,55.765625,
1995-07-14,152.6,161.4,125.3,67.802,69.201,5.7,372000.0,5.7,6.15,6.6,0.45,0.56,12.08,,,1.77,3567.4,,107.64541625976562,5.85,,,,45.9,56.046875,
1995-07-21,152.6,161.4,125.3,67.802,69.201,5.7,389000.0,5.95,6.53,6.96,0.58,0.92,12.37,,,1.74,3567.4,,107.64541625976562,5.85,,,,45.9,55.40625,
1995-07-28,152.6,161.4,125.3,67.802,69.201,5.7,390000.0,5.92,6.49,6.91,0.57,0.91,13.18,,,1.71,3567.4,,107.64541625976562,5.85,,,,45.9,56.296875,
1995-08-04,152.9,161.8,125.1,67.948,69.367,5.7,351000.0,5.91,6.5,6.9,0.59,0.92,13.21,,,1.7,3589.0,,106.93478393554688,5.74,,,,50.7,55.984375,
1995-08-11,152.9,161.8,125.1,67.948,69.367,5.7,351000.0,6.05,6.59,6.98,0.54,1.0,12.9,,,1.71,3589.0,,106.93478393554688,5.74,,,,50.7,55.65625,
1995-08-18,152.9,161.8,125.1,67.948,69.367,5.7,353000.0,6.13,6.57,6.91,0.44,0.96,12.03,,,1.68,3589.0,,106.93478393554688,5.74,,,,50.7,56.171875,
1995-08-25,152.9,161.8,125.1,67.948,69.367,5.7,362000.0,5.9,6.38,6.72,0.48,0.88,12.33,,,1.75,3589.0,,106.93478393554688,5.74,,,,50.7,56.296875,
1995-09-01,153.1,162.2,125.2,67.995,69.458,5.6,359000.0,5.78,6.22,6.61,0.44,0.77,11.29,,,1.76,3602.1,,71.20516967773438,5.8,,,,47.1,56.65625,
1995-09-08,153.1,162.2,125.2,67.995,69.458,5.6,355000.0,5.85,6.24,6.6,0.39,0.72,11.16,,,1.74,3602.1,,71.20516967773438,5.8,,,,47.1,57.546875,
1995-09-15,153.1,162.2,125.2,67.995,69.458,5.6,371000.0,5.71,6.11,6.47,0.4,0.65,11.58,,,1.77,3602.1,,71.20516967773438,5.8,,,,47.1,58.4375,
1995-09-22,153.1,162.2,125.2,67.995,69.458,5.6,376000.0,5.85,6.25,6.59,0.4,0.9,12.46,,,1.72,3602.1,,71.20516967773438,5.8,,,,47.1,58.3125,
1995-09-29,153.1,162.2,125.2,67.995,69.458,5.6,353000.0,5.83,6.17,6.49,0.34,0.77,12.74,,,1.71,3602.1,,71.20516967773438,5.8,,,,47.1,58.484375,
1995-10-06,153.5,162.7,125.3,68.171,69.627,5.5,355000.0,5.73,6.06,6.43,0.33,0.59,13.98,,,1.72,3613.4,,67.74150085449219,5.76,,,,48.1,58.40625,
1995-10-13,153.5,162.7,125.3,68.171,69.627,5.5,374000.0,5.67,5.97,6.3,0.3,0.52,13.67,,,1.7,3613.4,,67.74150085449219,5.76,,,,48.1,58.625,
1995-10-20,153.5,162.7,125.3,68.171,69.627,5.5,369000.0,5.72,6.04,6.35,0.32,0.61,13.46,,,1.69,3613.4,,67.74150085449219,5.76,,,,48.1,58.828125,
1995-10-27,153.5,162.7,125.3,68.171,69.627,5.5,366000.0,5.64,6.05,6.35,0.41,0.64,14.63,,,1.7,3613.4,,67.74150085449219,5.76,,,,48.1,58.1875,
1995-11-03,153.7,163.0,125.4,68.169,69.672,5.6,377000.0,5.49,5.94,6.28,0.45,0.47,12.26,,,1.73,3619.9,,76.33349609375,5.8,,,,46.7,59.234375,
1995-11-10,153.7,163.0,125.4,68.169,69.672,5.6,380000.0,5.52,6.0,6.33,0.48,0.42,12.97,,,1.74,3619.9,,76.33349609375,5.8,,,,46.7,59.53125,
1995-11-17,153.7,163.0,125.4,68.169,69.672,5.6,370000.0,5.46,5.92,6.23,0.46,0.41,12.49,,,1.75,3619.9,,76.33349609375,5.8,,,,46.7,60.1875,
1995-11-24,153.7,163.0,125.4,68.169,69.672,5.6,379000.0,5.49,5.91,6.25,0.42,0.43,11.87,,,1.78,3619.9,,76.33349609375,5.8,,,,46.7,60.328125,
1995-12-01,153.9,163.1,125.7,68.3,69.77,5.6,379000.0,5.32,5.71,6.1,0.39,0.26,11.11,,,1.83,3629.5,,65.67205810546875,5.6,,,,45.9,60.984375,
1995-12-08,153.9,163.1,125.7,68.3,69.77,5.6,373000.0,5.39,5.73,6.06,0.34,0.23,11.12,,,1.76,3629.5,,65.67205810546875,5.6,,,,45.9,62.15625,
1995-12-15,153.9,163.1,125.7,68.3,69.77,5.6,346000.0,5.36,5.75,6.09,0.39,0.4,11.44,,,1.77,3629.5,,65.67205810546875,5.6,,,,45.9,61.8125,
1995-12-22,153.9,163.1,125.7,68.3,69.77,5.6,373000.0,5.28,5.71,6.06,0.43,0.67,11.51,,,1.78,3629.5,,65.67205810546875,5.6,,,,45.9,61.203125,
1995-12-29,153.9,163.1,125.7,68.3,69.77,5.6,374000.0,5.18,5.58,5.96,0.4,0.48,12.52,,,1.8,3629.5,,65.67205810546875,5.6,,,,45.9,61.484375,
1996-01-05,154.7,163.7,126.3,68.452,69.849,5.6,359000.0,5.2,5.69,6.05,0.49,0.5,13.58,,,1.81,3647.9,,75.63492584228516,5.56,,,,46.2,61.59375,
1996-01-12,154.7,163.7,126.3,68.452,69.849,5.6,361000.0,5.17,5.75,6.16,0.58,0.57,14.23,,,1.79,3647.9,,75.63492584228516,5.56,,,,46.2,60.234375,
1996-01-19,154.7,163.7,126.3,68.452,69.849,5.6,333000.0,5.03,5.54,5.97,0.51,0.44,12.7,,,1.84,3647.9,,75.63492584228516,5.56,,,,46.2,61.265625,
1996-01-26,154.7,163.7,126.3,68.452,69.849,5.6,415000.0,5.08,5.65,6.04,0.57,0.54,12.0,,,1.82,3647.9,,75.63492584228516,5.56,,,,46.2,62.234375,
1996-02-02,155.0,164.0,126.2,68.56,69.94,5.5,387000.0,4.9,5.66,6.15,0.76,0.67,13.23,,,1.84,3661.8,,80.4209213256836,5.22,,,,45.5,63.640625,
1996-02-09,155.0,164.0,126.2,68.56,69.94,5.5,374000.0,4.85,5.66,6.11,0.81,0.73,14.63,,,1.84,3661.8,,80.4209213256836,5.22,,,,45.5,65.828125,
1996-02-16,155.0,164.0,126.2,68.56,69.94,5.5,387000.0,4.9,5.76,6.23,0.86,0.87,15.37,,,1.87,3661.8,,80.4209213256836,5.22,,,,45.5,64.9375,
1996-02-23,155.0,164.0,126.2,68.56,69.94,5.5,383000.0,5.13,5.97,6.42,0.84,1.0,14.78,,,1.84,3661.8,,80.4209213256836,5.22,,,,45.5,65.9375,
1996-03-01,155.5,164.4,126.4,68.767,70.102,5.5,365000.0,5.26,5.99,6.38,0.73,1.01,16.72,,,1.82,3686.9,,82.14761352539062,5.31,,,,45.9,64.890625,
1996-03-08,155.5,164.4,126.4,68.767,70.102,5.5,368000.0,5.73,6.41,6.7,0.68,1.4,20.7,,,1.71,3686.9,,82.14761352539062,5.31,,,,45.9,63.5,
1996-03-15,155.5,164.4,126.4,68.767,70.102,5.5,361000.0,5.87,6.46,6.75,0.59,1.32,16.54,,,1.7,3686.9,,82.14761352539062,5.31,,,,45.9,64.125,
1996-03-22,155.5,164.4,126.4,68.767,70.102,5.5,384000.0,5.74,6.32,6.65,0.58,1.22,17.05,,,1.77,3686.9,,82.14761352539062,5.31,,,,45.9,65.15625,
1996-03-29,155.5,164.4,126.4,68.767,70.102,5.5,426000.0,5.79,6.34,6.67,0.55,1.21,18.88,,,1.78,3686.9,,82.14761352539062,5.31,,,,45.9,64.6875,
1996-04-05,156.1,164.6,127.4,68.973,70.197,5.6,393000.0,6.09,6.57,6.83,0.48,1.42,16.18,,,1.68,3697.7,,84.82862091064453,5.22,,,,46.9,65.515625,
1996-04-12,156.1,164.6,127.4,68.973,70.197,5.6,369000.0,5.96,6.52,6.81,0.56,1.45,17.38,,,1.7,3697.7,,84.82862091064453,5.22,,,,46.9,63.71875,
1996-04-19,156.1,164.6,127.4,68.973,70.197,5.6,357000.0,5.95,6.53,6.8,0.58,1.52,15.12,,,1.65,3697.7,,84.82862091064453,5.22,,,,46.9,64.53125,
1996-04-26,156.1,164.6,127.4,68.973,70.197,5.6,368000.0,5.92,6.54,6.79,0.62,1.43,14.75,,,1.63,3697.7,,84.82862091064453,5.22,,,,46.9,65.4375,
1996-05-03,156.4,165.0,128.1,69.092,70.319,5.6,343000.0,6.2,6.9,7.12,0.7,1.76,16.7,,,1.58,3709.6,,65.53082275390625,5.24,,,,49.3,64.3125,
1996-05-10,156.4,165.0,128.1,69.092,70.319,5.6,338000.0,6.04,6.75,6.93,0.71,1.62,15.61,,,1.57,3709.6,,65.53082275390625,5.24,,,,49.3,65.375,
1996-05-17,156.4,165.0,128.1,69.092,70.319,5.6,352000.0,6.04,6.65,6.84,0.61,1.5,15.13,,,1.57,3709.6,,65.53082275390625,5.24,,,,49.3,67.1875,
1996-05-24,156.4,165.0,128.1,69.092,70.319,5.6,345000.0,6.03,6.65,6.84,0.62,1.47,15.54,,,1.56,3709.6,,65.53082275390625,5.24,,,,49.3,68.171875,
1996-05-31,156.4,165.0,128.1,69.092,70.319,5.6,343000.0,6.27,6.85,7.0,0.58,1.67,16.07,,,1.48,3709.6,,65.53082275390625,5.24,,,,49.1,66.875,
1996-06-07,156.7,165.4,128.0,69.091,70.373,5.3,340000.0,6.4,6.93,7.05,0.53,1.67,16.1,,,1.48,3722.5,,69.08858489990234,5.27,,,,49.1,67.625,
1996-06-14,156.7,165.4,128.0,69.091,70.373,5.3,351000.0,6.29,6.95,7.1,0.66,1.74,18.64,,,1.49,3722.5,,69.08858489990234,5.27,,,,49.1,66.9375,
1996-06-21,156.7,165.4,128.0,69.091,70.373,5.3,342000.0,6.35,6.96,7.11,0.61,1.7,15.8,,,1.5,3722.5,,69.08858489990234,5.27,,,,49.1,66.8125,
1996-06-28,156.7,165.4,128.0,69.091,70.373,5.3,341000.0,6.11,6.73,6.9,0.62,1.55,13.68,,,1.51,3722.5,,69.08858489990234,5.27,,,,49.1,67.109375,
1996-07-05,157.0,165.7,128.0,69.237,70.505,5.5,337000.0,6.44,7.06,7.19,0.62,1.75,16.09,,,1.43,3737.1,,80.64431762695312,5.4,,,,53.6,65.578125,
1996-07-12,157.0,165.7,128.0,69.237,70.505,5.5,342000.0,6.26,6.85,7.03,0.59,1.57,17.09,,,1.49,3737.1,,80.64431762695312,5.4,,,,53.6,64.5625,
1996-07-19,157.0,165.7,128.0,69.237,70.505,5.5,347000.0,6.18,6.78,6.97,0.6,1.5,17.26,,,1.51,3737.1,,80.64431762695312,5.4,,,,53.6,63.96875,
1996-07-26,157.0,165.7,128.0,69.237,70.505,5.5,332000.0,6.25,6.85,7.02,0.6,1.56,17.45,,,1.49,3737.1,,80.64431762695312,5.4,,,,53.6,63.71875,
1996-08-02,157.2,166.0,128.3,69.303,70.566,5.1,327000.0,5.91,6.51,6.74,0.6,1.3,16.19,,,1.57,3744.0,,81.6876449584961,5.22,,,,49.7,66.5625,
1996-08-09,157.2,166.0,128.3,69.303,70.566,5.1,326000.0,5.93,6.5,6.7,0.57,1.35,15.77,,,1.54,3744.0,,81.6876449584961,5.22,,,,49.7,66.21875,
1996-08-16,157.2,166.0,128.3,69.303,70.566,5.1,331000.0,5.95,6.56,6.77,0.61,1.38,14.81,,,1.55,3744.0,,81.6876449584961,5.22,,,,49.7,66.84375,
1996-08-23,157.2,166.0,128.3,69.303,70.566,5.1,336000.0,6.09,6.72,6.93,0.63,1.57,14.18,,,1.54,3744.0,,81.6876449584961,5.22,,,,49.7,66.859375,
1996-08-30,157.2,166.0,128.3,69.303,70.566,5.1,337000.0,6.34,6.96,7.13,0.62,1.67,17.01,,,1.48,3744.0,,81.6876449584961,5.22,,,,49.7,65.328125,
1996-09-06,157.7,166.5,128.2,69.499,70.78,5.2,329000.0,6.33,6.94,7.12,0.61,1.61,17.1,,,1.48,3753.4,,88.19697570800781,5.3,,,,51.6,65.9375,
1996-09-13,157.7,166.5,128.2,69.499,70.78,5.2,333000.0,6.1,6.74,6.95,0.64,1.53,15.2,,,1.54,3753.4,,88.19697570800781,5.3,,,,51.6,68.5625,
1996-09-20,157.7,166.5,128.2,69.499,70.78,5.2,338000.0,6.26,6.85,7.04,0.59,1.56,15.65,,,1.49,3753.4,,88.19697570800781,5.3,,,,51.6,68.640625,
1996-09-27,157.7,166.5,128.2,69.499,70.78,5.2,352000.0,6.07,6.68,6.91,0.61,1.64,16.1,,,1.53,3753.4,,88.19697570800781,5.3,,,,51.6,68.6875,
1996-10-04,158.2,166.8,128.0,69.709,70.948,5.2,348000.0,5.85,6.48,6.74,0.63,1.47,14.8,,,1.55,3772.8,,55.58683013916016,5.24,,,,51.1,70.34375,
1996-10-11,158.2,166.8,128.0,69.709,70.948,5.2,335000.0,5.92,6.55,6.84,0.63,1.42,15.07,,,1.55,3772.8,,55.58683013916016,5.24,,,,51.1,70.3125,
1996-10-18,158.2,166.8,128.0,69.709,70.948,5.2,334000.0,5.89,6.5,6.79,0.61,1.38,15.08,,,1.52,3772.8,,55.58683013916016,5.24,,,,51.1,71.21875,
1996-10-25,158.2,166.8,128.0,69.709,70.948,5.2,335000.0,5.9,6.54,6.82,0.64,1.4,17.29,,,1.52,3772.8,,55.58683013916016,5.24,,,,51.1,70.3125,
1996-11-01,158.7,167.2,128.2,69.833,71.041,5.4,352000.0,5.79,6.38,6.68,0.59,1.21,17.89,,,1.56,3795.1,,57.34461212158203,5.31,,,,50.5,70.59375,
1996-11-08,158.7,167.2,128.2,69.833,71.041,5.4,334000.0,5.76,6.29,6.51,0.53,1.11,15.78,,,1.53,3795.1,,57.34461212158203,5.31,,,,50.5,73.421875,
1996-11-15,158.7,167.2,128.2,69.833,71.041,5.4,327000.0,5.68,6.19,6.46,0.51,1.03,14.36,,,1.57,3795.1,,57.34461212158203,5.31,,,,50.5,74.03125,
1996-11-22,158.7,167.2,128.2,69.833,71.041,5.4,342000.0,5.69,6.15,6.44,0.46,0.97,14.92,,,1.62,3795.1,,57.34461212158203,5.31,,,,50.5,75.171875,
1996-11-29,158.7,167.2,128.2,69.833,71.041,5.4,347000.0,5.59,6.06,6.36,0.47,0.93,17.14,,,1.65,3795.1,,57.34461212158203,5.31,,,,50.5,76.015625,
1996-12-06,159.1,167.4,129.1,69.914,71.068,5.4,332000.0,5.73,6.26,6.53,0.53,1.23,18.82,,,1.62,3818.6,,74.98263549804688,5.29,,,,53.0,74.3125,
1996-12-13,159.1,167.4,129.1,69.914,71.068,5.4,355000.0,5.77,6.33,6.58,0.56,1.41,21.09,,,1.58,3818.6,,74.98263549804688,5.29,,,,53.0,73.3125,
1996-12-20,159.1,167.4,129.1,69.914,71.068,5.4,352000.0,5.83,6.35,6.59,0.52,1.33,18.85,,,1.57,3818.6,,74.98263549804688,5.29,,,,53.0,74.84375,
1996-12-27,159.1,167.4,129.1,69.914,71.068,5.4,350000.0,5.81,6.3,6.54,0.49,1.19,19.13,,,1.57,3818.6,,74.98263549804688,5.29,,,,53.0,75.875,
1997-01-03,159.4,167.8,129.7,70.005,71.144,5.3,357000.0,5.95,6.52,6.74,0.57,1.35,19.13,,,1.53,3834.6,,54.06243515014648,5.25,,,,55.2,75.09375,
1997-01-10,159.4,167.8,129.7,70.005,71.144,5.3,347000.0,6.06,6.63,6.86,0.57,1.46,19.63,,,1.52,3834.6,,54.06243515014648,5.25,,,,55.2,76.125,
1997-01-17,159.4,167.8,129.7,70.005,71.144,5.3,324000.0,6.0,6.56,6.83,0.56,1.42,18.63,,,1.52,3834.6,,54.06243515014648,5.25,,,,55.2,77.5625,
1997-01-24,159.4,167.8,129.7,70.005,71.144,5.3,345000.0,6.07,6.64,6.89,0.57,1.48,19.33,,,1.51,3834.6,,54.06243515014648,5.25,,,,55.2,76.75,
1997-01-31,159.4,167.8,129.7,70.005,71.144,5.3,340000.0,5.94,6.53,6.8,0.59,1.38,19.47,,,1.5,3834.6,,54.06243515014648,5.25,,,,53.8,78.40625,
1997-02-07,159.7,168.1,128.5,70.151,71.29,5.2,333000.0,5.86,6.43,6.72,0.57,1.29,18.9,,,1.54,3846.3,,50.559940338134766,5.19,,,,53.8,79.21875,
1997-02-14,159.7,168.1,128.5,70.151,71.29,5.2,315000.0,5.79,6.28,6.53,0.49,1.18,19.18,,,1.53,3846.3,,50.559940338134766,5.19,,,,53.8,81.1875,
1997-02-21,159.7,168.1,128.5,70.151,71.29,5.2,313000.0,5.85,6.36,6.63,0.51,1.27,20.55,,,1.55,3846.3,,50.559940338134766,5.19,,,,53.8,80.375,
1997-02-28,159.7,168.1,128.5,70.151,71.29,5.2,322000.0,6.09,6.56,6.8,0.47,1.34,21.1,,,1.49,3846.3,,50.559940338134766,5.19,,,,53.1,79.15625,
1997-03-07,159.8,168.4,127.3,70.225,71.46,5.2,321000.0,6.1,6.57,6.83,0.47,1.35,19.32,,,1.53,3861.2,,58.48006057739258,5.39,,,,53.1,80.84375,
1997-03-14,159.8,168.4,127.3,70.225,71.46,5.2,317000.0,6.18,6.71,6.95,0.53,1.47,19.81,,,1.48,3861.2,,58.48006057739258,5.39,,,,53.1,79.6875,
1997-03-21,159.8,168.4,127.3,70.225,71.46,5.2,319000.0,6.29,6.74,6.96,0.45,1.33,19.69,,,1.49,3861.2,,58.48006057739258,5.39,,,,53.1,78.4375,
1997-03-28,159.8,168.4,127.3,70.225,71.46,5.2,315000.0,6.45,6.9,7.09,0.45,1.53,20.5,,,1.42,3861.2,,58.48006057739258,5.39,,,,53.1,77.0,
1997-04-04,159.9,168.9,127.0,70.294,71.6,5.1,325000.0,6.44,6.92,7.14,0.48,1.63,19.23,,,1.46,3877.0,,62.844486236572266,5.51,,,,53.8,75.84375,
1997-04-11,159.9,168.9,127.0,70.294,71.6,5.1,325000.0,6.53,6.98,7.17,0.45,1.67,19.76,,,1.42,3877.0,,62.844486236572266,5.51,,,,53.8,73.375,
1997-04-18,159.9,168.9,127.0,70.294,71.6,5.1,330000.0,6.42,6.84,7.06,0.42,1.55,18.75,,,1.48,3877.0,,62.844486236572266,5.51,,,,53.8,76.5625,
1997-04-25,159.9,168.9,127.0,70.294,71.6,5.1,316000.0,6.54,6.94,7.14,0.4,1.63,21.15,,,1.45,3877.0,,62.844486236572266,5.51,,,,53.8,76.53125,
1997-05-02,159.9,169.2,127.4,70.262,71.652,4.9,337000.0,6.26,6.68,6.9,0.42,1.44,17.51,,,1.53,3889.2,,53.57601547241211,5.5,,,,53.7,81.4375,
1997-05-09,159.9,169.2,127.4,70.262,71.652,4.9,342000.0,6.24,6.67,6.89,0.43,1.48,20.11,,,1.5,3889.2,,53.57601547241211,5.5,,,,53.7,82.625,
1997-05-16,159.9,169.2,127.4,70.262,71.652,4.9,318000.0,6.28,6.7,6.91,0.42,1.5,21.57,,,1.47,3889.2,,53.57601547241211,5.5,,,,53.7,83.21875,
1997-05-23,159.9,169.2,127.4,70.262,71.652,4.9,322000.0,6.25,6.74,6.99,0.49,1.56,18.08,,,1.51,3889.2,,53.57601547241211,5.5,,,,53.7,84.78125,
1997-05-30,159.9,169.2,127.4,70.262,71.652,4.9,316000.0,6.22,6.67,6.92,0.45,1.71,19.19,,,1.51,3889.2,,53.57601547241211,5.5,,,,53.7,85.15625,
1997-06-06,160.2,169.4,127.2,70.352,71.758,5.0,321000.0,6.12,6.51,6.78,0.39,1.44,18.94,,,1.55,3906.0,,39.045623779296875,5.56,,,,56.1,86.375,
1997-06-13,160.2,169.4,127.2,70.352,71.758,5.0,329000.0,6.03,6.43,6.73,0.4,1.43,19.27,,,1.54,3906.0,,39.045623779296875,5.56,,,,56.1,89.71875,
1997-06-20,160.2,169.4,127.2,70.352,71.758,5.0,335000.0,6.02,6.37,6.65,0.35,1.29,20.2,,,1.52,3906.0,,39.045623779296875,5.56,,,,56.1,89.578125,
1997-06-27,160.2,169.4,127.2,70.352,71.758,5.0,316000.0,6.03,6.46,6.75,0.43,1.31,21.22,,,1.51,3906.0,,39.045623779296875,5.56,,,,56.1,88.90625,
1997-07-04,160.4,169.7,126.9,70.394,71.807,4.9,322000.0,5.93,6.31,6.63,0.38,1.17,17.82,,,1.55,3923.9,,47.69842529296875,5.52,,,,54.9,92.0625,
1997-07-11,160.4,169.7,126.9,70.394,71.807,4.9,346000.0,5.89,6.23,6.53,0.34,1.09,19.06,,,1.54,3923.9,,47.69842529296875,5.52,,,,54.9,91.78125,
1997-07-18,160.4,169.7,126.9,70.394,71.807,4.9,328000.0,5.91,6.24,6.52,0.33,1.0,22.28,,,1.52,3923.9,,47.69842529296875,5.52,,,,54.9,91.296875,
1997-07-25,160.4,169.7,126.9,70.394,71.807,4.9,301000.0,5.87,6.18,6.45,0.31,0.94,20.82,,,1.51,3923.9,,47.69842529296875,5.52,,,,54.9,94.03125,
1997-08-01,160.8,169.8,127.2,70.45,71.778,4.8,306000.0,5.89,6.2,6.46,0.31,0.92,22.29,,,1.49,3957.4,,48.582298278808594,5.54,,,,57.7,94.9375,
1997-08-08,160.8,169.8,127.2,70.45,71.778,4.8,320000.0,6.02,6.38,6.64,0.36,1.09,22.46,,,1.51,3957.4,,48.582298278808594,5.54,,,,57.7,93.375,
1997-08-15,160.8,169.8,127.2,70.45,71.778,4.8,329000.0,5.87,6.27,6.57,0.4,0.98,24.45,,,1.58,3957.4,,48.582298278808594,5.54,,,,57.7,89.78125,
1997-08-22,160.8,169.8,127.2,70.45,71.778,4.8,343000.0,5.98,6.38,6.67,0.4,1.13,24.74,,,1.5,3957.4,,48.582298278808594,5.54,,,,57.7,92.5625,
1997-08-29,160.8,169.8,127.2,70.45,71.778,4.8,327000.0,5.97,6.34,6.61,0.37,1.1,24.76,,,1.44,3957.4,,48.582298278808594,5.54,,,,57.7,90.375,
1997-09-05,161.2,170.2,127.5,70.62,71.927,4.9,332000.0,5.98,6.37,6.65,0.39,1.2,24.31,,,1.44,3973.1,,42.6890869140625,5.54,,,,56.3,93.140625,
1997-09-12,161.2,170.2,127.5,70.62,71.927,4.9,313000.0,5.93,6.29,6.59,0.36,1.19,25.17,,,1.48,3973.1,,42.6890869140625,5.54,,,,56.3,92.65625,
1997-09-19,161.2,170.2,127.5,70.62,71.927,4.9,314000.0,5.81,6.09,6.38,0.28,1.03,22.74,,,1.55,3973.1,,42.6890869140625,5.54,,,,56.3,95.03125,
1997-09-26,161.2,170.2,127.5,70.62,71.927,4.9,317000.0,5.8,6.08,6.37,0.28,1.09,22.26,,,1.55,3973.1,,42.6890869140625,5.54,,,,56.3,94.46875,
1997-10-03,161.5,170.6,127.8,70.712,72.036,4.7,317000.0,5.72,6.01,6.3,0.29,0.98,21.54,,,1.57,3992.3,,49.746307373046875,5.5,,,,53.9,96.640625,
1997-10-10,161.5,170.6,127.8,70.712,72.036,4.7,311000.0,5.86,6.15,6.44,0.29,1.01,19.75,,,1.51,3992.3,,49.746307373046875,5.5,,,,53.9,96.875,
1997-10-17,161.5,170.6,127.8,70.712,72.036,4.7,305000.0,5.91,6.17,6.44,0.26,1.11,21.69,,,1.47,3992.3,,49.746307373046875,5.5,,,,53.9,94.28125,
1997-10-24,161.5,170.6,127.8,70.712,72.036,4.7,318000.0,5.79,6.01,6.3,0.22,0.86,23.17,,,1.48,3992.3,,49.746307373046875,5.5,,,,53.9,94.0,
1997-10-31,161.5,170.6,127.8,70.712,72.036,4.7,306000.0,5.63,5.84,6.15,0.21,0.63,35.09,,,1.6,3992.3,,49.746307373046875,5.5,,,,56.4,92.0625,
1997-11-07,161.7,170.8,127.9,70.716,72.058,4.6,313000.0,5.71,5.9,6.14,0.19,0.59,36.27,,,1.56,4014.8,,59.6933708190918,5.52,,,,56.4,92.9375,
1997-11-14,161.7,170.8,127.9,70.716,72.058,4.6,308000.0,5.7,5.86,6.09,0.16,0.59,33.66,,,1.56,4014.8,,59.6933708190918,5.52,,,,56.4,93.0625,
1997-11-21,161.7,170.8,127.9,70.716,72.058,4.6,325000.0,5.68,5.82,6.04,0.14,0.57,26.65,,,1.55,4014.8,,59.6933708190918,5.52,,,,56.4,96.75,
1997-11-28,161.7,170.8,127.9,70.716,72.058,4.6,309000.0,5.76,5.86,6.04,0.1,0.64,27.43,,,1.52,4014.8,,59.6933708190918,5.52,,,,56.4,95.625,
1997-12-05,161.8,171.2,126.8,70.701,72.1,4.7,318000.0,5.8,5.92,6.09,0.12,0.62,22.65,,,1.48,4032.9,,43.998268127441406,5.5,,,,55.7,98.9375,
1997-12-12,161.8,171.2,126.8,70.701,72.1,4.7,317000.0,5.63,5.74,5.94,0.11,0.56,27.92,,,1.56,4032.9,,43.998268127441406,5.5,,,,55.7,95.75,
1997-12-19,161.8,171.2,126.8,70.701,72.1,4.7,323000.0,5.66,5.72,5.92,0.06,0.39,29.18,,,1.54,4032.9,,43.998268127441406,5.5,,,,55.7,94.78125,
1997-12-26,161.8,171.2,126.8,70.701,72.1,4.7,310000.0,5.69,5.75,5.9,0.06,0.4,29.27,,,1.51,4032.9,,43.998268127441406,5.5,,,,55.7,93.78125,
1998-01-02,162.0,171.6,125.4,70.736,72.21,4.6,303000.0,5.59,5.67,5.86,0.08,0.35,23.42,,,1.54,4056.2,,53.0963020324707,5.56,,,,54.5,97.5625,
1998-01-09,162.0,171.6,125.4,70.736,72.21,4.6,312000.0,5.17,5.4,5.71,0.23,0.35,28.69,,,1.71,4056.2,,53.0963020324707,5.56,,,,54.5,92.3125,
1998-01-16,162.0,171.6,125.4,70.736,72.21,4.6,331000.0,5.35,5.54,5.81,0.19,0.39,21.65,,,1.67,4056.2,,53.0963020324707,5.56,,,,54.5,96.3125,
1998-01-23,162.0,171.6,125.4,70.736,72.21,4.6,341000.0,5.42,5.7,5.98,0.28,0.53,23.32,,,1.63,4056.2,,53.0963020324707,5.56,,,,54.5,95.9375,
1998-01-30,162.0,171.6,125.4,70.736,72.21,4.6,307000.0,5.32,5.53,5.82,0.21,0.34,21.47,,,1.68,4056.2,,53.0963020324707,5.56,,,,54.5,98.3125,
1998-02-06,162.0,171.9,125.0,70.699,72.272,4.6,315000.0,5.38,5.62,5.92,0.24,0.45,20.51,,,1.68,4088.9,,77.59761810302734,5.51,,,,53.8,101.625,
1998-02-13,162.0,171.9,125.0,70.699,72.272,4.6,311000.0,5.36,5.49,5.85,0.13,0.27,19.84,,,1.72,4088.9,,77.59761810302734,5.51,,,,53.8,102.0,
1998-02-20,162.0,171.9,125.0,70.699,72.272,4.6,321000.0,5.41,5.54,5.87,0.13,0.33,19.0,,,1.68,4088.9,,77.59761810302734,5.51,,,,53.8,103.65625,
1998-02-27,162.0,171.9,125.0,70.699,72.272,4.6,327000.0,5.55,5.62,5.92,0.07,0.3,18.55,,,1.67,4088.9,,77.59761810302734,5.51,,,,53.8,105.125,
1998-03-06,162.0,172.2,124.7,70.71,72.349,4.7,317000.0,5.58,5.73,6.02,0.15,0.58,19.14,,,1.64,4114.3,,57.24806213378906,5.49,,,,52.9,105.9375,
1998-03-13,162.0,172.2,124.7,70.71,72.349,4.7,308000.0,5.5,5.58,5.89,0.08,0.49,18.71,,,1.69,4114.3,,57.24806213378906,5.49,,,,52.9,107.09375,
1998-03-20,162.0,172.2,124.7,70.71,72.349,4.7,319000.0,5.52,5.57,5.89,0.05,0.38,18.69,,,1.7,4114.3,,57.24806213378906,5.49,,,,52.9,109.875,
1998-03-27,162.0,172.2,124.7,70.71,72.349,4.7,321000.0,5.63,5.68,5.96,0.05,0.47,23.47,,,1.66,4114.3,,57.24806213378906,5.49,,,,52.9,109.625,
1998-04-03,162.2,172.5,124.9,70.798,72.482,4.3,312000.0,5.42,5.47,5.78,0.05,0.39,21.82,,,1.74,4140.2,,50.99658203125,5.45,,,,52.9,112.59375,
1998-04-10,162.2,172.5,124.9,70.798,72.482,4.3,312000.0,5.5,5.59,5.88,0.09,0.52,21.51,,,1.71,4140.2,,50.99658203125,5.45,,,,52.9,111.1875,
1998-04-17,162.2,172.5,124.9,70.798,72.482,4.3,304000.0,5.54,5.59,5.88,0.05,0.54,20.76,,,1.7,4140.2,,50.99658203125,5.45,,,,52.9,112.28125,
1998-04-24,162.2,172.5,124.9,70.798,72.482,4.3,317000.0,5.61,5.67,5.95,0.06,0.59,21.97,,,1.68,4140.2,,50.99658203125,5.45,,,,52.9,110.8125,
1998-05-01,162.6,172.9,125.1,70.895,72.552,4.4,311000.0,5.59,5.67,5.94,0.08,0.65,19.34,,,1.66,4164.4,,94.4734878540039,5.49,,,,52.2,112.59375,
1998-05-08,162.6,172.9,125.1,70.895,72.552,4.4,304000.0,5.61,5.71,5.98,0.1,0.57,20.57,,,1.63,4164.4,,94.4734878540039,5.49,,,,52.2,111.125,
1998-05-15,162.6,172.9,125.1,70.895,72.552,4.4,306000.0,5.63,5.68,5.97,0.05,0.5,20.44,,,1.63,4164.4,,94.4734878540039,5.49,,,,52.2,111.03125,
1998-05-22,162.6,172.9,125.1,70.895,72.552,4.4,315000.0,5.63,5.64,5.9,0.01,0.42,18.99,,,1.62,4164.4,,94.4734878540039,5.49,,,,52.2,111.25,
1998-05-29,162.6,172.9,125.1,70.895,72.552,4.4,309000.0,5.53,5.56,5.81,0.03,0.53,21.32,,,1.63,4164.4,,94.4734878540039,5.49,,,,52.2,109.03125,
1998-06-05,162.8,173.2,124.8,70.835,72.461,4.5,322000.0,5.58,5.58,5.79,0.0,0.46,19.78,,,1.6,4184.1,,76.30907440185547,5.56,,,,50.9,112.0,
1998-06-12,162.8,173.2,124.8,70.835,72.461,4.5,306000.0,5.43,5.43,5.66,0.0,0.3,22.78,,,1.65,4184.1,,76.30907440185547,5.56,,,,50.9,110.4375,
1998-06-19,162.8,173.2,124.8,70.835,72.461,4.5,321000.0,5.52,5.47,5.67,-0.05,0.3,21.92,,,1.65,4184.1,,76.30907440185547,5.56,,,,50.9,110.0625,
1998-06-26,162.8,173.2,124.8,70.835,72.461,4.5,349000.0,5.51,5.46,5.64,-0.05,0.45,19.36,,,1.67,4184.1,,76.30907440185547,5.56,,,,50.9,113.6875,
1998-07-03,163.2,173.5,124.9,71.01,72.665,4.5,376000.0,5.44,5.42,5.6,-0.02,0.35,17.67,,,1.67,4203.8,,54.04841613769531,5.54,,,,48.9,114.84375,
1998-07-10,163.2,173.5,124.9,71.01,72.665,4.5,362000.0,5.41,5.42,5.63,0.01,0.36,17.92,,,1.68,4203.8,,54.04841613769531,5.54,,,,48.9,116.46875,
1998-07-17,163.2,173.5,124.9,71.01,72.665,4.5,320000.0,5.46,5.51,5.75,0.05,0.37,16.23,,,1.68,4203.8,,54.04841613769531,5.54,,,,48.9,118.5625,
1998-07-24,163.2,173.5,124.9,71.01,72.665,4.5,315000.0,5.48,5.45,5.68,-0.03,0.37,23.01,,,1.7,4203.8,,54.04841613769531,5.54,,,,48.9,114.09375,
1998-07-31,163.2,173.5,124.9,71.01,72.665,4.5,335000.0,5.49,5.5,5.72,0.01,0.4,24.8,,,1.71,4203.8,,54.04841613769531,5.54,,,,49.2,111.78125,
1998-08-07,163.4,174.0,124.2,71.108,72.807,4.5,327000.0,5.34,5.4,5.63,0.06,0.41,27.02,,,1.73,4228.7,,97.02085876464844,5.55,,,,49.2,109.125,
1998-08-14,163.4,174.0,124.2,71.108,72.807,4.5,316000.0,5.34,5.4,5.55,0.06,0.37,34.34,,,1.74,4228.7,,97.02085876464844,5.55,,,,49.2,106.125,
1998-08-21,163.4,174.0,124.2,71.108,72.807,4.5,308000.0,5.25,5.32,5.46,0.07,0.31,33.14,,,1.8,4228.7,,97.02085876464844,5.55,,,,49.2,108.5625,
1998-08-28,163.4,174.0,124.2,71.108,72.807,4.5,302000.0,4.93,5.09,5.37,0.16,0.18,39.6,,,2.07,4228.7,,97.02085876464844,5.55,,,,49.2,103.375,
1998-09-04,163.5,174.2,123.8,71.067,72.795,4.6,310000.0,4.91,5.02,5.29,0.11,0.16,43.31,,,2.07,4267.7,,62.51344299316406,5.51,,,,49.3,97.75,
1998-09-11,163.5,174.2,123.8,71.067,72.795,4.6,313000.0,4.68,4.85,5.23,0.17,-0.02,43.74,,,2.23,4267.7,,62.51344299316406,5.51,,,,49.3,101.6875,
1998-09-18,163.5,174.2,123.8,71.067,72.795,4.6,304000.0,4.61,4.7,5.15,0.09,0.07,38.63,,,2.37,4267.7,,62.51344299316406,5.51,,,,49.3,102.09375,
1998-09-25,163.5,174.2,123.8,71.067,72.795,4.6,305000.0,4.43,4.6,5.13,0.17,0.08,34.55,,,2.48,4267.7,,62.51344299316406,5.51,,,,49.3,104.25,
1998-10-02,163.9,174.4,124.0,71.223,72.937,4.5,294000.0,4.17,4.31,4.85,0.14,0.09,40.47,,,2.6,4307.9,,54.40364837646485,5.07,,,,48.7,100.71875,
1998-10-09,163.9,174.4,124.0,71.223,72.937,4.5,302000.0,4.19,4.77,5.13,0.58,0.89,42.2,,,2.56,4307.9,,54.40364837646485,5.07,,,,48.7,98.53125,
1998-10-16,163.9,174.4,124.0,71.223,72.937,4.5,316000.0,3.86,4.44,4.96,0.58,0.79,34.82,,,2.77,4307.9,,54.40364837646485,5.07,,,,48.7,106.0,
1998-10-23,163.9,174.4,124.0,71.223,72.937,4.5,318000.0,4.2,4.7,5.16,0.5,0.73,32.27,,,2.64,4307.9,,54.40364837646485,5.07,,,,48.7,106.84375,
1998-10-30,163.9,174.4,124.0,71.223,72.937,4.5,309000.0,4.12,4.64,5.15,0.52,0.31,28.05,,,2.65,4307.9,,54.40364837646485,5.07,,,,48.7,110.0,
1998-11-06,164.1,174.8,123.6,71.226,72.95,4.4,308000.0,4.59,4.93,5.37,0.34,0.29,25.7,,,2.54,4346.6,,67.96592712402344,4.83,,,,48.7,114.125,
1998-11-13,164.1,174.8,123.6,71.226,72.95,4.4,316000.0,4.54,4.82,5.26,0.28,0.35,29.03,,,2.52,4346.6,,67.96592712402344,4.83,,,,48.7,113.21875,
1998-11-20,164.1,174.8,123.6,71.226,72.95,4.4,334000.0,4.66,4.82,5.22,0.16,0.36,22.47,,,2.46,4346.6,,67.96592712402344,4.83,,,,48.7,116.625,
1998-11-27,164.1,174.8,123.6,71.226,72.95,4.4,304000.0,4.62,4.81,5.16,0.19,0.26,22.09,,,2.44,4346.6,,67.96592712402344,4.83,,,,48.7,119.5,
1998-12-04,164.4,175.4,122.8,71.298,73.076,4.4,310000.0,4.46,4.62,5.05,0.16,0.14,25.31,,,2.6,4375.6,,75.95989227294922,4.68,,,,48.2,118.375,
1998-12-11,164.4,175.4,122.8,71.298,73.076,4.4,326000.0,4.46,4.61,5.02,0.15,0.11,27.72,,,2.6,4375.6,,75.95989227294922,4.68,,,,48.2,117.125,
1998-12-18,164.4,175.4,122.8,71.298,73.076,4.4,305000.0,4.45,4.58,5.01,0.13,0.09,25.04,,,2.65,4375.6,,75.95989227294922,4.68,,,,48.2,118.5,
1998-12-25,164.4,175.4,122.8,71.298,73.076,4.4,297000.0,4.78,4.86,5.23,0.08,0.29,21.48,,,2.5,4375.6,,75.95989227294922,4.68,,,,48.2,122.6875,
1999-01-01,164.7,175.6,122.9,71.398,73.18,4.3,336000.0,4.54,4.65,5.09,0.11,0.17,24.42,,,2.58,4403.0,,63.98722457885742,4.63,,,,46.8,123.3125,
1999-01-08,164.7,175.6,122.9,71.398,73.18,4.3,331000.0,4.71,4.86,5.26,0.15,0.38,23.28,,,2.51,4403.0,,63.98722457885742,4.63,,,,46.8,127.75,
1999-01-15,164.7,175.6,122.9,71.398,73.18,4.3,345000.0,4.56,4.66,5.1,0.1,0.22,29.24,,,2.61,4403.0,,63.98722457885742,4.63,,,,46.8,124.375,
1999-01-22,164.7,175.6,122.9,71.398,73.18,4.3,339000.0,4.59,4.64,5.09,0.05,0.28,31.95,,,2.59,4403.0,,63.98722457885742,4.63,,,,46.8,122.5625,
1999-01-29,164.7,175.6,122.9,71.398,73.18,4.3,311000.0,4.58,4.66,5.09,0.08,0.18,26.25,,,2.55,4403.0,,63.98722457885742,4.63,,,,46.8,127.65625,
1999-02-05,164.7,175.6,122.3,71.358,73.155,4.4,305000.0,4.8,4.94,5.34,0.14,0.44,29.67,,,2.45,4425.8,,58.316383361816406,4.76,,,,50.6,124.0625,
1999-02-12,164.7,175.6,122.3,71.358,73.155,4.4,291000.0,4.91,5.06,5.42,0.15,0.52,29.76,,,2.31,4425.8,,58.316383361816406,4.76,,,,50.6,123.625,
1999-02-19,164.7,175.6,122.3,71.358,73.155,4.4,312000.0,4.95,5.07,5.38,0.12,0.51,29.3,,,2.34,4425.8,,58.316383361816406,4.76,,,,50.6,124.25,
1999-02-26,164.7,175.6,122.3,71.358,73.155,4.4,302000.0,5.13,5.29,5.57,0.16,0.63,27.88,,,2.24,4425.8,,58.316383361816406,4.76,,,,50.6,123.5625,
1999-03-05,164.8,175.7,122.6,71.412,73.177,4.2,301000.0,5.14,5.34,5.6,0.2,0.71,24.08,,,2.24,4432.6,,83.39727783203125,4.81,,,,51.7,127.546875,
1999-03-12,164.8,175.7,122.6,71.412,73.177,4.2,300000.0,5.0,5.16,5.54,0.16,0.56,24.84,,,2.33,4432.6,,83.39727783203125,4.81,,,,51.7,129.375,
1999-03-19,164.8,175.7,122.6,71.412,73.177,4.2,308000.0,5.04,5.17,5.53,0.13,0.66,24.32,,,2.33,4432.6,,83.39727783203125,4.81,,,,51.7,129.6875,
1999-03-26,164.8,175.7,122.6,71.412,73.177,4.2,305000.0,4.99,5.21,5.61,0.22,0.7,24.04,,,2.33,4432.6,,83.39727783203125,4.81,,,,51.7,128.5625,
1999-04-02,165.9,176.3,123.6,71.757,73.365,4.3,298000.0,4.96,5.2,5.59,0.24,0.77,22.06,,,2.33,4461.4,,106.19801330566406,4.74,,,,52.4,129.34375,
1999-04-09,165.9,176.3,123.6,71.757,73.365,4.3,310000.0,4.88,5.05,5.46,0.17,0.63,21.77,,,2.35,4461.4,,106.19801330566406,4.74,,,,52.4,134.875,
1999-04-16,165.9,176.3,123.6,71.757,73.365,4.3,319000.0,5.02,5.23,5.57,0.21,0.89,23.9,,,2.27,4461.4,,106.19801330566406,4.74,,,,52.4,131.53125,
1999-04-23,165.9,176.3,123.6,71.757,73.365,4.3,314000.0,5.04,5.26,5.6,0.22,0.83,22.76,,,2.26,4461.4,,106.19801330566406,4.74,,,,52.4,135.8125,
1999-04-30,165.9,176.3,123.6,71.757,73.365,4.3,291000.0,5.08,5.36,5.68,0.28,0.81,25.07,,,2.22,4461.4,,106.19801330566406,4.74,,,,52.3,133.25,
1999-05-07,166.0,176.5,124.7,71.804,73.435,4.2,296000.0,5.19,5.54,5.82,0.35,0.92,25.36,,,2.17,4486.1,,85.44113159179688,4.74,,,,52.3,135.0,
1999-05-14,166.0,176.5,124.7,71.804,73.435,4.2,310000.0,5.3,5.62,5.92,0.32,0.98,26.86,,,2.12,4486.1,,85.44113159179688,4.74,,,,52.3,133.78125,
1999-05-21,166.0,176.5,124.7,71.804,73.435,4.2,301000.0,5.3,5.52,5.78,0.22,0.91,24.4,,,2.23,4486.1,,85.44113159179688,4.74,,,,52.3,133.34375,
1999-05-28,166.0,176.5,124.7,71.804,73.435,4.2,298000.0,5.42,5.64,5.84,0.22,0.98,25.39,,,2.18,4486.1,,85.44113159179688,4.74,,,,52.3,130.203125,
1999-06-04,166.0,176.6,125.2,71.826,73.474,4.3,303000.0,5.56,5.82,5.97,0.26,1.25,23.43,,,2.12,4508.0,,79.4105453491211,4.76,,,,54.3,133.21875,
1999-06-11,166.0,176.6,125.2,71.826,73.474,4.3,303000.0,5.7,6.02,6.13,0.32,1.28,25.9,,,2.07,4508.0,,79.4105453491211,4.76,,,,54.3,129.8125,
1999-06-18,166.0,176.6,125.2,71.826,73.474,4.3,290000.0,5.56,5.84,5.98,0.28,1.15,21.75,,,2.13,4508.0,,79.4105453491211,4.76,,,,54.3,134.3125,
1999-06-25,166.0,176.6,125.2,71.826,73.474,4.3,292000.0,5.73,6.02,6.16,0.29,1.22,21.76,,,2.13,4508.0,,79.4105453491211,4.76,,,,54.3,131.703125,
1999-07-02,166.7,177.1,125.7,72.017,73.606,4.3,291000.0,5.58,5.82,6.0,0.24,1.13,18.66,,,2.14,4535.4,,62.14287185668945,4.99,,,,55.8,139.40625,
1999-07-09,166.7,177.1,125.7,72.017,73.606,4.3,287000.0,5.61,5.84,6.01,0.23,1.15,17.96,,,2.11,4535.4,,62.14287185668945,4.99,,,,55.8,140.5,
1999-07-16,166.7,177.1,125.7,72.017,73.606,4.3,288000.0,5.5,5.68,5.9,0.18,1.0,17.42,,,2.17,4535.4,,62.14287185668945,4.99,,,,55.8,141.8125,
1999-07-23,166.7,177.1,125.7,72.017,73.606,4.3,309000.0,5.58,5.84,6.02,0.26,1.19,23.32,,,2.18,4535.4,,62.14287185668945,4.99,,,,55.8,135.75,
1999-07-30,166.7,177.1,125.7,72.017,73.606,4.3,306000.0,5.63,5.92,6.11,0.29,1.17,24.64,,,2.19,4535.4,,62.14287185668945,4.99,,,,55.8,132.75,
1999-08-06,167.1,177.3,126.9,72.148,73.642,4.2,300000.0,5.69,6.02,6.16,0.33,1.22,26.6,,,2.19,4552.7,,62.858642578125,5.07,,,,53.6,130.375,
1999-08-13,167.1,177.3,126.9,72.148,73.642,4.2,295000.0,5.71,5.98,6.09,0.27,1.24,22.31,,,2.26,4552.7,,62.858642578125,5.07,,,,53.6,133.15625,
1999-08-20,167.1,177.3,126.9,72.148,73.642,4.2,292000.0,5.65,5.88,5.99,0.23,1.04,22.95,,,2.23,4552.7,,62.858642578125,5.07,,,,53.6,133.90625,
1999-08-27,167.1,177.3,126.9,72.148,73.642,4.2,286000.0,5.65,5.85,5.96,0.2,0.87,21.83,,,2.24,4552.7,,62.858642578125,5.07,,,,53.6,135.0625,
1999-09-03,167.8,177.8,128.0,72.407,73.837,4.2,290000.0,5.64,5.89,6.03,0.25,0.97,20.98,,,2.28,4568.8,,69.58151245117188,5.22,,,,54.8,135.96875,
1999-09-10,167.8,177.8,128.0,72.407,73.837,4.2,290000.0,5.64,5.89,6.03,0.25,1.13,22.03,,,2.27,4568.8,,69.58151245117188,5.22,,,,54.8,135.875,
1999-09-17,167.8,177.8,128.0,72.407,73.837,4.2,281000.0,5.63,5.87,6.05,0.24,1.2,23.3,,,2.28,4568.8,,69.58151245117188,5.22,,,,54.8,133.75,
1999-09-24,167.8,177.8,128.0,72.407,73.837,4.2,281000.0,5.55,5.75,5.95,0.2,0.97,27.79,,,2.41,4568.8,,69.58151245117188,5.22,,,,54.8,127.75,
1999-10-01,168.1,178.1,127.7,72.529,73.963,4.1,306000.0,5.73,6.0,6.15,0.27,1.02,24.93,,,2.26,4592.7,,72.35348510742188,5.2,,,,57.0,128.46875,
1999-10-08,168.1,178.1,127.7,72.529,73.963,4.1,309000.0,5.8,6.04,6.2,0.24,1.22,20.49,,,2.26,4592.7,,72.35348510742188,5.2,,,,57.0,133.875,
1999-10-15,168.1,178.1,127.7,72.529,73.963,4.1,291000.0,5.82,6.09,6.26,0.27,1.05,28.75,,,2.31,4592.7,,72.35348510742188,5.2,,,,57.0,124.875,
1999-10-22,168.1,178.1,127.7,72.529,73.963,4.1,287000.0,5.96,6.21,6.36,0.25,1.14,21.64,,,2.25,4592.7,,72.35348510742188,5.2,,,,57.0,130.09375,
1999-10-29,168.1,178.1,127.7,72.529,73.963,4.1,280000.0,5.79,6.02,6.16,0.23,0.9,22.2,,,2.28,4592.7,,72.35348510742188,5.2,,,,57.0,137.0,
1999-11-05,168.4,178.4,128.3,72.594,74.034,4.1,285000.0,5.72,5.92,6.05,0.2,0.78,21.66,,,2.27,4611.8,,57.9638671875,5.42,,,,57.2,137.875,
1999-11-12,168.4,178.4,128.3,72.594,74.034,4.1,282000.0,5.78,5.93,6.03,0.15,0.7,21.65,,,2.13,4611.8,,57.9638671875,5.42,,,,57.2,139.75,
1999-11-19,168.4,178.4,128.3,72.594,74.034,4.1,281000.0,5.92,6.07,6.17,0.15,0.84,19.11,,,2.02,4611.8,,57.9638671875,5.42,,,,57.2,142.49609375,
1999-11-26,168.4,178.4,128.3,72.594,74.034,4.1,276000.0,5.99,6.12,6.24,0.13,0.82,22.33,,,2.01,4611.8,,57.9638671875,5.42,,,,57.2,141.4375,
1999-12-03,168.8,178.7,127.8,72.763,74.128,4.0,288000.0,5.99,6.17,6.27,0.18,0.92,19.32,,,1.96,4639.3,,86.0849380493164,5.3,,,,58.1,143.84375,
1999-12-10,168.8,178.7,127.8,72.763,74.128,4.0,287000.0,5.93,6.08,6.17,0.15,0.78,21.48,,,1.95,4639.3,,86.0849380493164,5.3,,,,58.1,141.875,
1999-12-17,168.8,178.7,127.8,72.763,74.128,4.0,272000.0,6.15,6.3,6.38,0.15,0.86,21.35,,,1.93,4639.3,,86.0849380493164,5.3,,,,58.1,142.6875,
1999-12-24,168.8,178.7,127.8,72.763,74.128,4.0,287000.0,6.24,6.41,6.48,0.17,0.94,21.12,,,1.88,4639.3,,86.0849380493164,5.3,,,,58.1,146.484375,
1999-12-31,168.8,178.7,127.8,72.763,74.128,4.0,268000.0,6.24,6.45,6.48,0.21,1.12,24.64,,,1.73,4639.3,,86.0849380493164,5.3,,,,57.8,146.875,
2000-01-07,169.3,179.3,128.3,72.961,74.306,4.0,286000.0,6.31,6.52,6.55,0.21,1.14,21.72,,,1.7,4667.6,,64.45780944824219,5.45,,,,57.8,145.75,
2000-01-14,169.3,179.3,128.3,72.961,74.306,4.0,298000.0,6.44,6.69,6.69,0.25,1.28,19.66,,,1.73,4667.6,,64.45780944824219,5.45,,,,57.8,146.96875,
2000-01-21,169.3,179.3,128.3,72.961,74.306,4.0,289000.0,6.48,6.79,6.71,0.31,1.32,20.82,,,1.63,4667.6,,64.45780944824219,5.45,,,,57.8,144.4375,
2000-01-28,169.3,179.3,128.3,72.961,74.306,4.0,284000.0,6.58,6.66,6.45,0.08,1.01,26.14,,,1.6,4667.6,,64.45780944824219,5.45,,,,57.8,135.875,
2000-02-04,170.0,179.4,129.8,73.191,74.415,4.1,285000.0,6.63,6.53,6.23,-0.1,0.86,21.54,,,1.6,4680.9,,63.54172134399414,5.73,,,,56.7,142.59375,
2000-02-11,170.0,179.4,129.8,73.191,74.415,4.1,312000.0,6.65,6.63,6.29,-0.02,0.97,24.42,,,1.73,4680.9,,63.54172134399414,5.73,,,,56.7,138.6875,
2000-02-18,170.0,179.4,129.8,73.191,74.415,4.1,300000.0,6.66,6.49,6.16,-0.17,0.74,26.0,,,1.82,4680.9,,63.54172134399414,5.73,,,,56.7,135.3125,
2000-02-25,170.0,179.4,129.8,73.191,74.415,4.1,283000.0,6.45,6.36,6.17,-0.09,0.57,25.2,,,1.99,4680.9,,63.54172134399414,5.73,,,,56.7,133.328125,
2000-03-03,171.0,180.0,130.8,73.505,74.568,4.0,280000.0,6.5,6.39,6.13,-0.11,0.6,19.21,,,1.93,4711.7,,50.10198593139648,5.85,,,,55.8,141.125,
2000-03-10,171.0,180.0,130.8,73.505,74.568,4.0,286000.0,6.55,6.39,6.19,-0.16,0.52,21.24,,,2.09,4711.7,,50.10198593139648,5.85,,,,55.8,140.125,
2000-03-17,171.0,180.0,130.8,73.505,74.568,4.0,270000.0,6.5,6.2,6.01,-0.3,0.31,22.37,,,2.16,4711.7,,50.10198593139648,5.85,,,,55.8,146.9375,
2000-03-24,171.0,180.0,130.8,73.505,74.568,4.0,271000.0,6.64,6.2,6.0,-0.44,0.29,23.31,,,2.13,4711.7,,50.10198593139648,5.85,,,,55.8,153.5625,
2000-03-31,171.0,180.0,130.8,73.505,74.568,4.0,272000.0,6.5,6.03,5.84,-0.47,0.15,24.11,,,2.3,4711.7,,50.10198593139648,5.85,,,,54.9,150.375,
2000-04-07,170.9,180.3,130.7,73.444,74.617,3.8,266000.0,6.38,5.86,5.71,-0.52,-0.04,24.39,,,2.4,4767.8,,48.6827392578125,6.02,,,,54.9,151.4375,
2000-04-14,170.9,180.3,130.7,73.444,74.617,3.8,268000.0,6.27,5.85,5.79,-0.42,0.04,33.49,,,2.53,4767.8,,48.6827392578125,6.02,,,,54.9,136.0,
2000-04-21,170.9,180.3,130.7,73.444,74.617,3.8,259000.0,6.38,5.99,5.83,-0.39,0.2,25.85,,,2.41,4767.8,,48.6827392578125,6.02,,,,54.9,143.8125,
2000-04-28,170.9,180.3,130.7,73.444,74.617,3.8,274000.0,6.68,6.23,5.97,-0.45,0.41,26.2,,,2.34,4767.8,,48.6827392578125,6.02,,,,54.9,145.09375,
2000-05-05,171.2,180.7,131.6,73.505,74.697,4.0,291000.0,6.84,6.51,6.2,-0.33,0.54,27.53,,,2.36,4755.7,,79.48287963867188,6.27,,,,54.7,143.53125,
2000-05-12,171.2,180.7,131.6,73.505,74.697,4.0,293000.0,6.91,6.51,6.2,-0.4,0.37,26.05,,,2.52,4755.7,,79.48287963867188,6.27,,,,54.7,142.8125,
2000-05-19,171.2,180.7,131.6,73.505,74.697,4.0,276000.0,6.86,6.51,6.22,-0.35,0.62,25.44,,,2.55,4755.7,,79.48287963867188,6.27,,,,54.7,141.125,
2000-05-26,171.2,180.7,131.6,73.505,74.697,4.0,280000.0,6.69,6.33,6.06,-0.36,0.5,24.47,,,2.51,4755.7,,79.48287963867188,6.27,,,,54.7,138.0,
2000-06-02,172.2,181.1,133.8,73.754,74.754,4.0,280000.0,6.52,6.15,5.94,-0.37,0.28,21.48,,,2.5,4773.6,,64.71781921386719,6.53,,,,53.2,147.84375,
2000-06-09,172.2,181.1,133.8,73.754,74.754,4.0,290000.0,6.56,6.13,5.89,-0.43,0.21,22.14,,,2.34,4773.6,,64.71781921386719,6.53,,,,53.2,146.59375,
2000-06-16,172.2,181.1,133.8,73.754,74.754,4.0,284000.0,6.38,5.99,5.88,-0.39,0.16,20.5,,,2.37,4773.6,,64.71781921386719,6.53,,,,53.2,146.59375,
2000-06-23,172.2,181.1,133.8,73.754,74.754,4.0,294000.0,6.55,6.19,6.04,-0.36,0.33,22.34,,,2.34,4773.6,,64.71781921386719,6.53,,,,53.2,144.375,
2000-06-30,172.2,181.1,133.8,73.754,74.754,4.0,296000.0,6.38,6.03,5.9,-0.35,0.15,19.54,,,2.4,4773.6,,64.71781921386719,6.53,,,,51.4,145.28125,
2000-07-07,172.7,181.5,133.7,73.939,74.925,4.0,281000.0,6.29,6.01,5.87,-0.28,-0.03,19.22,,,2.37,4791.3,,51.904022216796875,6.54,,,,51.4,148.09375,
2000-07-14,172.7,181.5,133.7,73.939,74.925,4.0,293000.0,6.41,6.1,5.88,-0.31,-0.07,19.32,,,2.24,4791.3,,51.904022216796875,6.54,,,,51.4,151.25,
2000-07-21,172.7,181.5,133.7,73.939,74.925,4.0,303000.0,6.32,6.01,5.79,-0.31,-0.12,18.94,,,2.27,4791.3,,51.904022216796875,6.54,,,,51.4,147.6875,
2000-07-28,172.7,181.5,133.7,73.939,74.925,4.0,300000.0,6.3,6.04,5.78,-0.26,-0.16,20.84,,,2.25,4791.3,,51.904022216796875,6.54,,,,51.4,142.09375,
2000-08-04,172.7,181.9,132.9,73.934,75.021,4.1,298000.0,6.15,5.91,5.72,-0.24,-0.32,18.62,,,2.33,4819.5,,46.49225616455078,6.5,,,,52.5,146.375,
2000-08-11,172.7,181.9,132.9,73.934,75.021,4.1,306000.0,6.25,5.79,5.72,-0.46,-0.5,18.55,,,2.45,4819.5,,46.49225616455078,6.5,,,,52.5,147.40625,
2000-08-18,172.7,181.9,132.9,73.934,75.021,4.1,315000.0,6.27,5.78,5.69,-0.49,-0.49,17.05,,,2.46,4819.5,,46.49225616455078,6.5,,,,52.5,149.6875,
2000-08-25,172.7,181.9,132.9,73.934,75.021,4.1,318000.0,6.19,5.73,5.67,-0.46,-0.58,16.53,,,2.5,4819.5,,46.49225616455078,6.5,,,,52.5,151.25,
2000-09-01,173.6,182.3,134.7,74.252,75.203,3.9,312000.0,6.09,5.68,5.67,-0.41,-0.59,17.53,,,2.54,4855.2,,52.689998626708984,6.52,,,,49.9,152.5,
2000-09-08,173.6,182.3,134.7,74.252,75.203,3.9,301000.0,6.11,5.73,5.7,-0.38,-0.41,18.46,,,2.52,4855.2,,52.689998626708984,6.52,,,,49.9,149.8125,
2000-09-15,173.6,182.3,134.7,74.252,75.203,3.9,309000.0,6.07,5.84,5.9,-0.23,-0.3,18.52,,,2.6,4855.2,,52.689998626708984,6.52,,,,49.9,146.0,
2000-09-22,173.6,182.3,134.7,74.252,75.203,3.9,311000.0,6.09,5.85,5.92,-0.24,-0.31,20.74,,,2.55,4855.2,,52.689998626708984,6.52,,,,49.9,145.28125,
2000-09-29,173.6,182.3,134.7,74.252,75.203,3.9,288000.0,5.98,5.8,5.88,-0.18,-0.43,20.57,,,2.54,4855.2,,52.689998626708984,6.52,,,,49.9,143.625,
2000-10-06,173.9,182.6,135.4,74.353,75.308,3.9,292000.0,5.98,5.82,5.85,-0.16,-0.42,22.71,,,2.53,4871.3,,76.45652770996094,6.51,,,,49.7,141.0625,
2000-10-13,173.9,182.6,135.4,74.353,75.308,3.9,309000.0,5.84,5.73,5.8,-0.11,-0.46,27.6,,,2.64,4871.3,,76.45652770996094,6.51,,,,49.7,137.5625,
2000-10-20,173.9,182.6,135.4,74.353,75.308,3.9,299000.0,5.84,5.64,5.73,-0.2,-0.67,24.24,,,2.65,4871.3,,76.45652770996094,6.51,,,,49.7,139.90625,
2000-10-27,173.9,182.6,135.4,74.353,75.308,3.9,295000.0,5.94,5.72,5.74,-0.22,-0.63,26.47,,,2.58,4871.3,,76.45652770996094,6.51,,,,49.7,139.28125,
2000-11-03,174.2,183.1,135.0,74.457,75.441,3.9,301000.0,5.94,5.83,5.86,-0.11,-0.55,23.67,,,2.52,4882.7,,45.06056213378906,6.51,,,,48.7,142.78125,
2000-11-10,174.2,183.1,135.0,74.457,75.441,3.9,331000.0,5.92,5.82,5.88,-0.1,-0.55,28.53,,,2.5,4882.7,,45.06056213378906,6.51,,,,48.7,136.625,
2000-11-17,174.2,183.1,135.0,74.457,75.441,3.9,318000.0,5.88,5.71,5.78,-0.17,-0.64,24.81,,,2.58,4882.7,,45.06056213378906,6.51,,,,48.7,136.640625,
2000-11-24,174.2,183.1,135.0,74.457,75.441,3.9,332000.0,5.86,5.63,5.67,-0.23,-0.73,26.0,,,2.63,4882.7,,45.06056213378906,6.51,,,,48.7,134.84375,
2000-12-01,174.6,183.3,136.2,74.571,75.515,3.9,356000.0,5.62,5.52,5.64,-0.1,-0.71,27.48,,,2.66,4927.6,,45.39509963989258,6.4,,,,48.5,132.21875,
2000-12-08,174.6,183.3,136.2,74.571,75.515,3.9,338000.0,5.5,5.35,5.55,-0.15,-0.74,22.41,,,2.74,4927.6,,45.39509963989258,6.4,,,,48.5,133.96875,
2000-12-15,174.6,183.3,136.2,74.571,75.515,3.9,321000.0,5.38,5.2,5.44,-0.18,-0.82,26.55,,,2.77,4927.6,,45.39509963989258,6.4,,,,48.5,130.96875,
2000-12-22,174.6,183.3,136.2,74.571,75.515,3.9,354000.0,5.1,5.02,5.4,-0.08,-0.25,27.55,,,2.9,4927.6,,45.39509963989258,6.4,,,,48.5,130.9375,
2000-12-29,174.6,183.3,136.2,74.571,75.515,3.9,364000.0,5.11,5.12,5.46,0.01,-0.77,26.85,,,2.88,4927.6,,45.39509963989258,6.4,,,,48.5,131.1875,
2001-01-05,175.6,183.9,140.0,74.932,75.796,4.2,353000.0,4.56,4.93,5.41,0.37,-0.19,28.67,,,2.99,4978.3,,46.89955520629883,5.98,,,,43.9,129.1875,
2001-01-12,175.6,183.9,140.0,74.932,75.796,4.2,337000.0,4.9,5.25,5.63,0.35,-0.08,24.56,,,2.8,4978.3,,46.89955520629883,5.98,,,,43.9,132.0,
2001-01-19,175.6,183.9,140.0,74.932,75.796,4.2,318000.0,4.75,5.19,5.56,0.44,-0.05,23.24,,,2.7,4978.3,,46.89955520629883,5.98,,,,43.9,134.015625,
2001-01-26,175.6,183.9,140.0,74.932,75.796,4.2,343000.0,4.78,5.29,5.64,0.51,0.12,22.57,,,2.65,4978.3,,46.89955520629883,5.98,,,,43.9,135.875,
2001-02-02,176.0,184.4,137.4,75.048,75.93,4.2,362000.0,4.65,5.17,5.51,0.52,0.11,21.95,,,2.63,5017.0,,55.08771133422851,5.49,,,,42.3,134.8,
2001-02-09,176.0,184.4,137.4,75.048,75.93,4.2,376000.0,4.67,5.03,5.38,0.36,-0.03,22.03,,,2.79,5017.0,,55.08771133422851,5.49,,,,42.3,131.84,
2001-02-16,176.0,184.4,137.4,75.048,75.93,4.2,365000.0,4.75,5.11,5.46,0.36,0.09,22.12,,,2.81,5017.0,,55.08771133422851,5.49,,,,42.3,130.4,
2001-02-23,176.0,184.4,137.4,75.048,75.93,4.2,358000.0,4.53,5.1,5.49,0.57,0.21,27.21,,,2.86,5017.0,,55.08771133422851,5.49,,,,42.3,124.96,
2001-03-02,176.1,184.7,135.9,75.055,76.009,4.3,386000.0,4.48,4.95,5.38,0.47,0.11,27.43,,,2.87,5074.8,,61.708953857421875,5.31,,,,42.1,123.61,
2001-03-09,176.1,184.7,135.9,75.055,76.009,4.3,384000.0,4.47,4.95,5.32,0.48,0.23,25.62,,,2.82,5074.8,,61.708953857421875,5.31,,,,42.1,123.36,
2001-03-16,176.1,184.7,135.9,75.055,76.009,4.3,393000.0,4.26,4.78,5.28,0.52,0.24,29.91,,,3.03,5074.8,,61.708953857421875,5.31,,,,42.1,115.01,
2001-03-23,176.1,184.7,135.9,75.055,76.009,4.3,393000.0,4.24,4.8,5.3,0.56,0.51,30.45,,,3.04,5074.8,,61.708953857421875,5.31,,,,42.1,114.48,
2001-03-30,176.1,184.7,135.9,75.055,76.009,4.3,378000.0,4.18,4.93,5.46,0.75,0.63,28.64,,,3.04,5074.8,,61.708953857421875,5.31,,,,42.1,116.69,
2001-04-06,176.4,185.1,136.4,75.187,76.13,4.4,388000.0,4.07,4.89,5.46,0.82,0.95,31.69,,,3.06,5139.1,,50.5687370300293,4.8,,,,43.1,113.3,
2001-04-13,176.4,185.1,136.4,75.187,76.13,4.4,398000.0,4.36,5.17,5.61,0.81,1.16,26.12,,,2.92,5139.1,,50.5687370300293,4.8,,,,43.1,118.85,
2001-04-20,176.4,185.1,136.4,75.187,76.13,4.4,383000.0,4.26,5.29,5.79,1.03,1.52,25.38,,,2.87,5139.1,,50.5687370300293,4.8,,,,43.1,124.5,
2001-04-27,176.4,185.1,136.4,75.187,76.13,4.4,400000.0,4.28,5.34,5.81,1.06,1.49,24.02,,,2.76,5139.1,,50.5687370300293,4.8,,,,43.1,125.78,
2001-05-04,177.3,185.3,136.8,75.385,76.148,4.3,406000.0,4.14,5.21,5.65,1.07,1.47,23.91,,,2.73,5137.2,,60.376861572265625,4.21,,,,42.7,127.34,
2001-05-11,177.3,185.3,136.8,75.385,76.148,4.3,381000.0,4.36,5.51,5.88,1.15,1.73,23.54,,,2.67,5137.2,,60.376861572265625,4.21,,,,42.7,125.15,
2001-05-18,177.3,185.3,136.8,75.385,76.148,4.3,390000.0,4.37,5.41,5.76,1.04,1.8,21.23,,,2.62,5137.2,,60.376861572265625,4.21,,,,42.7,129.74,
2001-05-25,177.3,185.3,136.8,75.385,76.148,4.3,402000.0,4.31,5.52,5.86,1.21,1.86,20.6,,,2.65,5137.2,,60.376861572265625,4.21,,,,42.7,128.1,
2001-06-01,177.7,186.0,135.5,75.518,76.318,4.5,405000.0,4.22,5.39,5.71,1.17,1.72,21.59,,,2.63,5180.1,,72.06433868408203,3.97,,,,41.3,126.73,
2001-06-08,177.7,186.0,135.5,75.518,76.318,4.5,406000.0,4.17,5.38,5.73,1.21,1.74,19.92,,,2.65,5180.1,,72.06433868408203,3.97,,,,41.3,127.0,
2001-06-15,177.7,186.0,135.5,75.518,76.318,4.5,411000.0,4.01,5.27,5.68,1.26,1.75,22.81,,,2.71,5180.1,,72.06433868408203,3.97,,,,41.3,121.85,
2001-06-22,177.7,186.0,135.5,75.518,76.318,4.5,394000.0,3.93,5.14,5.58,1.21,1.69,20.02,,,2.75,5180.1,,72.06433868408203,3.97,,,,41.3,122.85,
2001-06-29,177.7,186.0,135.5,75.518,76.318,4.5,381000.0,4.25,5.42,5.75,1.17,1.77,19.06,,,2.65,5180.1,,72.06433868408203,3.97,,,,41.3,122.6,
2001-07-06,177.4,186.4,133.4,75.493,76.515,4.6,394000.0,4.16,5.41,5.75,1.25,1.78,21.63,,,2.69,5210.0,,61.072940826416016,3.77,,,,43.2,119.05,
2001-07-13,177.4,186.4,133.4,75.493,76.515,4.6,401000.0,4.12,5.27,5.64,1.15,1.65,21.14,,,2.71,5210.0,,61.072940826416016,3.77,,,,43.2,122.24,
2001-07-20,177.4,186.4,133.4,75.493,76.515,4.6,405000.0,3.98,5.15,5.54,1.17,1.62,22.34,,,2.77,5210.0,,61.072940826416016,3.77,,,,43.2,121.34,
2001-07-27,177.4,186.4,133.4,75.493,76.515,4.6,398000.0,3.87,5.13,5.55,1.26,1.58,22.0,,,2.77,5210.0,,61.072940826416016,3.77,,,,43.2,120.81,
2001-08-03,177.4,186.7,133.4,75.484,76.553,4.9,388000.0,3.91,5.2,5.59,1.29,1.68,19.89,,,2.72,5243.8,,64.10773468017578,3.65,,,,43.5,121.94,
2001-08-10,177.4,186.7,133.4,75.484,76.553,4.9,401000.0,3.73,4.99,5.52,1.26,1.56,20.55,,,2.87,5243.8,,64.10773468017578,3.65,,,,43.5,119.29,
2001-08-17,177.4,186.7,133.4,75.484,76.553,4.9,394000.0,3.67,4.84,5.43,1.17,1.48,23.84,,,2.97,5243.8,,64.10773468017578,3.65,,,,43.5,116.75,
2001-08-24,177.4,186.7,133.4,75.484,76.553,4.9,402000.0,3.76,4.93,5.45,1.17,1.51,19.71,,,2.91,5243.8,,64.10773468017578,3.65,,,,43.5,119.02,
2001-08-31,177.4,186.7,133.4,75.484,76.553,4.9,395000.0,3.64,4.85,5.39,1.21,1.48,24.92,,,2.9,5243.8,,64.10773468017578,3.65,,,,46.3,114.15,
2001-09-07,178.1,187.1,133.3,75.227,76.118,5.0,402000.0,3.53,4.8,5.39,1.27,1.53,30.99,,,2.99,5355.1,,498.64788818359375,3.07,,,,46.3,108.72,
2001-09-14,178.1,187.1,133.3,75.227,76.118,5.0,408000.0,2.87,4.57,5.35,1.7,1.93,31.84,,,3.36,5355.1,,498.64788818359375,3.07,,,,46.3,110.05,
2001-09-21,178.1,187.1,133.3,75.227,76.118,5.0,395000.0,2.91,4.7,5.59,1.79,2.45,42.66,,,3.53,5355.1,,498.64788818359375,3.07,,,,46.3,97.28,
2001-09-28,178.1,187.1,133.3,75.227,76.118,5.0,453000.0,2.86,4.6,5.42,1.74,2.2,31.93,,,3.42,5355.1,,498.64788818359375,3.07,,,,46.3,104.44,
2001-10-05,177.6,187.4,130.3,75.492,76.654,5.3,517000.0,2.71,4.52,5.31,1.81,2.33,33.39,,,3.4,5343.8,,512.5297241210938,2.49,,,,46.2,107.23,
2001-10-12,177.6,187.4,130.3,75.492,76.654,5.3,476000.0,2.81,4.68,5.42,1.87,2.43,35.27,,,3.33,5343.8,,512.5297241210938,2.49,,,,46.2,109.5,
2001-10-19,177.6,187.4,130.3,75.492,76.654,5.3,482000.0,2.77,4.63,5.36,1.86,2.44,34.11,,,3.29,5343.8,,512.5297241210938,2.49,,,,46.2,107.35,
2001-10-26,177.6,187.4,130.3,75.492,76.654,5.3,482000.0,2.63,4.53,5.27,1.9,2.39,28.42,,,3.31,5343.8,,512.5297241210938,2.49,,,,46.2,110.32,
2001-11-02,177.5,188.1,129.8,75.441,76.81,5.5,483000.0,2.48,4.37,4.96,1.89,2.36,30.71,,,3.37,5387.5,,306.785888671875,2.09,,,,40.8,109.25,
2001-11-09,177.5,188.1,129.8,75.441,76.81,5.5,440000.0,2.45,4.34,4.88,1.89,2.51,27.44,,,3.27,5387.5,,306.785888671875,2.09,,,,40.8,112.72,
2001-11-16,177.5,188.1,129.8,75.441,76.81,5.5,428000.0,3.09,4.91,5.3,1.82,2.96,25.07,,,3.07,5387.5,,306.785888671875,2.09,,,,40.8,114.36,
2001-11-23,177.5,188.1,129.8,75.441,76.81,5.5,431000.0,3.2,5.04,5.39,1.84,3.09,23.25,,,2.97,5387.5,,306.785888671875,2.09,,,,40.8,115.68,
2001-11-30,177.5,188.1,129.8,75.441,76.81,5.5,491000.0,2.84,4.78,5.27,1.94,3.0,23.84,,,3.1,5387.5,,306.785888671875,2.09,,,,44.1,114.05,
2001-12-07,177.4,188.4,128.1,75.363,76.828,5.7,465000.0,3.19,5.2,5.6,2.01,3.51,23.49,,,2.96,5440.5,,236.09974670410156,1.82,,,,44.1,116.56,
2001-12-14,177.4,188.4,128.1,75.363,76.828,5.7,393000.0,3.2,5.24,5.59,2.04,3.51,24.63,,,2.91,5440.5,,236.09974670410156,1.82,,,,44.1,113.13,
2001-12-21,177.4,188.4,128.1,75.363,76.828,5.7,389000.0,3.17,5.12,5.45,1.95,3.41,22.5,,,2.87,5440.5,,236.09974670410156,1.82,,,,44.1,114.95,
2001-12-28,177.4,188.4,128.1,75.363,76.828,5.7,416000.0,3.16,5.15,5.54,1.99,3.43,21.4,,,2.87,5440.5,,236.09974670410156,1.82,,,,44.1,116.0,
2002-01-04,177.7,188.7,128.5,75.431,76.871,5.7,421000.0,3.19,5.18,5.57,1.99,3.46,20.45,,,2.78,5460.9,,172.47720336914062,1.73,,,,45.3,117.62,
2002-01-11,177.7,188.7,128.5,75.431,76.871,5.7,397000.0,2.76,4.92,5.37,2.16,3.34,22.6,,,2.86,5460.9,,172.47720336914062,1.73,,,,45.3,114.94,
2002-01-18,177.7,188.7,128.5,75.431,76.871,5.7,418000.0,2.91,4.94,5.36,2.03,3.32,22.52,,,2.86,5460.9,,172.47720336914062,1.73,,,,45.3,113.15,
2002-01-25,177.7,188.7,128.5,75.431,76.871,5.7,405000.0,3.17,5.1,5.47,1.93,3.38,21.01,,,2.81,5460.9,,172.47720336914062,1.73,,,,45.3,113.55,
2002-02-01,178.0,189.1,128.4,75.558,77.018,5.7,414000.0,3.08,5.02,5.4,1.94,3.26,21.12,,,2.86,5490.2,,146.1857147216797,1.74,,,,47.5,112.65,
2002-02-08,178.0,189.1,128.4,75.558,77.018,5.7,404000.0,2.95,4.9,5.39,1.95,3.17,23.26,,,3.03,5490.2,,146.1857147216797,1.74,,,,47.5,110.09,
2002-02-15,178.0,189.1,128.4,75.558,77.018,5.7,397000.0,2.97,4.86,5.37,1.89,3.12,22.37,,,2.98,5490.2,,146.1857147216797,1.74,,,,47.5,110.89,
2002-02-22,178.0,189.1,128.4,75.558,77.018,5.7,397000.0,2.97,4.84,5.48,1.87,3.08,22.86,,,2.98,5490.2,,146.1857147216797,1.74,,,,47.5,109.64,
2002-03-01,178.5,189.2,129.8,75.763,77.11,5.7,398000.0,3.18,4.98,5.6,1.8,3.21,19.96,,,2.97,5502.0,,151.9763641357422,1.73,,,,50.7,113.74,
2002-03-08,178.5,189.2,129.8,75.763,77.11,5.7,392000.0,3.6,5.33,5.83,1.73,3.52,19.27,,,2.79,5502.0,,151.9763641357422,1.73,,,,50.7,116.99,
2002-03-15,178.5,189.2,129.8,75.763,77.11,5.7,399000.0,3.63,5.35,5.86,1.72,3.49,18.42,,,2.81,5502.0,,151.9763641357422,1.73,,,,50.7,116.65,
2002-03-22,178.5,189.2,129.8,75.763,77.11,5.7,392000.0,3.77,5.4,5.89,1.63,3.56,17.77,,,2.78,5502.0,,151.9763641357422,1.73,,,,50.7,115.04,
2002-03-29,178.5,189.2,129.8,75.763,77.11,5.7,415000.0,3.72,5.42,5.91,1.7,3.63,17.4,,,2.81,5502.0,,151.9763641357422,1.73,,,,50.7,114.52,
2002-04-05,179.3,189.7,130.8,76.08,77.325,5.9,479000.0,3.49,5.22,5.79,1.73,3.46,19.13,,,2.85,5502.1,,157.49655151367188,1.75,,,,52.4,112.69,
2002-04-12,179.3,189.7,130.8,76.08,77.325,5.9,445000.0,3.41,5.18,5.79,1.77,3.47,19.42,,,2.86,5502.1,,157.49655151367188,1.75,,,,52.4,111.42,
2002-04-19,179.3,189.7,130.8,76.08,77.325,5.9,442000.0,3.36,5.21,5.8,1.85,3.48,18.3,,,2.8,5502.1,,157.49655151367188,1.75,,,,52.4,112.88,
2002-04-26,179.3,189.7,130.8,76.08,77.325,5.9,416000.0,3.22,5.08,5.73,1.86,3.33,22.14,,,2.83,5502.1,,157.49655151367188,1.75,,,,52.4,107.39,
2002-05-03,179.5,190.0,130.8,76.13,77.411,5.8,414000.0,3.17,5.08,5.65,1.91,3.32,20.19,,,2.89,5528.3,,163.3223114013672,1.75,,,,52.4,107.58,
2002-05-10,179.5,190.0,130.8,76.13,77.411,5.8,409000.0,3.19,5.15,5.72,1.96,3.38,22.41,,,2.93,5528.3,,163.3223114013672,1.75,,,,52.4,105.72,
2002-05-17,179.5,190.0,130.8,76.13,77.411,5.8,413000.0,3.41,5.27,5.84,1.86,3.51,17.7,,,2.94,5528.3,,163.3223114013672,1.75,,,,52.4,110.9,
2002-05-24,179.5,190.0,130.8,76.13,77.411,5.8,411000.0,3.28,5.16,5.78,1.88,3.42,18.9,,,2.96,5528.3,,163.3223114013672,1.75,,,,52.4,108.69,
2002-05-31,179.5,190.0,130.8,76.13,77.411,5.8,403000.0,3.22,5.08,5.75,1.86,3.34,19.98,,,2.98,5528.3,,163.3223114013672,1.75,,,,53.1,107.22,
2002-06-07,179.6,190.2,130.9,76.225,77.534,5.8,378000.0,3.16,5.1,5.81,1.94,3.36,23.51,,,2.96,5553.3,,149.33042907714844,1.75,,,,53.1,103.34,
2002-06-14,179.6,190.2,130.9,76.225,77.534,5.8,388000.0,2.92,4.83,5.59,1.91,3.12,25.96,,,3.02,5553.3,,149.33042907714844,1.75,,,,53.1,101.4,
2002-06-21,179.6,190.2,130.9,76.225,77.534,5.8,396000.0,2.88,4.79,5.56,1.91,3.07,27.23,,,3.05,5553.3,,149.33042907714844,1.75,,,,53.1,99.28,
2002-06-28,179.6,190.2,130.9,76.225,77.534,5.8,388000.0,2.9,4.86,5.7,1.96,3.16,25.4,,,3.13,5553.3,,149.33042907714844,1.75,,,,53.1,98.96,
2002-07-05,180.0,190.5,131.2,76.393,77.692,5.8,386000.0,2.9,4.9,5.7,2.0,3.18,27.11,,,3.15,5596.0,,122.7783432006836,1.73,,,,53.6,99.31,
2002-07-12,180.0,190.5,131.2,76.393,77.692,5.8,391000.0,2.56,4.63,5.55,2.07,2.92,32.94,,,3.24,5596.0,,122.7783432006836,1.73,,,,53.6,91.85,
2002-07-19,180.0,190.5,131.2,76.393,77.692,5.8,384000.0,2.48,4.61,5.55,2.13,2.9,38.17,,,3.25,5596.0,,122.7783432006836,1.73,,,,53.6,84.71,
2002-07-26,180.0,190.5,131.2,76.393,77.692,5.8,379000.0,2.2,4.43,5.52,2.23,2.74,35.51,,,3.34,5596.0,,122.7783432006836,1.73,,,,53.6,85.6,
2002-08-02,180.5,191.1,131.5,76.543,77.845,5.7,390000.0,1.99,4.33,5.44,2.34,2.7,41.29,,,3.34,5638.3,,127.06451416015624,1.74,,,,50.2,86.79,
2002-08-09,180.5,191.1,131.5,76.543,77.845,5.7,388000.0,2.1,4.27,5.35,2.17,2.65,35.33,,,3.36,5638.3,,127.06451416015624,1.74,,,,50.2,91.29,
2002-08-16,180.5,191.1,131.5,76.543,77.845,5.7,389000.0,2.28,4.32,5.24,2.04,2.7,28.81,,,3.32,5638.3,,127.06451416015624,1.74,,,,50.2,93.22,
2002-08-23,180.5,191.1,131.5,76.543,77.845,5.7,399000.0,2.19,4.25,5.25,2.06,2.6,29.32,,,3.27,5638.3,,127.06451416015624,1.74,,,,50.2,94.6,
2002-08-30,180.5,191.1,131.5,76.543,77.845,5.7,398000.0,2.14,4.14,5.11,2.0,2.45,32.64,,,3.32,5638.3,,127.06451416015624,1.74,,,,50.2,91.78,
2002-09-06,180.8,191.3,132.3,76.681,77.972,5.7,394000.0,2.08,4.05,5.07,1.97,2.39,36.33,,,3.42,5662.3,,174.90333557128906,1.75,,,,50.3,90.0,
2002-09-13,180.8,191.3,132.3,76.681,77.972,5.7,416000.0,2.07,3.92,4.97,1.85,2.23,35.82,,,3.44,5662.3,,174.90333557128906,1.75,,,,50.3,89.67,
2002-09-20,180.8,191.3,132.3,76.681,77.972,5.7,412000.0,1.94,3.79,4.95,1.85,2.14,38.98,,,3.59,5662.3,,174.90333557128906,1.75,,,,50.3,84.35,
2002-09-27,180.8,191.3,132.3,76.681,77.972,5.7,401000.0,1.82,3.69,4.91,1.87,2.06,36.97,,,3.71,5662.3,,174.90333557128906,1.75,,,,50.3,82.75,
2002-10-04,181.2,191.5,133.2,76.821,78.038,5.7,409000.0,1.78,3.69,5.0,1.91,2.08,39.46,,,3.78,5707.1,,172.03192138671875,1.75,,,,50.5,80.8,
2002-10-11,181.2,191.5,133.2,76.821,78.038,5.7,404000.0,1.85,3.83,5.06,1.98,2.25,35.7,,,3.88,5707.1,,172.03192138671875,1.75,,,,50.5,84.16,
2002-10-18,181.2,191.5,133.2,76.821,78.038,5.7,405000.0,2.09,4.14,5.32,2.05,2.47,33.53,,,3.76,5707.1,,172.03192138671875,1.75,,,,50.5,88.64,
2002-10-25,181.2,191.5,133.2,76.821,78.038,5.7,412000.0,1.98,4.12,5.31,2.14,2.48,30.0,,,3.78,5707.1,,172.03192138671875,1.75,,,,50.5,90.2,
2002-11-01,181.5,191.9,133.1,76.897,78.114,5.9,409000.0,1.76,4.01,5.3,2.25,2.58,29.3,,,3.76,5758.1,,159.12759399414062,1.34,,,,49.0,90.27,
2002-11-08,181.5,191.9,133.1,76.897,78.114,5.9,405000.0,1.87,3.85,5.05,1.98,2.63,29.41,,,3.66,5758.1,,159.12759399414062,1.34,,,,49.0,89.65,
2002-11-15,181.5,191.9,133.1,76.897,78.114,5.9,400000.0,1.91,4.05,5.12,2.14,2.83,26.65,,,3.54,5758.1,,159.12759399414062,1.34,,,,49.0,91.4,
2002-11-22,181.5,191.9,133.1,76.897,78.114,5.9,389000.0,2.1,4.18,5.22,2.08,2.95,23.16,,,3.43,5758.1,,159.12759399414062,1.34,,,,49.0,93.42,
2002-11-29,181.5,191.9,133.1,76.897,78.114,5.9,390000.0,2.08,4.22,5.23,2.14,3.0,27.5,,,3.38,5758.1,,159.12759399414062,1.34,,,,49.0,93.98,
2002-12-06,181.8,192.1,132.9,76.971,78.187,6.0,377000.0,1.89,4.09,5.15,2.2,2.88,28.88,,,3.42,5779.4,,175.8117218017578,1.24,,,,48.5,92.03,
2002-12-13,181.8,192.1,132.9,76.971,78.187,6.0,425000.0,1.87,4.07,5.15,2.2,2.86,28.18,,,3.42,5779.4,,175.8117218017578,1.24,,,,48.5,89.34,
2002-12-20,181.8,192.1,132.9,76.971,78.187,6.0,429000.0,1.76,3.97,5.12,2.21,2.76,26.71,,,3.42,5779.4,719542.0,175.8117218017578,1.24,,,,48.5,89.99,
2002-12-27,181.8,192.1,132.9,76.971,78.187,6.0,394000.0,1.6,3.83,5.06,2.23,2.67,29.55,,,3.49,5779.4,732059.0,175.8117218017578,1.24,,,,48.5,87.38,
2003-01-03,182.6,192.4,135.3,77.201,78.24,5.8,409000.0,1.79,4.05,5.18,2.26,2.83,24.68,,,3.39,5812.1,730994.0,206.43460083007812,1.24,,,,51.6,91.35,
2003-01-10,182.6,192.4,135.3,77.201,78.24,5.8,393000.0,1.79,4.16,5.24,2.37,2.96,24.32,,,3.31,5812.1,723762.0,206.43460083007812,1.24,,,,51.6,93.06,
2003-01-17,182.6,192.4,135.3,77.201,78.24,5.8,378000.0,1.7,4.05,5.13,2.35,2.87,25.7,,,3.29,5812.1,720074.0,206.43460083007812,1.24,,,,51.6,90.66,
2003-01-24,182.6,192.4,135.3,77.201,78.24,5.8,402000.0,1.66,3.94,5.05,2.28,2.78,31.51,,,3.33,5812.1,735953.0,206.43460083007812,1.24,,,,51.6,86.38,
2003-01-31,182.6,192.4,135.3,77.201,78.24,5.8,407000.0,1.72,4.0,5.03,2.28,2.82,31.17,,,3.16,5812.1,712809.0,206.43460083007812,1.24,,,,51.3,86.06,
2003-02-07,183.6,192.5,137.6,77.526,78.348,5.9,413000.0,1.63,3.96,4.98,2.33,2.79,34.01,,,3.11,5848.2,719643.0,239.6109313964844,1.26,,,,51.3,83.42,
2003-02-14,183.6,192.5,137.6,77.526,78.348,5.9,390000.0,1.62,3.95,5.09,2.33,2.77,32.62,,,3.16,5848.2,713281.0,239.6109313964844,1.26,,,,51.3,84.15,
2003-02-21,183.6,192.5,137.6,77.526,78.348,5.9,420000.0,1.63,3.9,5.08,2.27,2.71,30.25,,,3.16,5848.2,730400.0,239.6109313964844,1.26,,,,51.3,85.18,
2003-02-28,183.6,192.5,137.6,77.526,78.348,5.9,421000.0,1.53,3.71,4.9,2.18,2.51,29.63,,,3.21,5848.2,721980.0,239.6109313964844,1.26,,,,48.8,84.9,
2003-03-07,183.9,192.5,141.2,77.725,78.474,5.9,436000.0,1.39,3.63,4.9,2.24,2.51,31.08,,,3.26,5868.4,722649.0,358.711181640625,1.25,,,,48.8,83.32,
2003-03-14,183.9,192.5,141.2,77.725,78.474,5.9,424000.0,1.56,3.72,4.93,2.16,2.59,30.98,,,3.22,5868.4,717014.0,358.711181640625,1.25,,,,48.8,84.13,
2003-03-21,183.9,192.5,141.2,77.725,78.474,5.9,430000.0,1.8,4.11,5.23,2.31,2.93,28.67,,,2.99,5868.4,729923.0,358.711181640625,1.25,,,,48.8,89.67,
2003-03-28,183.9,192.5,141.2,77.725,78.474,5.9,411000.0,1.56,3.92,5.16,2.36,2.78,27.75,,,3.01,5868.4,725019.0,358.711181640625,1.25,,,,48.8,86.71,
2003-04-04,183.2,192.5,136.8,77.593,78.561,6.0,436000.0,1.55,3.96,5.2,2.41,2.85,29.13,,,2.99,5905.5,732452.0,255.77517700195312,1.26,,,,46.3,88.22,
2003-04-11,183.2,192.5,136.8,77.593,78.561,6.0,417000.0,1.65,4.0,5.19,2.35,2.83,24.44,,,2.93,5905.5,727826.0,255.77517700195312,1.26,,,,46.3,87.15,
2003-04-18,183.2,192.5,136.8,77.593,78.561,6.0,434000.0,1.71,3.98,5.12,2.27,2.8,21.5,,,2.86,5905.5,745838.0,255.77517700195312,1.26,,,,46.3,89.56,
2003-04-25,183.2,192.5,136.8,77.593,78.561,6.0,450000.0,1.57,3.91,5.04,2.34,2.77,20.8,,,2.82,5905.5,732222.0,255.77517700195312,1.26,,,,46.3,90.23,
2003-05-02,182.9,192.9,136.7,77.504,78.674,6.1,444000.0,1.56,3.94,5.05,2.38,2.82,20.63,,,2.73,5965.3,746294.0,162.1218719482422,1.26,,,,46.1,93.21,
2003-05-09,182.9,192.9,136.7,77.504,78.674,6.1,428000.0,1.45,3.69,4.95,2.24,2.58,19.69,,,2.81,5965.3,733466.0,162.1218719482422,1.26,,,,46.1,93.73,
2003-05-16,182.9,192.9,136.7,77.504,78.674,6.1,417000.0,1.38,3.46,4.67,2.08,2.41,18.4,,,2.84,5965.3,740371.0,162.1218719482422,1.26,,,,46.1,94.87,
2003-05-23,182.9,192.9,136.7,77.504,78.674,6.1,425000.0,1.38,3.34,4.44,1.96,2.26,19.17,,,2.81,5965.3,734699.0,162.1218719482422,1.26,,,,46.1,93.76,
2003-05-30,182.9,192.9,136.7,77.504,78.674,6.1,419000.0,1.33,3.37,4.59,2.04,2.26,19.47,,,2.85,5965.3,744896.0,162.1218719482422,1.26,,,,46.1,96.95,
2003-06-06,183.1,193.0,138.0,77.588,78.718,6.3,431000.0,1.27,3.37,4.66,2.1,2.32,21.25,,,2.83,6002.2,731667.0,145.7697296142578,1.22,,,,49.0,99.26,
2003-06-13,183.1,193.0,138.0,77.588,78.718,6.3,429000.0,1.1,3.13,4.42,2.03,2.27,20.66,,,2.88,6002.2,743236.0,145.7697296142578,1.22,,,,49.0,99.56,
2003-06-20,183.1,193.0,138.0,77.588,78.718,6.3,421000.0,1.22,3.4,4.7,2.18,2.57,19.14,,,2.86,6002.2,735926.0,145.7697296142578,1.22,,,,49.0,99.44,
2003-06-27,183.1,193.0,138.0,77.588,78.718,6.3,408000.0,1.38,3.58,4.83,2.2,2.71,19.16,,,2.8,6002.2,744018.0,145.7697296142578,1.22,,,,49.0,97.66,
2003-07-04,183.7,193.4,137.7,77.816,78.915,6.2,429000.0,1.32,3.67,4.93,2.35,2.8,19.39,,,2.72,6049.1,740126.0,134.89891052246094,1.01,,,,49.0,98.74,
2003-07-11,183.7,193.4,137.7,77.816,78.915,6.2,433000.0,1.29,3.66,4.94,2.37,2.77,18.47,,,2.73,6049.1,744430.0,134.89891052246094,1.01,,,,49.0,100.24,
2003-07-18,183.7,193.4,137.7,77.816,78.915,6.2,412000.0,1.51,4.0,5.09,2.49,3.09,19.11,,,2.61,6049.1,737765.0,134.89891052246094,1.01,,,,49.0,99.51,
2003-07-25,183.7,193.4,137.7,77.816,78.915,6.2,403000.0,1.52,4.22,5.31,2.7,3.29,17.75,,,2.57,6049.1,745665.0,134.89891052246094,1.01,,,,49.0,100.23,
2003-08-01,184.5,193.6,138.0,78.079,79.004,6.1,398000.0,1.85,4.44,5.47,2.59,3.49,20.75,,,2.57,6107.1,740295.0,138.23092651367188,1.03,,,,51.0,98.51,
2003-08-08,184.5,193.6,138.0,78.079,79.004,6.1,401000.0,1.72,4.27,5.4,2.55,3.31,19.59,,,2.69,6107.1,734018.0,138.23092651367188,1.03,,,,51.0,98.28,
2003-08-15,184.5,193.6,138.0,78.079,79.004,6.1,404000.0,1.85,4.55,5.57,2.7,3.6,18.27,,,2.55,6107.1,735386.0,138.23092651367188,1.03,,,,51.0,99.62,
2003-08-22,184.5,193.6,138.0,78.079,79.004,6.1,398000.0,1.97,4.48,5.4,2.51,3.5,18.55,,,2.49,6107.1,750825.0,138.23092651367188,1.03,,,,51.0,99.77,
2003-08-29,184.5,193.6,138.0,78.079,79.004,6.1,391000.0,1.95,4.45,5.3,2.5,3.47,18.63,,,2.46,6107.1,740637.0,138.23092651367188,1.03,,,,51.0,101.44,
2003-09-05,185.1,193.7,138.5,78.323,79.114,6.1,407000.0,1.72,4.35,5.32,2.63,3.39,18.17,,,2.52,6079.7,750461.0,118.19628143310548,1.01,,,,53.2,102.83,
2003-09-12,185.1,193.7,138.5,78.323,79.114,6.1,422000.0,1.66,4.27,5.33,2.61,3.31,18.68,,,2.56,6079.7,737234.0,118.19628143310548,1.01,,,,53.2,102.45,
2003-09-19,185.1,193.7,138.5,78.323,79.114,6.1,394000.0,1.7,4.17,5.2,2.47,3.22,17.54,,,2.52,6079.7,743939.0,118.19628143310548,1.01,,,,53.2,103.67,
2003-09-26,185.1,193.7,138.5,78.323,79.114,6.1,379000.0,1.6,4.04,5.11,2.44,3.1,22.23,,,2.55,6079.7,741193.0,118.19628143310548,1.01,,,,53.2,99.95,
2003-10-03,184.9,194.0,139.3,78.333,79.26,6.0,387000.0,1.65,4.21,5.23,2.56,3.27,19.5,,,2.52,6070.0,753155.0,108.3173828125,1.01,,,,52.4,103.39,
2003-10-10,184.9,194.0,139.3,78.333,79.26,6.0,386000.0,1.65,4.29,5.34,2.64,3.37,18.45,,,2.48,6070.0,737108.0,108.3173828125,1.01,,,,52.4,104.57,
2003-10-17,184.9,194.0,139.3,78.333,79.26,6.0,376000.0,1.9,4.41,5.37,2.51,3.48,17.62,,,2.38,6070.0,754229.0,108.3173828125,1.01,,,,52.4,104.26,
2003-10-24,184.9,194.0,139.3,78.333,79.26,6.0,387000.0,1.76,4.24,5.27,2.48,3.29,17.71,,,2.42,6070.0,743578.0,108.3173828125,1.01,,,,52.4,103.58,
2003-10-31,184.9,194.0,139.3,78.333,79.26,6.0,379000.0,1.85,4.33,5.28,2.48,3.37,16.1,,,2.36,6070.0,747272.0,108.3173828125,1.01,,,,55.2,105.3,
2003-11-07,185.0,194.0,138.9,78.432,79.368,5.8,363000.0,2.04,4.48,5.38,2.44,3.52,16.93,,,2.32,6075.5,744116.0,118.0866928100586,1.0,,,,55.2,105.61,
2003-11-14,185.0,194.0,138.9,78.432,79.368,5.8,371000.0,1.84,4.22,5.21,2.38,3.27,16.94,,,2.37,6075.5,745604.0,118.0866928100586,1.0,,,,55.2,105.46,
2003-11-21,185.0,194.0,138.9,78.432,79.368,5.8,370000.0,1.84,4.15,5.13,2.31,3.21,18.98,,,2.39,6075.5,744521.0,118.0866928100586,1.0,,,,55.2,104.21,
2003-11-28,185.0,194.0,138.9,78.432,79.368,5.8,354000.0,2.06,4.34,5.23,2.28,3.41,16.32,,,2.33,6075.5,756964.0,118.0866928100586,1.0,,,,55.2,106.45,
2003-12-05,185.5,194.2,139.5,78.605,79.467,5.7,357000.0,1.88,4.23,5.2,2.35,3.31,17.09,,,2.33,6073.8,749981.0,129.46507263183594,0.98,,,,58.4,106.85,
2003-12-12,185.5,194.2,139.5,78.605,79.467,5.7,367000.0,1.84,4.26,5.23,2.42,3.35,16.41,,,2.34,6073.8,756585.0,129.46507263183594,0.98,,,,58.4,108.14,
2003-12-19,185.5,194.2,139.5,78.605,79.467,5.7,363000.0,1.82,4.15,5.11,2.33,3.27,16.42,,,2.33,6073.8,753919.0,129.46507263183594,0.98,,,,58.4,108.9,
2003-12-26,185.5,194.2,139.5,78.605,79.467,5.7,354000.0,1.82,4.17,5.15,2.35,3.3,17.45,,,2.33,6073.8,767012.0,129.46507263183594,0.98,,,,58.4,109.7,
2004-01-02,186.3,194.6,141.4,78.909,79.671,5.7,349000.0,1.94,4.38,5.3,2.44,3.45,18.22,,,2.32,6082.1,771551.0,113.46759033203124,1.0,,,,60.1,111.23,
2004-01-09,186.3,194.6,141.4,78.909,79.671,5.7,356000.0,1.68,4.11,5.14,2.43,3.24,16.75,,,2.31,6082.1,755829.0,113.46759033203124,1.0,,,,60.1,112.39,
2004-01-16,186.3,194.6,141.4,78.909,79.671,5.7,354000.0,1.7,4.04,5.04,2.34,3.15,15.0,,,2.3,6082.1,752812.0,113.46759033203124,1.0,,,,60.1,114.23,
2004-01-23,186.3,194.6,141.4,78.909,79.671,5.7,362000.0,1.71,4.09,5.08,2.38,3.19,14.84,,,2.3,6082.1,775833.0,113.46759033203124,1.0,,,,60.1,114.43,
2004-01-30,186.3,194.6,141.4,78.909,79.671,5.7,353000.0,1.84,4.16,5.11,2.32,3.24,16.63,,,2.19,6082.1,755279.0,113.46759033203124,1.0,,,,60.1,113.48,
2004-02-06,186.7,194.9,142.1,79.077,79.8,5.6,376000.0,1.77,4.12,5.08,2.35,3.19,16.0,,,2.16,6121.8,754153.0,115.0759735107422,1.01,,,,60.8,114.45,
2004-02-13,186.7,194.9,142.1,79.077,79.8,5.6,380000.0,1.7,4.05,5.08,2.35,3.13,15.58,,,2.2,6121.8,750999.0,115.0759735107422,1.01,,,,60.8,115.13,
2004-02-20,186.7,194.9,142.1,79.077,79.8,5.6,356000.0,1.75,4.1,5.09,2.35,3.16,16.04,,,2.18,6121.8,758759.0,115.0759735107422,1.01,,,,60.8,114.88,
2004-02-27,186.7,194.9,142.1,79.077,79.8,5.6,359000.0,1.66,3.99,5.01,2.33,3.03,14.55,,,2.21,6121.8,750666.0,115.0759735107422,1.01,,,,60.8,115.02,
2004-03-05,187.1,195.5,143.1,79.199,79.934,5.8,348000.0,1.57,3.85,4.91,2.28,2.91,14.48,,,2.25,6157.9,754867.0,138.53207397460938,1.0,,,,59.9,116.38,
2004-03-12,187.1,195.5,143.1,79.199,79.934,5.8,344000.0,1.54,3.78,4.89,2.24,2.82,18.3,,,2.31,6157.9,749950.0,138.53207397460938,1.0,,,,59.9,112.58,
2004-03-19,187.1,195.5,143.1,79.199,79.934,5.8,338000.0,1.56,3.8,4.89,2.24,2.86,19.15,,,2.3,6157.9,760638.0,138.53207397460938,1.0,,,,59.9,111.06,
2004-03-26,187.1,195.5,143.1,79.199,79.934,5.8,346000.0,1.59,3.85,4.91,2.26,2.9,17.33,,,2.31,6157.9,751510.0,138.53207397460938,1.0,,,,59.9,111.03,
2004-04-02,187.4,195.9,144.8,79.346,80.142,5.6,340000.0,1.86,4.15,5.13,2.29,3.2,15.64,,,2.17,6198.9,760725.0,149.6313934326172,1.0,,,,60.6,114.64,
2004-04-09,187.4,195.9,144.8,79.346,80.142,5.6,335000.0,1.88,4.21,5.17,2.33,3.28,16.26,,,2.15,6198.9,754083.0,149.6313934326172,1.0,,,,60.6,114.37,
2004-04-16,187.4,195.9,144.8,79.346,80.142,5.6,355000.0,2.03,4.37,5.31,2.34,3.43,14.94,,,2.11,6198.9,763734.0,149.6313934326172,1.0,,,,60.6,113.83,
2004-04-23,187.4,195.9,144.8,79.346,80.142,5.6,364000.0,2.29,4.48,5.38,2.19,3.5,14.01,,,2.07,6198.9,757984.0,149.6313934326172,1.0,,,,60.6,114.36,
2004-04-30,187.4,195.9,144.8,79.346,80.142,5.6,339000.0,2.31,4.53,5.39,2.22,3.55,17.19,,,2.05,6198.9,772927.0,149.6313934326172,1.0,,,,60.6,110.96,
2004-05-07,188.2,196.2,146.8,79.604,80.252,5.6,324000.0,2.64,4.79,5.53,2.15,3.72,18.13,,,1.97,6275.7,758838.0,121.0911865234375,1.0,,,,60.6,109.96,
2004-05-14,188.2,196.2,146.8,79.604,80.252,5.6,329000.0,2.59,4.79,5.59,2.2,3.8,18.47,,,2.03,6275.7,764835.0,121.0911865234375,1.0,,,,60.6,110.04,
2004-05-21,188.2,196.2,146.8,79.604,80.252,5.6,349000.0,2.6,4.76,5.53,2.16,3.73,18.49,,,2.03,6275.7,756874.0,121.0911865234375,1.0,,,,60.6,109.81,
2004-05-28,188.2,196.2,146.8,79.604,80.252,5.6,342000.0,2.54,4.66,5.42,2.12,3.58,15.5,,,2.03,6275.7,771108.0,121.0911865234375,1.0,,,,60.6,112.86,
2004-06-04,188.9,196.6,147.2,79.831,80.379,5.6,337000.0,2.7,4.78,5.54,2.08,3.57,16.78,,,2.06,6277.9,764090.0,137.23391723632812,1.03,,,,61.4,112.98,
2004-06-11,188.9,196.6,147.2,79.831,80.379,5.6,355000.0,2.81,4.81,5.51,2.0,3.51,15.04,,,2.03,6277.9,772187.0,137.23391723632812,1.03,,,,61.4,114.35,
2004-06-18,188.9,196.6,147.2,79.831,80.379,5.6,339000.0,2.81,4.72,5.46,1.91,3.43,14.99,,,2.03,6277.9,761834.0,137.23391723632812,1.03,,,,61.4,113.63,
2004-06-25,188.9,196.6,147.2,79.831,80.379,5.6,354000.0,2.74,4.66,5.41,1.92,3.35,15.19,,,2.07,6277.9,775261.0,137.23391723632812,1.03,,,,61.4,113.84,
2004-07-02,189.1,196.8,147.4,79.905,80.474,5.5,348000.0,2.54,4.48,5.3,1.94,3.18,15.08,,,2.13,6291.1,779578.0,131.0198516845703,1.26,,,,60.5,112.88,
2004-07-09,189.1,196.8,147.4,79.905,80.474,5.5,326000.0,2.55,4.49,5.31,1.94,3.21,15.78,,,2.14,6291.1,778163.0,131.0198516845703,1.26,,,,60.5,111.73,
2004-07-16,189.1,196.8,147.4,79.905,80.474,5.5,345000.0,2.54,4.38,5.22,1.84,3.03,14.34,,,2.15,6291.1,775536.0,131.0198516845703,1.26,,,,60.5,110.71,
2004-07-23,189.1,196.8,147.4,79.905,80.474,5.5,355000.0,2.69,4.45,5.27,1.76,3.07,16.5,,,2.13,6291.1,776764.0,131.0198516845703,1.26,,,,60.5,108.96,
2004-07-30,189.1,196.8,147.4,79.905,80.474,5.5,348000.0,2.68,4.5,5.31,1.82,3.05,15.32,,,2.1,6291.1,773916.0,131.0198516845703,1.26,,,,60.5,110.84,
2004-08-06,189.2,196.9,148.0,79.946,80.505,5.4,341000.0,2.4,4.24,5.13,1.84,2.8,19.34,,,2.22,6317.8,772085.0,140.36582946777344,1.43,,,,59.9,106.85,
2004-08-13,189.2,196.9,148.0,79.946,80.505,5.4,336000.0,2.47,4.22,5.11,1.75,2.78,17.98,,,2.2,6317.8,769265.0,140.36582946777344,1.43,,,,59.9,107.19,
2004-08-20,189.2,196.9,148.0,79.946,80.505,5.4,332000.0,2.46,4.24,5.14,1.78,2.75,16.0,,,2.19,6317.8,767595.0,140.36582946777344,1.43,,,,59.9,110.48,
2004-08-27,189.2,196.9,148.0,79.946,80.505,5.4,343000.0,2.48,4.23,5.1,1.75,2.67,14.71,,,2.18,6317.8,775437.0,140.36582946777344,1.43,,,,59.9,111.45,
2004-09-03,189.8,197.5,147.7,80.104,80.656,5.4,352000.0,2.61,4.3,5.14,1.69,2.65,13.91,,,2.15,6352.2,785273.0,153.87161254882812,1.61,,,,58.5,112.12,
2004-09-10,189.8,197.5,147.7,80.104,80.656,5.4,326000.0,2.5,4.19,5.05,1.69,2.53,13.76,,,2.16,6352.2,788602.0,153.87161254882812,1.61,,,,58.5,113.06,
2004-09-17,189.8,197.5,147.7,80.104,80.656,5.4,331000.0,2.53,4.14,4.99,1.61,2.43,14.03,,,2.13,6352.2,789128.0,153.87161254882812,1.61,,,,58.5,113.15,
2004-09-24,189.8,197.5,147.7,80.104,80.656,5.4,341000.0,2.62,4.04,4.87,1.42,2.31,14.28,,,2.12,6352.2,782124.0,153.87161254882812,1.61,,,,58.5,111.46,
2004-10-01,190.8,197.9,150.0,80.448,80.831,5.5,351000.0,2.63,4.21,5.06,1.58,2.5,12.75,,,2.09,6379.8,786330.0,119.86279296875,1.76,,,,57.4,113.65,
2004-10-08,190.8,197.9,150.0,80.448,80.831,5.5,335000.0,2.61,4.15,4.98,1.54,2.44,15.05,,,2.1,6379.8,781777.0,119.86279296875,1.76,,,,57.4,112.51,
2004-10-15,190.8,197.9,150.0,80.448,80.831,5.5,338000.0,2.53,4.07,4.92,1.54,2.31,15.04,,,2.12,6379.8,795483.0,119.86279296875,1.76,,,,57.4,111.26,
2004-10-22,190.8,197.9,150.0,80.448,80.831,5.5,327000.0,2.55,4.0,4.87,1.45,2.15,15.28,,,2.12,6379.8,784954.0,119.86279296875,1.76,,,,57.4,109.99,
2004-10-29,190.8,197.9,150.0,80.448,80.831,5.5,338000.0,2.56,4.05,4.87,1.49,2.14,16.27,,,2.09,6379.8,791336.0,119.86279296875,1.76,,,,57.4,113.2,
2004-11-05,191.7,198.3,151.4,80.758,81.005,5.4,332000.0,2.8,4.21,4.99,1.41,2.18,13.84,,,2.02,6406.3,790552.0,122.70738983154295,1.93,,,,56.3,117.28,
2004-11-12,191.7,198.3,151.4,80.758,81.005,5.4,330000.0,2.86,4.2,4.96,1.34,2.12,13.33,,,2.02,6406.3,800473.0,122.70738983154295,1.93,,,,56.3,118.79,
2004-11-19,191.7,198.3,151.4,80.758,81.005,5.4,337000.0,2.95,4.2,4.93,1.25,2.05,13.5,,,1.99,6406.3,794090.0,122.70738983154295,1.93,,,,56.3,117.42,
2004-11-26,191.7,198.3,151.4,80.758,81.005,5.4,313000.0,3.03,4.24,4.94,1.21,2.03,12.79,,,1.96,6406.3,809956.0,122.70738983154295,1.93,,,,56.3,118.35,
2004-12-03,191.7,198.6,150.2,80.801,81.109,5.4,335000.0,2.94,4.27,4.99,1.33,2.06,12.96,,,1.96,6424.5,807063.0,109.89522552490234,2.16,,,,56.2,119.25,
2004-12-10,191.7,198.6,150.2,80.801,81.109,5.4,343000.0,2.95,4.16,4.87,1.21,1.91,12.76,,,1.95,6424.5,808495.0,109.89522552490234,2.16,,,,56.2,119.33,
2004-12-17,191.7,198.6,150.2,80.801,81.109,5.4,316000.0,3.03,4.21,4.89,1.18,2.01,11.95,,,1.92,6424.5,807028.0,109.89522552490234,2.16,,,,56.2,119.44,
2004-12-24,191.7,198.6,150.2,80.801,81.109,5.4,322000.0,3.02,4.23,4.9,1.21,2.04,11.23,,,1.91,6424.5,811333.0,109.89522552490234,2.16,,,,56.2,120.77,
2004-12-31,191.7,198.6,150.2,80.801,81.109,5.4,320000.0,3.08,4.24,4.86,1.16,2.02,13.29,,,1.86,6424.5,810944.0,109.89522552490234,2.16,,,,57.2,120.87,
2005-01-07,191.6,199.0,150.9,80.907,81.401,5.3,356000.0,3.2,4.29,4.88,1.09,1.97,13.49,,,1.83,6430.8,815702.0,100.88758850097656,2.28,,,,57.2,118.44,
2005-01-14,191.6,199.0,150.9,80.907,81.401,5.3,369000.0,3.24,4.23,4.78,0.99,1.86,12.43,,,1.79,6430.8,798455.0,100.88758850097656,2.28,,,,57.2,118.24,
2005-01-21,191.6,199.0,150.9,80.907,81.401,5.3,332000.0,3.16,4.16,4.7,1.0,1.8,14.36,,,1.79,6430.8,806960.0,100.88758850097656,2.28,,,,57.2,116.78,
2005-01-28,191.6,199.0,150.9,80.907,81.401,5.3,329000.0,3.25,4.16,4.64,0.91,1.7,13.24,,,1.75,6430.8,807262.0,100.88758850097656,2.28,,,,57.2,117.43,
2005-02-04,192.4,199.4,151.6,81.132,81.536,5.4,331000.0,3.29,4.09,4.48,0.8,1.62,11.21,,,1.69,6438.9,804746.0,108.97796630859376,2.5,,,,56.8,120.23,
2005-02-11,192.4,199.4,151.6,81.132,81.536,5.4,307000.0,3.34,4.1,4.52,0.76,1.55,11.43,,,1.65,6438.9,797299.0,108.97796630859376,2.5,,,,56.8,120.77,
2005-02-18,192.4,199.4,151.6,81.132,81.536,5.4,308000.0,3.45,4.27,4.65,0.82,1.66,11.18,,,1.62,6438.9,795606.0,108.97796630859376,2.5,,,,56.8,120.39,
2005-02-25,192.4,199.4,151.6,81.132,81.536,5.4,318000.0,3.54,4.27,4.61,0.73,1.53,11.49,,,1.62,6438.9,804576.0,108.97796630859376,2.5,,,,56.8,121.43,
2005-03-04,193.1,200.1,153.7,81.375,81.737,5.2,314000.0,3.57,4.32,4.66,0.75,1.56,11.94,,,1.57,6448.3,801252.0,90.41048431396484,2.63,,,,55.5,122.73,
2005-03-11,193.1,200.1,153.7,81.375,81.737,5.2,333000.0,3.73,4.56,4.8,0.83,1.8,12.8,,,1.48,6448.3,799250.0,90.41048431396484,2.63,,,,55.5,120.39,
2005-03-18,193.1,200.1,153.7,81.375,81.737,5.2,324000.0,3.72,4.51,4.8,0.79,1.7,13.14,,,1.59,6448.3,807211.0,90.41048431396484,2.63,,,,55.5,118.54,
2005-03-25,193.1,200.1,153.7,81.375,81.737,5.2,329000.0,3.88,4.6,4.84,0.72,1.76,13.42,,,1.58,6448.3,797094.0,90.41048431396484,2.63,,,,55.5,117.14,
2005-04-01,193.7,200.2,155.0,81.603,81.831,5.2,342000.0,3.75,4.46,4.72,0.71,1.66,14.09,,,1.65,6461.8,807551.0,87.03240203857422,2.79,,,,55.2,117.43,
2005-04-08,193.7,200.2,155.0,81.603,81.831,5.2,335000.0,3.77,4.5,4.77,0.73,1.71,12.62,,,1.64,6461.8,797327.0,87.03240203857422,2.79,,,,55.2,118.0,
2005-04-15,193.7,200.2,155.0,81.603,81.831,5.2,323000.0,3.54,4.27,4.66,0.73,1.48,17.74,,,1.78,6461.8,805707.0,87.03240203857422,2.79,,,,55.2,114.15,
2005-04-22,193.7,200.2,155.0,81.603,81.831,5.2,307000.0,3.62,4.26,4.6,0.64,1.33,15.38,,,1.74,6461.8,801793.0,87.03240203857422,2.79,,,,55.2,115.57,
2005-04-29,193.7,200.2,155.0,81.603,81.831,5.2,317000.0,3.66,4.21,4.53,0.55,1.31,15.31,,,1.76,6461.8,809797.0,87.03240203857422,2.79,,,,55.2,115.75,
2005-05-06,193.6,200.5,154.3,81.649,81.999,5.1,334000.0,3.73,4.28,4.62,0.55,1.41,14.05,,,1.82,6479.0,802412.0,98.20596313476562,3.0,,,,52.2,117.09,
2005-05-13,193.6,200.5,154.3,81.649,81.999,5.1,327000.0,3.61,4.12,4.48,0.51,1.29,16.32,,,1.88,6479.0,808378.0,98.20596313476562,3.0,,,,52.2,115.72,
2005-05-20,193.6,200.5,154.3,81.649,81.999,5.1,321000.0,3.69,4.13,4.44,0.44,1.23,13.14,,,1.89,6479.0,801546.0,98.20596313476562,3.0,,,,52.2,119.12,
2005-05-27,193.6,200.5,154.3,81.649,81.999,5.1,320000.0,3.64,4.08,4.45,0.44,1.11,12.15,,,1.91,6479.0,810160.0,98.20596313476562,3.0,,,,52.2,120.25,
2005-06-03,193.7,200.6,154.3,81.7,82.056,5.0,340000.0,3.57,3.98,4.26,0.41,0.97,12.15,,,1.84,6511.7,817335.0,81.12405395507812,3.04,,,,50.8,120.15,
2005-06-10,193.7,200.6,154.3,81.7,82.056,5.0,338000.0,3.71,4.05,4.3,0.34,1.04,11.96,,,1.84,6511.7,814172.0,81.12405395507812,3.04,,,,50.8,120.2,
2005-06-17,193.7,200.6,154.3,81.7,82.056,5.0,333000.0,3.72,4.09,4.35,0.37,1.1,11.48,,,1.85,6511.7,811198.0,81.12405395507812,3.04,,,,50.8,121.36,
2005-06-24,193.7,200.6,154.3,81.7,82.056,5.0,321000.0,3.59,3.92,4.23,0.33,0.83,12.18,,,1.89,6511.7,810429.0,81.12405395507812,3.04,,,,50.8,118.98,
2005-07-01,194.9,200.9,156.3,82.046,82.176,5.0,311000.0,3.76,4.06,4.28,0.3,0.89,11.4,,,1.83,6543.5,810082.0,165.90191650390625,3.26,,,,52.4,119.53,
2005-07-08,194.9,200.9,156.3,82.046,82.176,5.0,327000.0,3.78,4.11,4.33,0.33,0.94,11.45,,,1.83,6543.5,821556.0,165.90191650390625,3.26,,,,52.4,121.32,
2005-07-15,194.9,200.9,156.3,82.046,82.176,5.0,338000.0,3.86,4.18,4.39,0.32,0.92,10.33,,,1.77,6543.5,808861.0,165.90191650390625,3.26,,,,52.4,122.84,
2005-07-22,194.9,200.9,156.3,82.046,82.176,5.0,323000.0,3.92,4.23,4.39,0.31,0.85,10.52,,,1.75,6543.5,816804.0,165.90191650390625,3.26,,,,52.4,123.54,
2005-07-29,194.9,200.9,156.3,82.046,82.176,5.0,318000.0,4.02,4.28,4.42,0.26,0.86,11.57,,,1.67,6543.5,814259.0,165.90191650390625,3.26,,,,52.4,123.74,
2005-08-05,196.1,201.1,157.6,82.377,82.243,4.9,316000.0,4.11,4.4,4.56,0.29,0.88,12.48,,,1.67,6576.3,818841.0,116.2276611328125,3.5,,,,52.8,122.88,
2005-08-12,196.1,201.1,157.6,82.377,82.243,4.9,311000.0,4.05,4.24,4.42,0.19,0.72,12.74,,,1.71,6576.3,808544.0,116.2276611328125,3.5,,,,52.8,123.06,
2005-08-19,196.1,201.1,157.6,82.377,82.243,4.9,319000.0,4.03,4.21,4.4,0.18,0.69,13.42,,,1.72,6576.3,813774.0,116.2276611328125,3.5,,,,52.8,122.47,
2005-08-26,196.1,201.1,157.6,82.377,82.243,4.9,315000.0,4.06,4.2,4.38,0.14,0.65,13.72,,,1.69,6576.3,811313.0,116.2276611328125,3.5,,,,52.8,120.76,
2005-09-02,198.8,201.3,162.2,83.172,82.425,5.0,318000.0,3.75,4.03,4.26,0.28,0.57,13.57,,,1.84,6610.1,823237.0,103.8076629638672,3.62,,,,52.4,122.27,
2005-09-09,198.8,201.3,162.2,83.172,82.425,5.0,326000.0,3.88,4.14,4.36,0.26,0.65,11.98,,,1.82,6610.1,822500.0,103.8076629638672,3.62,,,,52.4,124.6,
2005-09-16,198.8,201.3,162.2,83.172,82.425,5.0,422000.0,3.97,4.26,4.56,0.29,0.76,11.22,,,1.85,6610.1,823590.0,103.8076629638672,3.62,,,,52.4,123.5,
2005-09-23,198.8,201.3,162.2,83.172,82.425,5.0,424000.0,4.02,4.25,4.47,0.23,0.77,12.96,,,1.83,6610.1,812926.0,103.8076629638672,3.62,,,,52.4,121.44,
2005-09-30,198.8,201.3,162.2,83.172,82.425,5.0,359000.0,4.18,4.34,4.53,0.16,0.79,11.92,,,1.81,6610.1,823771.0,103.8076629638672,3.62,,,,56.8,123.04,
2005-10-07,199.1,202.0,166.2,83.305,82.662,5.0,384000.0,4.18,4.35,4.53,0.17,0.72,14.59,,,1.82,6643.9,817137.0,87.06182861328125,3.78,,,,56.8,119.61,
2005-10-14,199.1,202.0,166.2,83.305,82.662,5.0,383000.0,4.27,4.48,4.67,0.21,0.7,14.87,,,1.87,6643.9,826306.0,87.06182861328125,3.78,,,,56.8,118.67,
2005-10-21,199.1,202.0,166.2,83.305,82.662,5.0,348000.0,4.22,4.39,4.58,0.17,0.52,16.13,,,1.85,6643.9,814281.0,87.06182861328125,3.78,,,,56.8,118.13,
2005-10-28,199.1,202.0,166.2,83.305,82.662,5.0,324000.0,4.4,4.58,4.74,0.18,0.65,14.25,,,1.83,6643.9,819105.0,87.06182861328125,3.78,,,,56.8,119.8,
2005-11-04,198.1,202.5,163.7,83.131,82.873,5.0,322000.0,4.47,4.66,4.84,0.19,0.68,13.17,,,1.82,6660.7,814571.0,83.48009490966797,4.0,,,,57.2,122.11,
2005-11-11,198.1,202.5,163.7,83.131,82.873,5.0,325000.0,4.44,4.55,4.74,0.11,0.58,11.63,,,1.84,6660.7,824991.0,83.48009490966797,4.0,,,,57.2,123.76,
2005-11-18,198.1,202.5,163.7,83.131,82.873,5.0,309000.0,4.4,4.5,4.68,0.1,0.49,11.12,,,1.86,6660.7,823263.0,83.48009490966797,4.0,,,,57.2,125.13,
2005-11-25,198.1,202.5,163.7,83.131,82.873,5.0,324000.0,4.33,4.43,4.66,0.1,0.48,10.88,,,1.91,6660.7,833124.0,83.48009490966797,4.0,,,,57.2,127.13,
2005-12-02,198.1,202.8,163.0,83.131,82.959,4.9,311000.0,4.43,4.52,4.68,0.09,0.53,11.01,,,1.87,6687.8,835059.0,95.35025024414062,4.16,,,,56.7,126.85,
2005-12-09,198.1,202.8,163.0,83.131,82.959,4.9,321000.0,4.43,4.54,4.72,0.11,0.6,11.69,,,1.88,6687.8,833250.0,95.35025024414062,4.16,,,,56.7,126.33,
2005-12-16,198.1,202.8,163.0,83.131,82.959,4.9,327000.0,4.37,4.45,4.63,0.08,0.52,10.68,,,1.85,6687.8,830950.0,95.35025024414062,4.16,,,,56.7,126.36,
2005-12-23,198.1,202.8,163.0,83.131,82.959,4.9,312000.0,4.37,4.38,4.52,0.01,0.39,10.27,,,1.83,6687.8,848317.0,95.35025024414062,4.16,,,,56.7,126.76,
2005-12-30,198.1,202.8,163.0,83.131,82.959,4.9,320000.0,4.41,4.39,4.51,-0.02,0.31,12.07,,,1.82,6687.8,847700.0,95.35025024414062,4.16,,,,56.7,124.51,
2006-01-06,199.3,203.2,164.3,83.534,83.145,4.7,302000.0,4.36,4.38,4.53,0.02,0.16,11.0,,,1.84,6730.1,851856.0,94.51001739501952,4.29,100.0241,,,55.1,128.44,
2006-01-13,199.3,203.2,164.3,83.534,83.145,4.7,326000.0,4.34,4.36,4.49,0.02,0.03,11.23,,,1.82,6730.1,829357.0,94.51001739501952,4.29,99.9675,,,55.1,128.68,
2006-01-20,199.3,203.2,164.3,83.534,83.145,4.7,285000.0,4.37,4.37,4.54,0.0,0.02,14.56,,,1.81,6730.1,836042.0,94.51001739501952,4.29,99.9017,,,55.1,125.97,
2006-01-27,199.3,203.2,164.3,83.534,83.145,4.7,290000.0,4.51,4.52,4.7,0.01,0.07,11.97,,,1.78,6730.1,828901.0,94.51001739501952,4.29,99.6433,,,55.1,128.54,
2006-02-03,199.4,203.6,161.8,83.584,83.279,4.8,282000.0,4.59,4.54,4.64,-0.05,0.06,12.96,,,1.72,6754.7,831808.0,95.85819244384766,4.49,100.118,,,55.0,126.27,
2006-02-10,199.4,203.6,161.8,83.584,83.279,4.8,289000.0,4.69,4.59,4.55,-0.1,0.06,12.87,,,1.71,6754.7,827613.0,95.85819244384766,4.49,100.322,,,55.0,126.64,
2006-02-17,199.4,203.6,161.8,83.584,83.279,4.8,298000.0,4.66,4.54,4.51,-0.12,0.0,12.01,,,1.7,6754.7,835240.0,95.85819244384766,4.49,100.3404,,,55.0,128.81,
2006-02-24,199.4,203.6,161.8,83.584,83.279,4.8,283000.0,4.74,4.58,4.52,-0.16,-0.02,11.46,,,1.64,6754.7,840555.0,95.85819244384766,4.49,100.2594,,,55.0,129.41,
2006-03-03,199.7,204.3,162.2,83.746,83.509,4.7,293000.0,4.76,4.68,4.66,-0.08,0.06,11.96,,,1.67,6769.3,839356.0,92.79762268066406,4.59,99.7024,,,55.8,128.76,
2006-03-10,199.7,204.3,162.2,83.746,83.509,4.7,302000.0,4.74,4.76,4.74,0.02,0.14,11.85,,,1.67,6769.3,839234.0,92.79762268066406,4.59,100.9566,,,55.8,128.59,
2006-03-17,199.7,204.3,162.2,83.746,83.509,4.7,307000.0,4.65,4.68,4.72,0.03,0.04,12.12,,,1.7,6769.3,843010.0,92.79762268066406,4.59,99.8614,,,55.8,130.62,
2006-03-24,199.7,204.3,162.2,83.746,83.509,4.7,303000.0,4.72,4.67,4.7,-0.05,0.02,11.19,,,1.7,6769.3,838003.0,92.79762268066406,4.59,100.7773,,,55.8,130.21,
2006-03-31,199.7,204.3,162.2,83.746,83.509,4.7,295000.0,4.82,4.86,4.9,0.04,0.23,11.39,,,1.69,6769.3,833675.0,92.79762268066406,4.59,100.56,,,54.3,129.83,
2006-04-07,200.7,204.8,164.3,84.135,83.764,4.7,291000.0,4.89,4.97,5.04,0.08,0.28,12.26,,,1.7,6806.9,834589.0,89.01580047607422,4.79,100.4187,,,54.3,129.54,
2006-04-14,200.7,204.8,164.3,84.135,83.764,4.7,299000.0,4.96,5.05,5.11,0.09,0.35,12.38,,,1.69,6806.9,836862.0,89.01580047607422,4.79,100.4697,,,54.3,128.71,
2006-04-21,200.7,204.8,164.3,84.135,83.764,4.7,299000.0,4.9,5.01,5.1,0.11,0.26,11.59,,,1.7,6806.9,836352.0,89.01580047607422,4.79,99.4345,,,54.3,131.15,
2006-04-28,200.7,204.8,164.3,84.135,83.764,4.7,308000.0,4.87,5.07,5.17,0.2,0.3,11.59,,,1.67,6806.9,844572.0,89.01580047607422,4.79,98.1412,,,54.3,131.47,
2006-05-05,201.3,205.4,165.8,84.361,83.974,4.6,321000.0,4.94,5.12,5.2,0.18,0.29,11.62,,,1.6,6813.7,843867.0,85.20877838134766,4.94,97.2585,,,55.2,132.52,
2006-05-12,201.3,205.4,165.8,84.361,83.974,4.6,347000.0,5.01,5.19,5.29,0.18,0.34,14.19,,,1.63,6813.7,838405.0,85.20877838134766,4.94,96.8788,,,55.2,129.24,
2006-05-19,201.3,205.4,165.8,84.361,83.974,4.6,335000.0,4.96,5.05,5.14,0.09,0.23,17.18,,,1.65,6813.7,838153.0,85.20877838134766,4.94,97.933,,,55.2,127.1,
2006-05-26,201.3,205.4,165.8,84.361,83.974,4.6,319000.0,4.96,5.06,5.16,0.1,0.22,14.26,,,1.67,6813.7,840251.0,85.20877838134766,4.94,97.8995,,,55.2,128.38,
2006-06-02,201.8,205.9,166.1,84.569,84.186,4.6,330000.0,4.92,5.0,5.1,0.08,0.19,14.32,,,1.67,6851.8,851580.0,102.57276916503906,4.99,97.5544,,,53.7,129.0,
2006-06-09,201.8,205.9,166.1,84.569,84.186,4.6,307000.0,5.01,4.98,5.03,-0.03,0.1,18.12,,,1.66,6851.8,849074.0,102.57276916503906,4.99,98.5471,,,53.7,125.35,
2006-06-16,201.8,205.9,166.1,84.569,84.186,4.6,298000.0,5.16,5.13,5.17,-0.03,0.25,17.25,,,1.67,6851.8,845869.0,102.57276916503906,4.99,98.9127,,,53.7,124.65,
2006-06-23,201.8,205.9,166.1,84.569,84.186,4.6,308000.0,5.27,5.23,5.26,-0.04,0.25,15.89,,,1.69,6851.8,844773.0,102.57276916503906,4.99,99.4216,,,53.7,124.44,
2006-06-30,201.8,205.9,166.1,84.569,84.186,4.6,309000.0,5.16,5.15,5.19,-0.01,0.14,13.08,,,1.67,6851.8,844436.0,102.57276916503906,4.99,98.2483,,,52.0,127.23,
2006-07-07,202.9,206.3,166.8,84.858,84.268,4.7,316000.0,5.17,5.14,5.18,-0.03,0.12,13.97,,,1.66,6893.6,851659.0,137.13482666015625,5.24,97.7508,,,52.0,126.61,
2006-07-14,202.9,206.3,166.8,84.858,84.268,4.7,343000.0,5.08,5.07,5.11,-0.01,0.01,18.05,,,1.69,6893.6,844391.0,137.13482666015625,5.24,98.6814,,,52.0,123.52,
2006-07-21,202.9,206.3,166.8,84.858,84.268,4.7,318000.0,5.08,5.05,5.1,-0.03,-0.05,17.4,,,1.69,6893.6,849894.0,137.13482666015625,5.24,98.5221,,,52.0,123.95,
2006-07-28,202.9,206.3,166.8,84.858,84.268,4.7,306000.0,4.98,5.0,5.07,0.02,-0.07,14.33,,,1.67,6893.6,841552.0,137.13482666015625,5.24,98.0539,,,52.0,127.98,
2006-08-04,203.8,206.8,167.9,85.125,84.44,4.7,311000.0,4.91,4.91,5.0,0.0,-0.18,14.34,,,1.69,6925.1,850263.0,147.08111572265625,5.25,97.6005,,,53.0,128.2,
2006-08-11,203.8,206.8,167.9,85.125,84.44,4.7,318000.0,4.96,4.97,5.09,0.01,-0.1,14.3,,,1.72,6925.1,840006.0,147.08111572265625,5.25,97.7863,,,53.0,127.01,
2006-08-18,203.8,206.8,167.9,85.125,84.44,4.7,310000.0,4.87,4.84,4.97,-0.03,-0.26,11.64,,,1.71,6925.1,842876.0,147.08111572265625,5.25,97.7577,,,53.0,130.69,
2006-08-25,203.8,206.8,167.9,85.125,84.44,4.7,315000.0,4.86,4.79,4.93,-0.07,-0.32,12.31,,,1.74,6925.1,837987.0,147.08111572265625,5.25,97.8827,,,53.0,129.81,
2006-09-01,202.8,207.2,165.4,84.902,84.573,4.5,314000.0,4.77,4.73,4.87,-0.04,-0.29,11.96,,,1.73,6952.4,850925.0,111.72425842285156,5.25,97.5084,,,53.7,131.42,
2006-09-08,202.8,207.2,165.4,84.902,84.573,4.5,315000.0,4.8,4.78,4.92,-0.02,-0.15,13.16,,,1.72,6952.4,848594.0,111.72425842285156,5.25,98.2119,,,53.7,130.28,
2006-09-15,202.8,207.2,165.4,84.902,84.573,4.5,314000.0,4.87,4.8,4.92,-0.07,-0.16,11.76,,,1.69,6952.4,840886.0,111.72425842285156,5.25,98.2104,,,53.7,131.96,
2006-09-22,202.8,207.2,165.4,84.902,84.573,4.5,324000.0,4.67,4.6,4.74,-0.07,-0.33,12.59,,,1.72,6952.4,838192.0,111.72425842285156,5.25,97.8667,,,53.7,131.47,
2006-09-29,202.8,207.2,165.4,84.902,84.573,4.5,319000.0,4.71,4.64,4.77,-0.07,-0.25,11.98,,,1.72,6952.4,849971.0,111.72425842285156,5.25,98.1054,,,53.7,133.58,
2006-10-06,201.9,207.6,162.2,84.702,84.726,4.4,309000.0,4.74,4.7,4.84,-0.04,-0.25,11.56,,,1.73,7001.7,842296.0,113.1352996826172,5.25,98.5619,,,52.2,135.01,
2006-10-13,201.9,207.6,162.2,84.702,84.726,4.4,316000.0,4.87,4.81,4.94,-0.06,-0.24,10.75,,,1.72,7001.7,859339.0,113.1352996826172,5.25,98.8002,,,52.2,136.63,
2006-10-20,201.9,207.6,162.2,84.702,84.726,4.4,305000.0,4.87,4.79,4.91,-0.08,-0.3,10.63,,,1.69,7001.7,844200.0,113.1352996826172,5.25,98.1629,,,52.2,136.84,
2006-10-27,201.9,207.6,162.2,84.702,84.726,4.4,313000.0,4.76,4.68,4.8,-0.08,-0.43,10.8,,,1.65,7001.7,852648.0,113.1352996826172,5.25,97.4914,,,52.2,137.91,
2006-11-03,202.0,207.8,164.6,84.731,84.766,4.5,328000.0,4.82,4.72,4.81,-0.1,-0.37,11.16,,,1.59,7037.2,855536.0,88.77892303466797,5.25,97.7209,0.91,,51.4,136.54,
2006-11-10,202.0,207.8,164.6,84.731,84.766,4.5,319000.0,4.73,4.59,4.69,-0.14,-0.51,10.79,,,1.61,7037.2,858630.0,88.77892303466797,5.25,97.4638,1.06,,51.4,138.24,
2006-11-17,202.0,207.8,164.6,84.731,84.766,4.5,311000.0,4.76,4.61,4.69,-0.15,-0.48,10.05,,,1.6,7037.2,855551.0,88.77892303466797,5.25,97.9855,0.78,,51.4,140.42,
2006-11-24,202.0,207.8,164.6,84.731,84.766,4.5,326000.0,4.73,4.55,4.63,-0.18,-0.49,10.73,,,1.6,7037.2,865126.0,88.77892303466797,5.25,97.0657,1.06,,51.4,140.35,
2006-12-01,203.1,208.1,165.6,85.032,84.88,4.4,349000.0,4.52,4.43,4.54,-0.09,-0.6,11.66,,,1.65,7080.1,856671.0,90.60655975341795,5.24,96.4585,0.91,,50.3,140.22,
2006-12-08,203.1,208.1,165.6,85.032,84.88,4.4,327000.0,4.68,4.56,4.66,-0.12,-0.41,12.07,,,1.63,7080.1,862178.0,90.60655975341795,5.24,96.6123,0.79,,50.3,141.42,
2006-12-15,203.1,208.1,165.6,85.032,84.88,4.4,311000.0,4.73,4.6,4.72,-0.13,-0.31,10.05,,,1.66,7080.1,853851.0,90.60655975341795,5.24,96.9857,0.74,,50.3,142.34,
2006-12-22,203.1,208.1,165.6,85.032,84.88,4.4,318000.0,4.71,4.63,4.76,-0.08,-0.36,11.36,,,1.67,7080.1,865010.0,90.60655975341795,5.24,97.1113,1.11,,50.3,140.75,
2006-12-29,203.1,208.1,165.6,85.032,84.88,4.4,323000.0,4.82,4.71,4.81,-0.11,-0.31,11.56,,,1.64,7080.1,869988.0,90.60655975341795,5.24,97.0312,0.88,,50.3,141.62,
2007-01-05,203.437,208.6,164.0,85.316,85.224,4.6,341000.0,4.76,4.65,4.74,-0.11,-0.4,12.14,,,1.6,7118.3,874626.0,97.9200439453125,5.25,97.7801,0.9,,51.4,140.54,
2007-01-12,203.437,208.6,164.0,85.316,85.224,4.6,330000.0,4.88,4.77,4.86,-0.11,-0.32,10.15,,,1.59,7118.3,854819.0,97.9200439453125,5.25,97.921,0.75,,51.4,143.24,
2007-01-19,203.437,208.6,164.0,85.316,85.224,4.6,296000.0,4.93,4.78,4.87,-0.15,-0.36,10.4,,,1.57,7118.3,859363.0,97.9200439453125,5.25,97.6868,0.84,,51.4,142.82,
2007-01-26,203.437,208.6,164.0,85.316,85.224,4.6,335000.0,4.99,4.88,4.98,-0.11,-0.25,11.13,,,1.56,7118.3,851755.0,97.9200439453125,5.25,98.1491,0.98,,51.4,142.16,
2007-02-02,204.226,209.135,166.8,85.581,85.408,4.5,308000.0,4.94,4.83,4.93,-0.11,-0.31,10.08,,,1.56,7134.3,865730.0,96.16935729980467,5.26,97.9743,0.98,,50.4,144.81,
2007-02-09,204.226,209.135,166.8,85.581,85.408,4.5,310000.0,4.92,4.79,4.87,-0.13,-0.36,11.1,,,1.54,7134.3,855057.0,96.16935729980467,5.26,97.7076,0.93,,50.4,143.94,
2007-02-16,204.226,209.135,166.8,85.581,85.408,4.5,338000.0,4.83,4.69,4.79,-0.14,-0.48,10.02,,,1.55,7134.3,867199.0,96.16935729980467,5.26,97.164,0.84,,50.4,145.73,
2007-02-23,204.226,209.135,166.8,85.581,85.408,4.5,321000.0,4.82,4.68,4.79,-0.14,-0.5,10.58,,,1.53,7134.3,869235.0,96.16935729980467,5.26,97.1756,1.38,,50.4,145.3,
2007-03-02,205.288,209.418,169.3,85.894,85.494,4.4,322000.0,4.56,4.52,4.65,-0.04,-0.6,18.61,,,1.64,7168.2,877409.0,87.33650207519531,5.26,97.3691,1.32,,54.1,138.67,
2007-03-09,205.288,209.418,169.3,85.894,85.494,4.4,320000.0,4.66,4.59,4.72,-0.07,-0.51,14.09,,,1.65,7168.2,864505.0,87.33650207519531,5.26,97.4559,1.16,,54.1,140.78,
2007-03-16,205.288,209.418,169.3,85.894,85.494,4.4,308000.0,4.58,4.55,4.7,-0.03,-0.49,16.79,,,1.7,7168.2,876108.0,87.33650207519531,5.26,97.0407,1.23,,54.1,138.53,
2007-03-23,205.288,209.418,169.3,85.894,85.494,4.4,309000.0,4.6,4.62,4.8,0.02,-0.46,12.95,,,1.75,7168.2,863067.0,87.33650207519531,5.26,96.5662,0.93,,54.1,143.39,
2007-03-30,205.288,209.418,169.3,85.894,85.494,4.4,303000.0,4.58,4.65,4.84,0.07,-0.39,14.64,,,1.75,7168.2,869803.0,87.33650207519531,5.26,96.3183,1.2,,54.1,142.0,
2007-04-06,205.904,209.747,171.4,86.096,85.616,4.5,307000.0,4.75,4.76,4.92,0.01,-0.29,13.23,,,1.71,7240.7,862319.0,76.6133804321289,5.25,96.2526,0.76,,52.8,144.24,
2007-04-13,205.904,209.747,171.4,86.096,85.616,4.5,332000.0,4.76,4.76,4.93,0.0,-0.26,12.2,,,1.7,7240.7,865441.0,76.6133804321289,5.25,95.711,0.96,,52.8,145.32,
2007-04-20,205.904,209.747,171.4,86.096,85.616,4.5,327000.0,4.64,4.68,4.85,0.04,-0.31,12.07,,,1.68,7240.7,861335.0,76.6133804321289,5.25,95.1692,0.75,,52.8,148.62,
2007-04-27,205.904,209.747,171.4,86.096,85.616,4.5,321000.0,4.67,4.71,4.89,0.04,-0.24,12.45,,,1.68,7240.7,879686.0,76.6133804321289,5.25,95.0103,1.01,,52.8,149.53,
2007-05-04,206.755,210.058,173.3,86.346,85.717,4.4,301000.0,4.68,4.65,4.8,-0.03,-0.25,12.91,,,1.64,7254.6,890857.0,92.5995864868164,5.25,94.9118,0.84,,52.7,150.92,
2007-05-11,206.755,210.058,173.3,86.346,85.717,4.4,300000.0,4.71,4.67,4.85,-0.04,-0.2,12.95,,,1.66,7254.6,875270.0,92.5995864868164,5.25,95.0035,0.95,,52.7,150.86,
2007-05-18,206.755,210.058,173.3,86.346,85.717,4.4,297000.0,4.82,4.81,4.96,-0.01,-0.03,12.76,,,1.63,7254.6,859559.0,92.5995864868164,5.25,94.6573,0.98,,52.7,152.62,
2007-05-25,206.755,210.058,173.3,86.346,85.717,4.4,310000.0,4.85,4.86,5.01,0.01,-0.02,13.34,,,1.62,7254.6,873935.0,92.5995864868164,5.25,94.5022,1.03,,52.7,151.69,
2007-06-01,207.234,210.392,173.8,86.529,85.859,4.6,310000.0,4.97,4.95,5.06,-0.02,0.16,12.78,,,1.6,7287.8,876986.0,97.9723129272461,5.25,94.132,0.89,,53.1,154.08,
2007-06-08,207.234,210.392,173.8,86.529,85.859,4.6,313000.0,5.01,5.12,5.22,0.11,0.35,14.84,,,1.62,7287.8,872706.0,97.9723129272461,5.25,94.7599,1.13,,53.1,151.04,
2007-06-15,207.234,210.392,173.8,86.529,85.859,4.6,313000.0,5.05,5.16,5.26,0.11,0.6,13.94,,,1.6,7287.8,864989.0,97.9723129272461,5.25,94.6228,1.03,,53.1,153.07,
2007-06-22,207.234,210.392,173.8,86.529,85.859,4.6,320000.0,4.92,5.14,5.25,0.22,0.41,15.75,,,1.6,7287.8,866089.0,97.9723129272461,5.25,94.4371,1.03,,53.1,150.55,
2007-06-29,207.234,210.392,173.8,86.529,85.859,4.6,313000.0,4.87,5.03,5.12,0.16,0.21,16.23,,,1.59,7287.8,865105.0,97.9723129272461,5.25,94.1393,1.03,,53.1,150.43,
2007-07-06,207.603,210.773,175.1,86.661,85.988,4.7,317000.0,4.99,5.19,5.28,0.2,0.24,14.72,,,1.59,7318.7,876611.0,112.34625244140624,5.26,93.5759,0.87,,54.0,152.98,
2007-07-13,207.603,210.773,175.1,86.661,85.988,4.7,321000.0,4.94,5.11,5.19,0.17,0.14,15.15,,,1.59,7318.7,869407.0,112.34625244140624,5.26,93.0133,0.93,,54.0,154.85,
2007-07-20,207.603,210.773,175.1,86.661,85.988,4.7,317000.0,4.79,4.96,5.07,0.17,-0.01,16.95,,,1.61,7318.7,872916.0,112.34625244140624,5.26,92.7179,1.22,,54.0,153.5,
2007-07-27,207.603,210.773,175.1,86.661,85.988,4.7,310000.0,4.56,4.8,4.95,0.24,-0.05,24.17,,,1.87,7318.7,863890.0,112.34625244140624,5.26,93.5485,1.41,,54.0,145.11,
2007-08-03,207.667,211.119,172.4,86.72,86.116,4.6,305000.0,4.46,4.71,4.87,0.25,-0.14,25.16,,,1.86,7394.8,870261.0,83.17320251464844,5.02,93.1039,1.44,,51.8,143.8,
2007-08-10,207.667,211.119,172.4,86.72,86.116,4.6,314000.0,4.47,4.81,5.03,0.34,0.24,28.3,,,1.88,7394.8,865453.0,83.17320251464844,5.02,93.5214,1.11,,51.8,144.71,
2007-08-17,207.667,211.119,172.4,86.72,86.116,4.6,316000.0,4.18,4.68,5.0,0.5,0.92,29.99,,,2.07,7394.8,864931.0,83.17320251464844,5.02,94.319,1.24,,51.8,144.71,
2007-08-24,207.667,211.119,172.4,86.72,86.116,4.6,321000.0,4.3,4.63,4.88,0.33,0.39,20.72,,,2.01,7394.8,862775.0,83.17320251464844,5.02,93.6863,1.06,,51.8,148.33,
2007-08-31,207.667,211.119,172.4,86.72,86.116,4.6,329000.0,4.15,4.54,4.83,0.39,0.53,23.38,,,2.05,7394.8,872873.0,83.17320251464844,5.02,93.6674,1.06,,52.2,147.59,
2007-09-07,208.547,211.554,173.5,87.054,86.351,4.7,314000.0,3.9,4.38,4.7,0.48,0.31,26.23,,,2.1,7413.0,871156.0,94.4888687133789,4.94,93.2939,1.18,,52.2,146.07,
2007-09-14,208.547,211.554,173.5,87.054,86.351,4.7,321000.0,4.05,4.47,4.72,0.42,0.46,24.92,,,2.12,7413.0,886314.0,94.4888687133789,4.94,92.7083,1.1,,52.2,148.9,
2007-09-21,208.547,211.554,173.5,87.054,86.351,4.7,313000.0,4.06,4.64,4.89,0.58,0.9,19.0,,,2.03,7413.0,867732.0,94.4888687133789,4.94,91.4854,0.85,,52.2,151.97,
2007-09-28,208.547,211.554,173.5,87.054,86.351,4.7,302000.0,3.97,4.59,4.83,0.62,0.77,18.0,,,2.0,7413.0,889900.0,94.4888687133789,4.94,90.9446,1.1,,52.2,152.58,
2007-10-05,209.19,212.077,174.7,87.318,86.576,4.7,317000.0,4.08,4.65,4.87,0.57,0.65,16.91,,,1.94,7428.1,869051.0,101.47301483154295,4.76,90.7393,0.78,,53.8,155.85,
2007-10-12,209.19,212.077,174.7,87.318,86.576,4.7,316000.0,4.23,4.7,4.91,0.47,0.5,17.73,,,1.87,7428.1,886363.0,101.47301483154295,4.76,90.5945,0.78,,53.8,156.33,
2007-10-19,209.19,212.077,174.7,87.318,86.576,4.7,335000.0,3.8,4.41,4.68,0.61,0.55,22.96,,,1.97,7428.1,869509.0,101.47301483154295,4.76,90.1014,1.16,,53.8,149.67,
2007-10-26,209.19,212.077,174.7,87.318,86.576,4.7,334000.0,3.77,4.41,4.68,0.64,0.45,19.56,,,1.98,7428.1,881395.0,101.47301483154295,4.76,89.6508,0.82,,53.8,153.62,
2007-11-02,210.834,212.66,179.0,87.781,86.746,4.7,328000.0,3.66,4.31,4.61,0.65,0.7,23.01,,,2.04,7453.6,883385.0,89.79544830322266,4.49,88.8924,1.14,,52.8,151.2,
2007-11-09,210.834,212.66,179.0,87.781,86.746,4.7,327000.0,3.42,4.23,4.61,0.81,0.96,28.5,,,2.18,7453.6,885724.0,89.79544830322266,4.49,88.4615,1.08,,52.8,145.14,
2007-11-16,210.834,212.66,179.0,87.781,86.746,4.7,333000.0,3.33,4.15,4.52,0.82,0.75,25.49,,,2.26,7453.6,889537.0,89.79544830322266,4.49,89.3182,1.27,,52.8,145.79,
2007-11-23,210.834,212.66,179.0,87.781,86.746,4.7,332000.0,3.07,4.01,4.43,0.94,0.78,25.61,,,2.37,7453.6,891028.0,89.79544830322266,4.49,89.2384,0.89,,52.8,144.13,
2007-11-30,210.834,212.66,179.0,87.781,86.746,4.7,352000.0,3.04,3.97,4.4,0.93,0.82,22.87,,,2.47,7453.6,879417.0,89.79544830322266,4.49,89.6212,1.06,,51.5,148.66,
2007-12-07,211.445,213.168,178.6,87.984,86.92,5.0,344000.0,3.12,4.12,4.58,1.0,1.0,20.85,,,2.61,7483.9,882764.0,94.96749114990234,4.24,89.74,0.99,,51.5,150.91,
2007-12-14,211.445,213.168,178.6,87.984,86.92,5.0,332000.0,3.31,4.24,4.66,0.93,1.36,23.27,,,2.55,7483.9,881750.0,94.96749114990234,4.24,90.4345,1.06,,51.5,147.17,
2007-12-21,211.445,213.168,178.6,87.984,86.92,5.0,350000.0,3.19,4.18,4.58,0.99,1.18,18.47,,,2.5,7483.9,887983.0,94.96749114990234,4.24,90.3672,0.59,,51.5,148.13,
2007-12-28,211.445,213.168,178.6,87.984,86.92,5.0,355000.0,3.12,4.11,4.51,0.99,0.93,20.74,,,2.51,7483.9,890662.0,94.96749114990234,4.24,89.4069,0.97,,51.5,147.3,
2008-01-04,212.174,213.771,181.0,88.206,87.093,5.0,360000.0,2.74,3.88,4.36,1.14,0.68,23.94,,,2.59,7517.5,922187.0,81.49982452392578,3.94,89.2467,1.05,,50.1,141.31,
2008-01-11,212.174,213.771,181.0,88.206,87.093,5.0,346000.0,2.59,3.82,4.39,1.23,0.73,23.68,,,2.77,7517.5,880754.0,81.49982452392578,3.94,89.5215,0.93,,50.1,140.15,
2008-01-18,212.174,213.771,181.0,88.206,87.093,5.0,322000.0,2.36,3.66,4.28,1.3,0.8,27.18,,,2.87,7517.5,893581.0,81.49982452392578,3.94,89.8993,1.34,,50.1,132.06,
2008-01-25,212.174,213.771,181.0,88.206,87.093,5.0,321000.0,2.23,3.61,4.28,1.38,1.31,29.08,,,2.95,7517.5,877253.0,81.49982452392578,3.94,89.2184,1.06,,50.1,133.04,
2008-02-01,212.687,213.939,182.7,88.382,87.178,4.9,366000.0,2.09,3.62,4.32,1.53,1.52,24.02,,,2.98,7604.0,900264.0,80.75146484375,2.98,88.4824,0.81,,50.9,139.58,
2008-02-08,212.687,213.939,182.7,88.382,87.178,4.9,350000.0,1.93,3.64,4.43,1.71,1.41,28.01,,,3.09,7604.0,871022.0,80.75146484375,2.98,89.2226,1.13,,50.9,133.07,
2008-02-15,212.687,213.939,182.7,88.382,87.178,4.9,344000.0,1.91,3.76,4.58,1.85,1.55,25.02,,,3.14,7604.0,883005.0,80.75146484375,2.98,88.9006,1.15,,50.9,135.14,
2008-02-22,212.687,213.939,182.7,88.382,87.178,4.9,339000.0,1.98,3.79,4.58,1.81,1.59,24.06,,,3.12,7604.0,878949.0,80.75146484375,2.98,88.7082,1.15,,50.9,135.62,
2008-02-29,212.687,213.939,182.7,88.382,87.178,4.9,354000.0,1.65,3.53,4.41,1.88,1.68,26.54,,,3.22,7604.0,893825.0,80.75146484375,2.98,87.1654,1.28,,48.8,133.82,
2008-03-07,213.448,214.42,187.9,88.635,87.349,5.1,345000.0,1.53,3.56,4.55,2.03,2.11,27.49,,,3.39,7670.0,881208.0,77.63613891601562,2.61,87.1258,1.24,,48.8,129.71,
2008-03-14,213.448,214.42,187.9,88.635,87.349,5.1,348000.0,1.47,3.44,4.35,1.97,2.26,31.16,,,3.42,7670.0,896565.0,77.63613891601562,2.61,86.4301,1.42,,48.8,129.61,
2008-03-21,213.448,214.42,187.9,88.635,87.349,5.1,369000.0,1.59,3.34,4.17,1.75,2.71,26.62,,,3.42,7670.0,888646.0,77.63613891601562,2.61,87.2111,1.11,,48.8,132.08,
2008-03-28,213.448,214.42,187.9,88.635,87.349,5.1,368000.0,1.67,3.47,4.33,1.8,2.14,25.71,,,3.47,7670.0,893965.0,77.63613891601562,2.61,86.6369,1.17,,48.8,131.51,
2008-04-04,213.942,214.56,190.9,88.799,87.4,5.0,387000.0,1.83,3.5,4.32,1.67,2.15,22.45,,,3.4,7712.5,883708.0,71.9048080444336,2.28,86.5108,1.19,,49.7,136.89,
2008-04-11,213.942,214.56,190.9,88.799,87.4,5.0,354000.0,1.76,3.49,4.3,1.73,2.3,23.46,,,3.38,7712.5,893029.0,71.9048080444336,2.28,86.5029,1.29,,49.7,133.38,
2008-04-18,213.942,214.56,190.9,88.799,87.4,5.0,365000.0,2.19,3.77,4.51,1.58,2.42,20.13,,,3.26,7712.5,881904.0,71.9048080444336,2.28,86.5277,0.82,,49.7,138.48,
2008-04-25,213.942,214.56,190.9,88.799,87.4,5.0,349000.0,2.44,3.91,4.61,1.47,2.57,19.59,,,3.14,7712.5,885781.0,71.9048080444336,2.28,86.8337,0.91,,49.7,139.6,
2008-05-02,215.208,214.936,196.6,89.18,87.559,5.4,370000.0,2.47,3.89,4.57,1.42,2.39,18.18,,,2.97,7725.2,888131.0,72.57379913330078,1.98,87.2311,0.9,,48.5,141.51,
2008-05-09,215.208,214.936,196.6,89.18,87.559,5.4,370000.0,2.25,3.77,4.53,1.52,2.08,19.41,,,3.07,7725.2,889228.0,72.57379913330078,1.98,87.2528,0.92,,48.5,138.9,
2008-05-16,215.208,214.936,196.6,89.18,87.559,5.4,366000.0,2.47,3.85,4.58,1.38,2.01,16.47,,,3.06,7725.2,880175.0,72.57379913330078,1.98,86.7855,0.86,,48.5,142.66,
2008-05-23,215.208,214.936,196.6,89.18,87.559,5.4,367000.0,2.46,3.85,4.57,1.39,1.99,19.55,,,3.06,7725.2,898487.0,72.57379913330078,1.98,86.1922,1.05,,48.5,137.64,
2008-05-30,215.208,214.936,196.6,89.18,87.559,5.4,369000.0,2.66,4.06,4.72,1.4,2.17,17.83,,,3.0,7725.2,904054.0,72.57379913330078,1.98,86.5504,0.84,,48.5,140.35,
2008-06-06,217.463,215.424,200.5,89.827,87.76,5.6,362000.0,2.4,3.94,4.65,1.54,2.09,23.56,,,3.04,7743.9,895939.0,87.54842376708984,2.0,86.8028,1.14,,48.9,136.29,
2008-06-13,217.463,215.424,200.5,89.827,87.76,5.6,382000.0,3.05,4.27,4.79,1.22,2.28,21.22,,,2.9,7743.9,890610.0,87.54842376708984,2.0,87.7622,0.91,,48.9,136.15,
2008-06-20,217.463,215.424,200.5,89.827,87.76,5.6,378000.0,2.88,4.16,4.71,1.28,2.29,22.87,,,2.95,7743.9,902304.0,87.54842376708984,2.0,86.9036,1.32,,48.9,131.58,
2008-06-27,217.463,215.424,200.5,89.827,87.76,5.6,381000.0,2.65,3.99,4.53,1.34,2.31,23.44,,,3.04,7743.9,892713.0,87.54842376708984,2.0,86.643,1.13,,48.9,127.53,
2008-07-04,219.016,215.965,205.5,90.245,87.918,5.8,392000.0,2.54,3.99,4.53,1.45,2.15,24.79,,,3.08,7791.2,902962.0,89.73957061767578,2.01,86.8781,1.2,,49.9,126.31,
2008-07-11,219.016,215.965,205.5,90.245,87.918,5.8,371000.0,2.59,3.96,4.52,1.37,2.34,27.49,,,3.15,7791.2,898034.0,89.73957061767578,2.01,86.221,1.15,,49.9,123.84,
2008-07-18,219.016,215.965,205.5,90.245,87.918,5.8,385000.0,2.66,4.11,4.66,1.45,2.63,24.05,,,3.17,7791.2,910681.0,89.73957061767578,2.01,86.0735,0.93,,49.9,125.98,
2008-07-25,219.016,215.965,205.5,90.245,87.918,5.8,402000.0,2.7,4.13,4.69,1.43,2.38,22.91,,,3.17,7791.2,899665.0,89.73957061767578,2.01,86.3916,0.85,,49.9,125.48,
2008-08-01,218.69,216.393,199.0,90.172,88.026,6.1,434000.0,2.51,3.97,4.57,1.46,2.31,22.57,,,3.21,7805.8,918625.0,88.55410766601562,2.0,86.8257,0.99,,50.8,126.16,
2008-08-08,218.69,216.393,199.0,90.172,88.026,6.1,448000.0,2.51,3.94,4.55,1.43,2.24,20.66,,,3.23,7805.8,901710.0,88.55410766601562,2.0,88.8939,0.93,,50.8,129.37,
2008-08-15,218.69,216.393,199.0,90.172,88.026,6.1,430000.0,2.4,3.84,4.47,1.44,1.99,19.58,,,3.27,7805.8,914632.0,88.55410766601562,2.0,89.7244,1.0,,50.8,130.17,
2008-08-22,218.69,216.393,199.0,90.172,88.026,6.1,424000.0,2.42,3.87,4.46,1.45,2.17,18.81,,,3.27,7805.8,898611.0,88.55410766601562,2.0,89.2381,0.86,,50.8,129.65,
2008-08-29,218.69,216.393,199.0,90.172,88.026,6.1,421000.0,2.36,3.83,4.43,1.47,2.11,20.65,,,3.29,7805.8,909982.0,88.55410766601562,2.0,90.0567,1.0,,50.8,128.79,
2008-09-05,218.877,216.713,196.9,90.247,88.116,6.1,442000.0,2.23,3.66,4.27,1.43,1.98,23.06,,,3.37,7872.4,905253.0,88.54255676269531,1.81,91.341,1.01,,50.1,124.42,
2008-09-12,218.877,216.713,196.9,90.247,88.116,6.1,441000.0,2.23,3.74,4.32,1.51,2.25,25.66,,,3.43,7872.4,925725.0,88.54255676269531,1.81,91.4706,1.01,,50.1,126.09,
2008-09-19,218.877,216.713,196.9,90.247,88.116,6.1,449000.0,2.16,3.78,4.36,1.62,2.79,32.07,,,3.77,7872.4,995093.0,88.54255676269531,1.81,91.0014,0.83,,50.1,124.12,
2008-09-26,218.877,216.713,196.9,90.247,88.116,6.1,483000.0,2.11,3.85,4.36,1.74,2.98,34.74,,,3.88,7872.4,1211825.0,88.54255676269531,1.81,90.6872,1.02,,50.1,120.85,
2008-10-03,216.995,216.788,186.4,89.651,87.991,6.5,483000.0,1.6,3.63,4.11,2.03,3.12,45.14,,,4.35,7974.9,1503989.0,64.15979766845703,0.97,93.5414,1.1,,47.2,110.34,
2008-10-10,216.995,216.788,186.4,89.651,87.991,6.5,482000.0,1.62,3.89,4.15,2.27,3.64,69.95,,,4.86,7974.9,1591587.0,64.15979766845703,0.97,97.999,1.23,,47.2,88.5,
2008-10-17,216.995,216.788,186.4,89.651,87.991,6.5,461000.0,1.64,3.98,4.32,2.34,3.15,70.33,,,5.45,7974.9,1770809.0,64.15979766845703,0.97,97.7255,0.97,,47.2,93.21,
2008-10-24,216.995,216.788,186.4,89.651,87.991,6.5,478000.0,1.57,3.76,4.11,2.19,2.87,79.13,,,5.54,7974.9,1802602.0,64.15979766845703,0.97,101.8442,1.24,,47.2,87.04,
2008-10-31,216.995,216.788,186.4,89.651,87.991,6.5,480000.0,1.56,4.01,4.35,2.45,3.55,59.89,,,5.53,7974.9,1969086.0,64.15979766845703,0.97,99.7662,0.96,,38.2,96.83,
2008-11-07,213.153,216.947,176.8,88.593,87.952,6.8,490000.0,1.33,3.83,4.25,2.5,3.52,56.1,,,5.45,8027.0,2074205.0,79.08097076416016,0.39,99.3944,0.94,,38.2,93.86,
2008-11-14,213.153,216.947,176.8,88.593,87.952,6.8,512000.0,1.22,3.72,4.22,2.5,3.57,66.31,,,5.56,8027.0,2212852.0,79.08097076416016,0.39,100.9705,1.02,,38.2,86.62,
2008-11-21,213.153,216.947,176.8,88.593,87.952,6.8,536000.0,1.09,3.2,3.7,2.11,3.18,72.67,,,5.88,8027.0,2187137.0,79.08097076416016,0.39,103.6289,1.13,,38.2,79.52,
2008-11-28,213.153,216.947,176.8,88.593,87.952,6.8,532000.0,1.0,2.93,3.45,1.93,2.92,55.84,,,6.1,8027.0,2106117.0,79.08097076416016,0.39,101.6468,0.88,,38.2,90.09,
2008-12-05,211.398,216.925,170.9,88.098,87.909,7.3,529000.0,0.93,2.67,3.11,1.74,2.65,59.93,,,6.07,8204.7,2136924.0,92.3664321899414,0.16,103.4902,0.92,,39.0,87.93,
2008-12-12,211.398,216.925,170.9,88.098,87.909,7.3,570000.0,0.78,2.6,3.07,1.82,2.58,54.28,,,6.08,8204.7,2250012.0,92.3664321899414,0.16,100.319,1.04,,39.0,88.99,
2008-12-19,211.398,216.925,170.9,88.098,87.909,7.3,566000.0,0.74,2.13,2.55,1.39,2.11,44.93,,,5.94,8204.7,2254983.0,92.3664321899414,0.16,98.1278,0.82,,39.0,88.19,
2008-12-26,211.398,216.925,170.9,88.098,87.909,7.3,587000.0,0.89,2.16,2.61,1.27,2.13,43.38,,,5.9,8204.7,2232311.0,92.3664321899414,0.16,98.2594,0.79,,39.0,87.16,
2009-01-02,211.933,217.346,171.2,88.108,87.882,7.8,533000.0,0.88,2.46,2.83,1.58,2.38,39.19,,,5.72,8289.0,2239457.0,85.36947631835938,0.15,98.6008,0.94,,34.5,92.96,
2009-01-09,211.933,217.346,171.2,88.108,87.882,7.8,503000.0,0.75,2.43,3.04,1.68,2.36,42.82,,,5.72,8289.0,2121439.0,85.36947631835938,0.15,98.8752,1.03,,34.5,89.09,
2009-01-16,211.933,217.346,171.2,88.108,87.882,7.8,551000.0,0.73,2.36,2.89,1.63,2.24,46.11,,,5.55,8289.0,2049714.0,85.36947631835938,0.15,100.711,0.96,,34.5,85.06,
2009-01-23,211.933,217.346,171.2,88.108,87.882,7.8,591000.0,0.83,2.65,3.32,1.82,2.54,47.27,,,5.63,8289.0,2037112.0,85.36947631835938,0.15,102.1096,0.77,,34.5,83.11,
2009-01-30,211.933,217.346,171.2,88.108,87.882,7.8,586000.0,0.94,2.87,3.58,1.93,2.63,44.84,,,5.38,8289.0,1927082.0,85.36947631835938,0.15,102.1169,1.02,,34.5,82.83,
2009-02-06,212.705,217.792,169.3,88.266,87.952,8.3,629000.0,0.99,3.05,3.7,2.06,2.77,43.37,,,5.13,8319.3,1851437.0,67.45267486572266,0.22,101.7455,0.71,,36.4,86.979,
2009-02-13,212.705,217.792,169.3,88.266,87.952,8.3,637000.0,0.97,2.89,3.68,1.92,2.6,42.93,,,5.24,8319.3,1843400.0,67.45267486572266,0.22,102.2958,0.89,,36.4,82.76,
2009-02-20,212.705,217.792,169.3,88.266,87.952,8.3,632000.0,0.96,2.78,3.56,1.82,2.51,49.3,,,5.25,8319.3,1915562.0,67.45267486572266,0.22,104.0244,1.07,,36.4,77.42,
2009-02-27,212.705,217.792,169.3,88.266,87.952,8.3,655000.0,1.0,3.02,3.71,2.02,2.76,46.35,,,5.22,8319.3,1916115.0,67.45267486572266,0.22,104.9284,0.97,,36.4,73.93,
2009-03-06,212.495,218.253,168.1,88.169,88.015,8.7,652000.0,0.91,2.83,3.5,1.92,2.62,49.33,,,5.35,8386.4,1901317.0,72.64462280273438,0.18,105.3937,0.88,,36.6,68.92,
2009-03-13,212.495,218.253,168.1,88.169,88.015,8.7,660000.0,0.98,2.89,3.66,1.91,2.69,42.36,,,5.56,8386.4,1899514.0,72.64462280273438,0.18,104.1106,0.71,,36.6,76.09,
2009-03-20,212.495,218.253,168.1,88.169,88.015,8.7,651000.0,0.89,2.65,3.65,1.76,2.43,45.89,,,5.86,8386.4,2066942.0,72.64462280273438,0.18,101.0581,0.9,,36.6,76.71,
2009-03-27,212.495,218.253,168.1,88.169,88.015,8.7,661000.0,0.9,2.78,3.62,1.88,2.64,41.04,,,5.72,8386.4,2071556.0,72.64462280273438,0.18,101.8388,0.91,,36.6,81.61,
2009-04-03,212.709,218.706,169.1,88.295,88.211,9.0,665000.0,0.96,2.91,3.7,1.95,2.7,39.7,,,5.68,8391.1,2078936.0,85.6884994506836,0.15,100.6429,0.82,,37.2,84.26,
2009-04-10,212.709,218.706,169.1,88.295,88.211,9.0,653000.0,0.96,2.96,3.76,2.0,2.78,36.53,,,5.61,8391.1,2088573.0,85.6884994506836,0.15,100.7597,0.8,,37.2,85.81,
2009-04-17,212.709,218.706,169.1,88.295,88.211,9.0,599000.0,0.99,2.98,3.79,1.99,2.84,33.94,,,5.43,8391.1,2186498.0,85.6884994506836,0.15,100.5719,0.72,,37.2,87.08,
2009-04-24,212.709,218.706,169.1,88.295,88.211,9.0,639000.0,0.99,3.03,3.89,2.04,2.93,36.82,,,5.25,8391.1,2196812.0,85.6884994506836,0.15,100.0244,0.84,,37.2,86.66,
2009-05-01,213.022,218.904,170.8,88.387,88.279,9.4,620000.0,0.92,3.21,4.09,2.29,3.05,35.3,,,5.01,8449.2,2066712.0,89.68086242675781,0.18,100.0057,0.85,,39.9,87.89,
2009-05-08,213.022,218.904,170.8,88.387,88.279,9.4,602000.0,1.0,3.29,4.28,2.29,3.1,32.05,,,4.85,8449.2,2079758.0,89.68086242675781,0.18,98.1269,0.87,,39.9,92.98,
2009-05-15,213.022,218.904,170.8,88.387,88.279,9.4,625000.0,0.88,3.14,4.09,2.26,2.97,33.12,,,4.85,8449.2,2196351.0,89.68086242675781,0.18,98.1063,0.8,,39.9,88.71,
2009-05-22,213.022,218.904,170.8,88.387,88.279,9.4,620000.0,0.92,3.45,4.38,2.53,3.27,32.63,,,4.66,8449.2,2181632.0,89.68086242675781,0.18,95.8788,0.8,,39.9,89.02,
2009-05-29,213.022,218.904,170.8,88.387,88.279,9.4,606000.0,0.92,3.47,4.34,2.55,3.33,28.92,,,4.29,8449.2,2080115.0,89.68086242675781,0.18,95.268,0.77,,39.9,92.53,
2009-06-05,214.79,219.112,174.1,88.912,88.392,9.5,607000.0,1.32,3.84,4.63,2.52,3.64,29.62,,,3.95,8459.3,2077695.0,81.10958862304688,0.21,96.0412,0.81,,44.1,94.55,
2009-06-12,214.79,219.112,174.1,88.912,88.392,9.5,596000.0,1.3,3.81,4.65,2.51,3.62,28.15,,,3.79,8459.3,2052297.0,81.10958862304688,0.21,95.836,0.87,,44.1,95.08,
2009-06-19,214.79,219.112,174.1,88.912,88.392,9.5,595000.0,1.25,3.79,4.52,2.54,3.6,27.99,,,3.54,8459.3,2072527.0,81.10958862304688,0.21,96.0325,0.86,,44.1,92.04,
2009-06-26,214.79,219.112,174.1,88.912,88.392,9.5,608000.0,1.1,3.52,4.3,2.42,3.32,25.93,,,3.65,8459.3,2025571.0,81.10958862304688,0.21,96.1935,0.82,,44.1,91.84,
2009-07-03,214.726,219.263,172.5,88.922,88.468,9.5,594000.0,0.98,3.51,4.32,2.53,3.34,27.95,,,3.63,8463.5,2005627.0,83.43962097167969,0.16,96.3216,1.06,,46.3,89.81,
2009-07-10,214.726,219.263,172.5,88.922,88.468,9.5,573000.0,0.91,3.32,4.2,2.41,3.14,29.02,,,3.71,8463.5,1992740.0,83.43962097167969,0.16,97.0819,1.07,,46.3,87.96,
2009-07-17,214.726,219.263,172.5,88.922,88.468,9.5,546000.0,1.02,3.67,4.53,2.65,3.5,24.34,,,3.56,8463.5,2072451.0,83.43962097167969,0.16,95.6036,0.73,,46.3,94.13,
2009-07-24,214.726,219.263,172.5,88.922,88.468,9.5,560000.0,1.05,3.7,4.55,2.65,3.52,23.09,,,3.41,8463.5,2039001.0,83.43962097167969,0.16,94.7046,0.93,,46.3,98.06,
2009-07-31,214.726,219.263,172.5,88.922,88.468,9.5,587000.0,1.13,3.52,4.31,2.39,3.34,25.92,,,3.11,8463.5,2000547.0,83.43962097167969,0.16,94.2526,0.84,,49.7,98.81,
2009-08-07,215.445,219.496,175.0,89.18,88.599,9.6,555000.0,1.32,3.89,4.61,2.57,3.7,24.76,,,2.85,8463.0,1989203.0,73.37187957763672,0.16,94.4692,0.73,,49.7,101.202,
2009-08-14,215.445,219.496,175.0,89.18,88.599,9.6,555000.0,1.07,3.55,4.41,2.48,3.37,24.27,,,3.02,8463.0,2014899.0,73.37187957763672,0.16,94.475,0.95,,49.7,100.79,
2009-08-21,215.445,219.496,175.0,89.18,88.599,9.6,562000.0,1.13,3.56,4.36,2.43,3.39,25.01,,,3.06,8463.0,2060641.0,73.37187957763672,0.16,94.0103,0.59,,49.7,102.97,
2009-08-28,215.445,219.496,175.0,89.18,88.599,9.6,560000.0,1.01,3.46,4.21,2.45,3.31,24.76,,,2.95,8463.0,2074902.0,73.37187957763672,0.16,94.4489,0.76,,49.7,103.38,
2009-09-04,215.861,219.92,174.1,89.324,88.755,9.8,564000.0,0.94,3.45,4.27,2.51,3.31,25.26,,,3.0,8461.6,2083720.0,92.8399887084961,0.15,94.5811,0.89,,53.4,102.06,
2009-09-11,215.861,219.92,174.1,89.324,88.755,9.8,558000.0,0.9,3.34,4.18,2.44,3.2,24.15,,,2.97,8461.6,2087946.0,92.8399887084961,0.15,93.3225,0.88,,53.4,104.77,
2009-09-18,215.861,219.92,174.1,89.324,88.755,9.8,542000.0,1.03,3.49,4.24,2.46,3.41,23.92,,,2.85,8461.6,2139783.0,92.8399887084961,0.15,93.1233,0.86,,53.4,106.72,
2009-09-25,215.861,219.92,174.1,89.324,88.755,9.8,536000.0,0.98,3.34,4.1,2.36,3.24,25.61,,,2.83,8461.6,2158631.0,92.8399887084961,0.15,93.5535,0.96,,53.4,104.45,
2009-10-02,216.509,220.501,175.2,89.663,89.082,10.0,554000.0,0.88,3.24,4.01,2.36,3.14,28.68,,,2.93,8487.9,2141020.0,90.57640075683594,0.12,93.6756,1.11,,54.9,102.49,
2009-10-09,216.509,220.501,175.2,89.663,89.082,10.0,533000.0,0.98,3.4,4.22,2.42,3.33,23.12,,,2.96,8487.9,2138086.0,90.57640075683594,0.12,92.2984,0.79,,54.9,107.26,
2009-10-16,216.509,220.501,175.2,89.663,89.082,10.0,511000.0,0.97,3.43,4.24,2.46,3.36,21.43,,,2.93,8487.9,2192787.0,90.57640075683594,0.12,91.6541,0.76,,54.9,108.89,
2009-10-23,216.509,220.501,175.2,89.663,89.082,10.0,531000.0,1.04,3.51,4.29,2.47,3.44,22.27,,,2.8,8487.9,2201119.0,90.57640075683594,0.12,91.7331,0.85,,54.9,108.08,
2009-10-30,216.509,220.501,175.2,89.663,89.082,10.0,530000.0,0.9,3.41,4.23,2.51,3.36,30.69,,,2.86,8487.9,2161537.0,90.57640075683594,0.12,92.6207,1.21,,54.9,103.56,
2009-11-06,217.234,220.666,177.4,89.887,89.16,9.9,522000.0,0.86,3.54,4.4,2.68,3.48,24.19,,,2.86,8517.0,2165067.0,82.10176086425781,0.12,92.3848,1.03,,57.6,107.13,
2009-11-13,217.234,220.666,177.4,89.887,89.16,9.9,512000.0,0.82,3.43,4.36,2.61,3.37,23.36,,,2.93,8517.0,2135035.0,82.10176086425781,0.12,91.5754,1.01,,57.6,109.62,
2009-11-20,217.234,220.666,177.4,89.887,89.16,9.9,507000.0,0.75,3.36,4.3,2.61,3.34,22.19,,,2.93,8517.0,2208721.0,82.10176086425781,0.12,91.9906,0.91,,57.6,109.43,
2009-11-27,217.234,220.666,177.4,89.887,89.16,9.9,482000.0,0.68,3.21,4.21,2.53,3.18,24.85,,,2.99,8517.0,2206359.0,82.10176086425781,0.12,91.5272,1.05,,57.6,109.57,
2009-12-04,217.347,220.881,178.1,89.939,89.236,9.9,475000.0,0.84,3.48,4.4,2.64,3.42,21.25,,,2.91,8512.2,2204074.0,92.94691467285156,0.12,91.3806,0.84,,55.4,111.01,
2009-12-11,217.347,220.881,178.1,89.939,89.236,9.9,497000.0,0.83,3.55,4.49,2.72,3.52,21.59,,,2.86,8512.2,2186383.0,92.94691467285156,0.12,92.2946,0.89,,55.4,111.11,
2009-12-18,217.347,220.881,178.1,89.939,89.236,9.9,498000.0,0.82,3.55,4.46,2.73,3.5,21.68,,,2.73,8512.2,2235763.0,92.94691467285156,0.12,93.1632,0.95,,55.4,110.21,
2009-12-25,217.347,220.881,178.1,89.939,89.236,9.9,479000.0,1.0,3.82,4.68,2.82,3.77,19.47,,,2.65,8512.2,2235803.0,92.94691467285156,0.12,92.8694,0.7,,55.4,112.48,
2010-01-01,217.488,220.633,181.9,90.136,89.368,9.8,468000.0,1.14,3.85,4.63,2.71,3.79,21.68,,,2.54,8477.7,2234067.0,91.58102416992188,0.11,92.9124,0.9,,55.8,111.44,
2010-01-08,217.488,220.633,181.9,90.136,89.368,9.8,456000.0,0.96,3.83,4.7,2.87,3.78,18.13,,,2.49,8477.7,2235304.0,91.58102416992188,0.11,92.1485,0.64,,55.8,114.57,
2010-01-15,217.488,220.633,181.9,90.136,89.368,9.8,469000.0,0.89,3.7,4.58,2.81,3.64,17.91,,,2.48,8477.7,2291700.0,91.58102416992188,0.11,91.7668,0.82,,55.8,113.64,
2010-01-22,217.488,220.633,181.9,90.136,89.368,9.8,507000.0,0.84,3.62,4.5,2.78,3.56,27.31,,,2.53,8477.7,2251806.0,91.58102416992188,0.11,92.943,1.07,,55.8,109.21,
2010-01-29,217.488,220.633,181.9,90.136,89.368,9.8,471000.0,0.82,3.63,4.51,2.81,3.55,24.62,,,2.57,8477.7,2246886.0,91.58102416992188,0.11,93.7638,0.99,,55.8,107.39,
2010-02-05,217.281,220.731,181.0,90.134,89.446,9.8,496000.0,0.77,3.59,4.51,2.82,3.49,26.11,,,2.62,8527.3,2249319.0,80.72535705566406,0.13,94.6218,1.22,,56.3,106.66,
2010-02-12,217.281,220.731,181.0,90.134,89.446,9.8,466000.0,0.84,3.69,4.66,2.85,3.59,22.73,,,2.72,8527.3,2256679.0,80.72535705566406,0.13,93.9976,0.9,,56.3,108.04,
2010-02-19,217.281,220.731,181.0,90.134,89.446,9.8,489000.0,0.95,3.78,4.71,2.83,3.67,20.02,,,2.65,8527.3,2277574.0,80.72535705566406,0.13,93.9569,0.85,,56.3,111.14,
2010-02-26,217.281,220.731,181.0,90.134,89.446,9.8,500000.0,0.81,3.61,4.55,2.8,3.48,19.5,,,2.62,8527.3,2286127.0,80.72535705566406,0.13,93.6602,0.86,,56.3,110.74,
2010-03-05,217.353,220.783,183.3,90.261,89.579,9.9,488000.0,0.91,3.69,4.64,2.78,3.54,17.42,,,2.61,8523.5,2280147.0,74.116943359375,0.16,93.2623,0.82,,55.5,114.25,
2010-03-12,217.353,220.783,183.3,90.261,89.579,9.9,472000.0,0.97,3.71,4.62,2.74,3.56,17.58,,,2.55,8523.5,2282474.0,74.116943359375,0.16,92.6616,0.85,,55.5,115.46,
2010-03-19,217.353,220.783,183.3,90.261,89.579,9.9,478000.0,1.02,3.7,4.58,2.68,3.54,16.97,,,2.49,8523.5,2307997.0,74.116943359375,0.16,93.0407,0.97,,55.5,115.97,
2010-03-26,217.353,220.783,183.3,90.261,89.579,9.9,472000.0,1.04,3.86,4.75,2.82,3.72,17.77,,,2.49,8523.5,2313149.0,74.116943359375,0.16,93.6873,0.92,,55.5,116.582,
2010-04-02,217.403,220.822,184.4,90.31,89.625,9.9,459000.0,1.11,3.96,4.81,2.85,3.8,17.47,,,2.44,8554.8,2307150.0,88.76158142089844,0.2,92.9057,0.88,,58.8,117.8,
2010-04-09,217.403,220.822,184.4,90.31,89.625,9.9,479000.0,1.08,3.9,4.74,2.82,3.74,16.14,,,2.43,8554.8,2307575.0,88.76158142089844,0.2,92.4772,0.71,,58.8,119.55,
2010-04-16,217.403,220.822,184.4,90.31,89.625,9.9,479000.0,0.98,3.79,4.67,2.81,3.63,18.36,,,2.43,8554.8,2339345.0,88.76158142089844,0.2,92.5253,0.85,,58.8,119.36,
2010-04-23,217.403,220.822,184.4,90.31,89.625,9.9,469000.0,1.1,3.84,4.67,2.74,3.68,16.62,,,2.37,8554.8,2337556.0,88.76158142089844,0.2,92.6622,0.71,,58.8,121.8125,
2010-04-30,217.403,220.822,184.4,90.31,89.625,9.9,449000.0,0.97,3.69,4.53,2.72,3.53,22.05,,,2.38,8554.8,2330472.0,88.76158142089844,0.2,92.8423,1.04,,58.1,118.8125,
2010-05-07,217.29,220.962,184.8,90.339,89.724,9.6,451000.0,0.83,3.45,4.28,2.62,3.32,40.95,,,2.55,8609.0,2326164.0,88.95870971679688,0.2,95.2952,1.2,,58.1,111.26,
2010-05-14,217.29,220.962,184.8,90.339,89.724,9.6,451000.0,0.79,3.44,4.32,2.65,3.28,31.24,,,2.59,8609.0,2336103.0,88.95870971679688,0.2,95.3746,1.12,,58.1,113.89,
2010-05-21,217.29,220.962,184.8,90.339,89.724,9.6,474000.0,0.76,3.2,4.07,2.44,3.03,40.1,,,2.76,8609.0,2350890.0,88.95870971679688,0.2,96.2911,1.28,,58.1,109.115,
2010-05-28,217.29,220.962,184.8,90.339,89.724,9.6,463000.0,0.76,3.31,4.22,2.55,3.15,32.07,,,2.89,8609.0,2334041.0,88.95870971679688,0.2,96.3062,1.2,,58.1,109.369,
2010-06-04,217.199,221.194,183.5,90.301,89.767,9.4,458000.0,0.72,3.2,4.13,2.48,3.06,35.48,,,2.95,8628.1,2336216.0,96.45369720458984,0.18,97.1688,0.99,,57.4,106.82,
2010-06-11,217.199,221.194,183.5,90.301,89.767,9.4,459000.0,0.75,3.24,4.15,2.49,3.16,28.79,,,3.04,8628.1,2331529.0,96.45369720458984,0.18,96.5616,1.08,,57.4,109.68,
2010-06-18,217.199,221.194,183.5,90.301,89.767,9.4,467000.0,0.74,3.24,4.15,2.5,3.13,23.95,,,3.04,8628.1,2344316.0,96.45369720458984,0.18,95.2981,0.86,,57.4,111.729,
2010-06-25,217.199,221.194,183.5,90.301,89.767,9.4,452000.0,0.65,3.12,4.07,2.47,2.99,28.53,,,3.09,8628.1,2344497.0,96.45369720458984,0.18,95.4582,0.89,,57.4,107.8675,
2010-07-02,217.605,221.363,184.1,90.378,89.769,9.4,464000.0,0.63,3.0,3.94,2.37,2.83,30.12,,,3.04,8639.5,2330851.0,79.38137817382812,0.18,95.6345,0.89,,56.5,102.2,
2010-07-09,217.605,221.363,184.1,90.378,89.769,9.4,454000.0,0.63,3.07,4.04,2.44,2.91,24.98,,,3.07,8639.5,2332017.0,79.38137817382812,0.18,94.683,0.84,,56.5,107.96,
2010-07-16,217.605,221.363,184.1,90.378,89.769,9.4,439000.0,0.61,2.96,3.95,2.35,2.81,26.25,,,3.04,8639.5,2340717.0,79.38137817382812,0.18,94.5061,1.06,,56.5,106.66,
2010-07-23,217.605,221.363,184.1,90.378,89.769,9.4,462000.0,0.6,3.02,4.01,2.42,2.86,23.47,,,2.95,8639.5,2332322.0,79.38137817382812,0.18,94.1431,0.83,,56.5,110.41,
2010-07-30,217.605,221.363,184.1,90.378,89.769,9.4,465000.0,0.55,2.94,3.98,2.39,2.79,23.5,,,2.91,8639.5,2325298.0,79.38137817382812,0.18,93.2793,0.8,,56.5,110.27,
2010-08-06,217.923,221.509,184.9,90.502,89.855,9.5,476000.0,0.5,2.86,4.0,2.36,2.71,21.74,,,2.94,8687.9,2326479.0,80.99386596679688,0.19,92.5915,0.89,,56.1,112.392,
2010-08-13,217.923,221.509,184.9,90.502,89.855,9.5,483000.0,0.54,2.68,3.87,2.14,2.53,26.24,,,3.05,8687.9,2327533.0,80.99386596679688,0.19,94.0457,1.0,,56.1,108.31,
2010-08-20,217.923,221.509,184.9,90.502,89.855,9.5,486000.0,0.49,2.62,3.67,2.13,2.47,25.49,,,2.9,8687.9,2313662.0,80.99386596679688,0.19,94.2087,1.03,,56.1,107.53,
2010-08-27,217.923,221.509,184.9,90.502,89.855,9.5,464000.0,0.56,2.66,3.69,2.1,2.51,24.45,,,2.96,8687.9,2301015.0,80.99386596679688,0.19,94.3462,0.82,,56.1,106.86,
2010-09-03,218.275,221.711,184.9,90.592,89.906,9.5,467000.0,0.52,2.72,3.79,2.2,2.58,21.31,,,2.97,8718.7,2301996.0,71.16854858398438,0.19,93.6952,0.94,,56.4,110.89,
2010-09-10,218.275,221.711,184.9,90.592,89.906,9.5,452000.0,0.58,2.81,3.88,2.23,2.67,21.99,,,2.94,8718.7,2305802.0,71.16854858398438,0.19,93.6768,1.22,,56.4,111.482,
2010-09-17,218.275,221.711,184.9,90.592,89.906,9.5,444000.0,0.48,2.75,3.9,2.27,2.59,22.01,,,3.03,8718.7,2296079.0,71.16854858398438,0.19,92.9418,0.9,,56.4,112.49,
2010-09-24,218.275,221.711,184.9,90.592,89.906,9.5,459000.0,0.45,2.62,3.79,2.17,2.47,21.71,,,3.05,8718.7,2307171.0,71.16854858398438,0.19,91.5996,0.84,,56.4,114.82,
2010-10-01,219.035,221.83,186.6,90.881,90.043,9.4,459000.0,0.42,2.54,3.71,2.12,2.38,22.5,,,3.07,8768.4,2298691.0,65.99193572998047,0.19,90.836,0.76,,55.3,114.61,
2010-10-08,219.035,221.83,186.6,90.881,90.043,9.4,446000.0,0.35,2.41,3.75,2.06,2.29,20.71,,,3.21,8768.4,2308092.0,65.99193572998047,0.19,90.1133,0.84,,55.3,116.5375,
2010-10-15,219.035,221.83,186.6,90.881,90.043,9.4,459000.0,0.37,2.59,3.98,2.22,2.45,19.03,,,3.26,8768.4,2309885.0,65.99193572998047,0.19,89.6815,0.72,,55.3,117.7,
2010-10-22,219.035,221.83,186.6,90.881,90.043,9.4,444000.0,0.35,2.59,3.94,2.24,2.46,18.78,,,3.18,8768.4,2305227.0,65.99193572998047,0.19,90.4063,0.88,,55.3,118.347,
2010-10-29,219.035,221.83,186.6,90.881,90.043,9.4,432000.0,0.34,2.63,3.99,2.29,2.51,21.2,,,3.15,8768.4,2295392.0,65.99193572998047,0.19,90.0935,0.89,,55.3,118.49,
2010-11-05,219.59,222.149,187.7,91.062,90.16,9.8,453000.0,0.38,2.58,4.12,2.2,2.45,18.26,,,3.27,8789.0,2300353.0,94.70516967773438,0.19,89.2441,0.67,,56.9,122.725,
2010-11-12,219.59,222.149,187.7,91.062,90.16,9.8,434000.0,0.51,2.76,4.26,2.25,2.63,20.61,,,3.24,8789.0,2312768.0,94.70516967773438,0.19,90.1701,1.0,,56.9,120.198,
2010-11-19,219.59,222.149,187.7,91.062,90.16,9.8,432000.0,0.52,2.88,4.25,2.36,2.74,18.04,,,3.11,8789.0,2314757.0,94.70516967773438,0.19,90.6986,0.66,,56.9,120.29,
2010-11-26,219.59,222.149,187.7,91.062,90.16,9.8,407000.0,0.51,2.87,4.21,2.36,2.71,22.22,,,3.07,8789.0,2346001.0,94.70516967773438,0.19,91.8152,0.83,,56.9,119.29,
2010-12-03,220.472,222.343,189.7,91.268,90.179,9.3,432000.0,0.49,3.03,4.32,2.54,2.89,18.01,,,3.02,8823.2,2346920.0,97.20389556884766,0.18,90.8788,0.76,,57.3,122.89,
2010-12-10,220.472,222.343,189.7,91.268,90.179,9.3,428000.0,0.64,3.32,4.43,2.68,3.19,17.61,,,2.79,8823.2,2382294.0,97.20389556884766,0.18,91.2831,0.73,,57.3,124.48,
2010-12-17,220.472,222.343,189.7,91.268,90.179,9.3,425000.0,0.61,3.33,4.41,2.72,3.22,16.11,,,2.73,8823.2,2385754.0,97.20389556884766,0.18,91.5555,0.74,,57.3,124.3,
2010-12-24,220.472,222.343,189.7,91.268,90.179,9.3,424000.0,0.67,3.41,4.47,2.74,3.27,16.47,,,2.7,8823.2,2427921.0,97.20389556884766,0.18,91.3013,0.85,,57.3,125.6,
2010-12-31,220.472,222.343,189.7,91.268,90.179,9.3,404000.0,0.61,3.3,4.34,2.69,3.18,17.75,,,2.68,8823.2,2420570.0,97.20389556884766,0.18,90.5146,0.97,,56.6,125.75,
2011-01-07,221.187,222.803,192.7,91.542,90.372,9.1,413000.0,0.6,3.34,4.48,2.74,3.2,17.14,,,2.73,8849.0,2436064.0,79.42161560058594,0.17,91.0001,0.87,,56.6,127.14,
2011-01-14,221.187,222.803,192.7,91.542,90.372,9.1,434000.0,0.59,3.35,4.53,2.76,3.2,15.46,,,2.74,8849.0,2468131.0,79.42161560058594,0.17,90.0461,0.58,,56.6,129.3,
2011-01-21,221.187,222.803,192.7,91.542,90.372,9.1,421000.0,0.63,3.44,4.57,2.81,3.28,18.47,,,2.68,8849.0,2425164.0,79.42161560058594,0.17,89.7204,0.79,,56.6,128.37,
2011-01-28,221.187,222.803,192.7,91.542,90.372,9.1,446000.0,0.54,3.36,4.53,2.82,3.21,20.04,,,2.7,8849.0,2443527.0,79.42161560058594,0.17,89.8189,1.05,,56.6,127.72,
2011-02-04,221.898,223.213,195.8,91.797,90.53,9.0,420000.0,0.77,3.68,4.73,2.91,3.53,15.93,,,2.57,8913.3,2469419.0,90.01448822021484,0.16,89.391,0.87,,59.1,131.15,
2011-02-11,221.898,223.213,195.8,91.797,90.53,9.0,402000.0,0.85,3.64,4.71,2.79,3.52,15.69,,,2.56,8913.3,2500481.0,90.01448822021484,0.16,89.8784,0.78,,59.1,133.11,
2011-02-18,221.898,223.213,195.8,91.797,90.53,9.0,425000.0,0.78,3.59,4.7,2.81,3.49,16.43,,,2.58,8913.3,2508868.0,90.01448822021484,0.16,89.1974,0.9,,59.1,134.53,
2011-02-25,221.898,223.213,195.8,91.797,90.53,9.0,394000.0,0.72,3.42,4.51,2.7,3.29,19.22,,,2.6,8913.3,2533221.0,90.01448822021484,0.16,89.1664,0.82,,59.1,132.33,
2011-03-04,223.046,223.454,199.2,92.166,90.667,9.0,385000.0,0.68,3.49,4.6,2.81,3.37,19.06,,,2.6,8971.5,2545119.0,136.8883056640625,0.14,88.4898,0.79,,59.2,132.47,
2011-03-11,223.046,223.454,199.2,92.166,90.667,9.0,414000.0,0.64,3.4,4.54,2.76,3.32,20.08,,,2.63,8971.5,2577076.0,136.8883056640625,0.14,88.691,1.06,,59.2,130.84,
2011-03-18,223.046,223.454,199.2,92.166,90.667,9.0,404000.0,0.61,3.28,4.43,2.67,3.21,24.44,,,2.69,8971.5,2583046.0,136.8883056640625,0.14,88.5221,0.97,,59.2,127.76,
2011-03-25,223.046,223.454,199.2,92.166,90.667,9.0,407000.0,0.79,3.46,4.51,2.67,3.37,17.91,,,2.58,8971.5,2601341.0,136.8883056640625,0.14,88.1716,0.82,,59.2,131.3,
2011-04-01,224.093,223.727,203.1,92.557,90.875,9.1,399000.0,0.8,3.46,4.48,2.66,3.39,17.4,,,2.58,9035.1,2622523.0,91.01776885986328,0.1,87.7993,0.9,,58.4,133.15,
2011-04-08,224.093,223.727,203.1,92.557,90.875,9.1,395000.0,0.83,3.59,4.63,2.76,3.55,17.87,,,2.56,9035.1,2648676.0,91.01776885986328,0.1,87.1493,0.86,,58.4,132.86,
2011-04-15,224.093,223.727,203.1,92.557,90.875,9.1,416000.0,0.71,3.43,4.47,2.72,3.36,15.32,,,2.56,9035.1,2665408.0,91.01776885986328,0.1,87.005,0.93,,58.4,132.04,
2011-04-22,224.093,223.727,203.1,92.557,90.875,9.1,402000.0,0.68,3.42,4.47,2.74,3.36,14.69,,,2.57,9035.1,2685782.0,91.01776885986328,0.1,86.3742,0.92,,58.4,133.78,
2011-04-29,224.093,223.727,203.1,92.557,90.875,9.1,422000.0,0.61,3.32,4.4,2.71,3.28,14.75,,,2.58,9035.1,2690985.0,91.01776885986328,0.1,85.5999,0.92,,58.4,136.43,
2011-05-06,224.806,224.175,204.1,92.838,91.091,9.0,468000.0,0.57,3.19,4.29,2.62,3.17,18.4,,,2.6,9107.8,2718757.0,105.34491729736328,0.09,86.4575,0.97,,57.9,134.2,
2011-05-13,224.806,224.175,204.1,92.838,91.091,9.0,435000.0,0.57,3.18,4.32,2.61,3.15,17.07,,,2.64,9107.8,2744498.0,105.34491729736328,0.09,87.4176,0.92,,57.9,134.04,
2011-05-20,224.806,224.175,204.1,92.838,91.091,9.0,414000.0,0.55,3.15,4.3,2.6,3.1,17.43,,,2.63,9107.8,2758009.0,105.34491729736328,0.09,87.3044,1.05,,57.9,133.61,
2011-05-27,224.806,224.175,204.1,92.838,91.091,9.0,423000.0,0.48,3.07,4.24,2.59,3.02,15.98,,,2.65,9107.8,2774996.0,105.34491729736328,0.09,86.9525,0.71,,57.9,133.51,
2011-06-03,224.806,224.697,203.9,92.819,91.191,9.1,418000.0,0.42,2.99,4.22,2.57,2.95,17.95,,,2.73,9182.1,2788723.0,84.391845703125,0.09,86.4234,1.23,,54.8,130.42,
2011-06-10,224.806,224.697,203.9,92.819,91.191,9.1,423000.0,0.41,2.99,4.18,2.58,2.94,18.86,,,2.71,9182.1,2811206.0,84.391845703125,0.09,87.042,1.17,,54.8,127.6,
2011-06-17,224.806,224.697,203.9,92.819,91.191,9.1,413000.0,0.38,2.94,4.19,2.56,2.9,21.85,,,2.79,9182.1,2827549.0,84.391845703125,0.09,87.2179,1.2,,54.8,127.05,
2011-06-24,224.806,224.697,203.9,92.819,91.191,9.1,416000.0,0.35,2.88,4.17,2.53,2.86,21.1,,,2.83,9182.1,2856403.0,84.391845703125,0.09,87.5014,1.07,,54.8,126.81,
2011-07-01,225.395,225.218,204.6,92.977,91.326,9.0,421000.0,0.5,3.22,4.4,2.72,3.2,15.87,,,2.69,9344.2,2865251.0,78.92475891113281,0.07,86.3613,0.86,,55.8,133.92,
2011-07-08,225.395,225.218,204.6,92.977,91.326,9.0,418000.0,0.4,3.03,4.27,2.63,3.0,15.95,,,2.73,9344.2,2870103.0,78.92475891113281,0.07,86.615,1.01,,55.8,134.4,
2011-07-15,225.395,225.218,204.6,92.977,91.326,9.0,408000.0,0.37,2.94,4.26,2.57,2.92,19.53,,,2.8,9344.2,2878074.0,78.92475891113281,0.07,86.5169,1.07,,55.8,131.69,
2011-07-22,225.395,225.218,204.6,92.977,91.326,9.0,420000.0,0.4,2.99,4.26,2.59,2.94,17.52,,,2.75,9344.2,2871301.0,78.92475891113281,0.07,85.8623,0.84,,55.8,134.58,
2011-07-29,225.395,225.218,204.6,92.977,91.326,9.0,411000.0,0.36,2.82,4.12,2.46,2.72,25.25,,,2.77,9344.2,2863576.0,78.92475891113281,0.07,85.7282,1.17,,55.8,129.33,
2011-08-05,226.106,225.862,203.2,93.196,91.508,9.0,406000.0,0.28,2.58,3.82,2.3,2.57,32.0,,,2.77,9531.0,2867215.0,86.95156860351562,0.1,87.1084,1.21,,52.9,120.08,
2011-08-12,226.106,225.862,203.2,93.196,91.508,9.0,405000.0,0.2,2.24,3.72,2.04,2.22,36.36,,,3.14,9531.0,2872423.0,86.95156860351562,0.1,87.177,1.08,,52.9,118.12,
2011-08-19,226.106,225.862,203.2,93.196,91.508,9.0,409000.0,0.2,2.07,3.39,1.87,2.05,43.05,,,3.12,9531.0,2857906.0,86.95156860351562,0.1,86.8286,1.33,,52.9,112.64,
2011-08-26,226.106,225.862,203.2,93.196,91.508,9.0,415000.0,0.2,2.19,3.54,1.99,2.18,35.59,,,3.25,9531.0,2859433.0,86.95156860351562,0.1,87.0751,1.17,,52.9,117.97,
2011-09-02,226.597,226.118,203.7,93.327,91.57,9.0,409000.0,0.2,2.02,3.32,1.82,2.0,33.92,,,3.18,9551.5,2853888.0,83.35044860839844,0.08,87.1797,1.41,,52.6,117.85,
2011-09-09,226.597,226.118,203.7,93.327,91.57,9.0,414000.0,0.17,1.93,3.26,1.76,1.92,38.52,,,3.28,9551.5,2858660.0,83.35044860839844,0.08,88.9514,1.32,,52.6,115.92,
2011-09-16,226.597,226.118,203.7,93.327,91.57,9.0,429000.0,0.18,2.08,3.34,1.9,2.07,30.98,,,3.31,9551.5,2863540.0,83.35044860839844,0.08,89.1108,1.02,,52.6,121.521,
2011-09-23,226.597,226.118,203.7,93.327,91.57,9.0,422000.0,0.23,1.84,2.89,1.61,1.83,41.25,,,3.31,9551.5,2857747.0,83.35044860839844,0.08,91.6904,1.11,,52.6,113.54,
2011-09-30,226.597,226.118,203.7,93.327,91.57,9.0,406000.0,0.25,1.92,2.9,1.67,1.9,42.96,,,3.3,9551.5,2850921.0,83.35044860839844,0.08,91.9998,1.25,,53.7,113.15,
2011-10-07,226.75,226.506,201.1,93.329,91.614,8.8,405000.0,0.3,2.1,3.02,1.8,2.09,36.2,,,3.32,9584.4,2859701.0,76.33993530273438,0.07,91.2469,1.23,,53.7,115.71,
2011-10-14,226.75,226.506,201.1,93.329,91.614,8.8,410000.0,0.28,2.26,3.22,1.98,2.24,28.24,,,3.26,9584.4,2860822.0,76.33993530273438,0.07,90.2116,0.97,,53.7,122.57,
2011-10-21,226.75,226.506,201.1,93.329,91.614,8.8,395000.0,0.3,2.23,3.26,1.93,2.21,31.32,,,3.18,9584.4,2852390.0,76.33993530273438,0.07,90.279,0.85,,53.7,123.97,
2011-10-28,226.75,226.506,201.1,93.329,91.614,8.8,403000.0,0.28,2.34,3.36,2.06,2.33,24.53,,,2.99,9584.4,2845685.0,76.33993530273438,0.07,88.6382,0.98,,53.7,128.6,
2011-11-04,227.169,226.899,201.4,93.52,91.808,8.6,399000.0,0.22,2.06,3.09,1.84,2.05,30.16,,,3.06,9636.5,2822034.0,83.15767669677734,0.08,90.3154,1.13,,51.4,125.481,
2011-11-11,227.169,226.899,201.4,93.52,91.808,8.6,392000.0,0.24,2.04,3.12,1.8,2.03,30.04,,,3.14,9636.5,2839786.0,83.15767669677734,0.08,90.8588,0.93,,51.4,126.66,
2011-11-18,227.169,226.899,201.4,93.52,91.808,8.6,383000.0,0.29,2.01,2.99,1.72,2.0,32.0,,,3.14,9636.5,2831576.0,83.15767669677734,0.08,91.3676,0.88,,51.4,121.979,
2011-11-25,227.169,226.899,201.4,93.52,91.808,8.6,385000.0,0.28,1.97,2.92,1.69,1.95,34.47,,,3.18,9636.5,2821980.0,83.15767669677734,0.08,93.1455,1.27,,51.4,116.34,
2011-12-02,227.223,227.405,199.8,93.574,91.96,8.5,397000.0,0.25,2.05,3.03,1.8,2.03,27.52,,,3.24,9683.9,2814235.0,85.34132385253906,0.07,91.3532,0.96,,51.8,124.86,
2011-12-09,227.223,227.405,199.8,93.574,91.96,8.5,387000.0,0.22,2.07,3.1,1.85,2.06,26.38,,,3.28,9683.9,2820691.0,85.34132385253906,0.07,91.6122,1.18,,51.8,126.05,
2011-12-16,227.223,227.405,199.8,93.574,91.96,8.5,368000.0,0.24,1.86,2.86,1.62,1.86,24.29,,,3.26,9683.9,2902488.0,85.34132385253906,0.07,92.8252,1.15,,51.8,121.59,
2011-12-23,227.223,227.405,199.8,93.574,91.96,8.5,368000.0,0.28,2.03,3.05,1.75,2.02,20.73,,,3.32,9683.9,2916085.0,85.34132385253906,0.07,92.3897,0.86,,51.8,126.39,
2011-12-30,227.223,227.405,199.8,93.574,91.96,8.5,386000.0,0.25,1.89,2.89,1.64,1.87,23.4,,,3.27,9683.9,2926095.0,85.34132385253906,0.07,92.4262,0.86,,51.8,125.5,
2012-01-06,227.842,227.877,200.7,93.894,92.235,8.3,376000.0,0.25,1.98,3.02,1.73,1.96,20.63,,,3.27,9757.6,2917689.0,79.63497161865234,0.08,92.7183,0.96,,53.0,127.71,
2012-01-13,227.842,227.877,200.7,93.894,92.235,8.3,391000.0,0.24,1.89,2.91,1.65,1.86,20.91,,,3.24,9757.6,2899149.0,79.63497161865234,0.08,92.5385,0.74,,53.0,128.84,
2012-01-20,227.842,227.877,200.7,93.894,92.235,8.3,367000.0,0.26,2.05,3.1,1.79,2.0,18.28,,,3.24,9757.6,2919423.0,79.63497161865234,0.08,91.3661,0.79,,53.0,131.95,
2012-01-27,227.842,227.877,200.7,93.894,92.235,8.3,381000.0,0.22,1.93,3.07,1.71,1.87,18.53,,,3.28,9757.6,2919545.0,79.63497161865234,0.08,90.2559,0.88,,53.0,131.82,
2012-02-03,228.329,228.034,201.6,94.104,92.364,8.3,372000.0,0.23,1.97,3.13,1.74,1.89,17.1,,,3.26,9809.8,2924947.0,92.4458236694336,0.1,89.8491,0.77,,54.2,134.54,
2012-02-10,228.329,228.034,201.6,94.104,92.364,8.3,368000.0,0.27,1.96,3.11,1.69,1.87,20.79,,,3.17,9809.8,2928275.0,92.4458236694336,0.1,90.1024,1.1,,54.2,134.361,
2012-02-17,228.329,228.034,201.6,94.104,92.364,8.3,361000.0,0.29,2.01,3.16,1.72,1.92,17.78,,,3.17,9809.8,2937893.0,92.4458236694336,0.1,90.23,0.75,,54.2,136.41,
2012-02-24,228.329,228.034,201.6,94.104,92.364,8.3,359000.0,0.31,1.98,3.1,1.67,1.88,17.31,,,3.12,9809.8,2932813.0,92.4458236694336,0.1,89.9104,1.06,,54.2,136.93,
2012-03-02,228.807,228.478,204.2,94.284,92.521,8.2,365000.0,0.28,1.99,3.11,1.71,1.92,17.29,,,3.09,9853.9,2925722.0,88.75997924804688,0.13,90.135,0.95,,53.3,137.312,
2012-03-09,228.807,228.478,204.2,94.284,92.521,8.2,375000.0,0.33,2.04,3.19,1.71,1.95,17.11,,,3.11,9853.9,2884747.0,88.75997924804688,0.13,90.4341,0.89,,53.3,137.57,
2012-03-16,228.807,228.478,204.2,94.284,92.521,8.2,369000.0,0.37,2.31,3.41,1.94,2.22,14.47,,,3.04,9853.9,2893560.0,88.75997924804688,0.13,90.5245,0.77,,53.3,140.3,
2012-03-23,228.807,228.478,204.2,94.284,92.521,8.2,368000.0,0.37,2.25,3.31,1.88,2.17,14.82,,,3.01,9853.9,2892646.0,88.75997924804688,0.13,90.6156,1.05,,53.3,139.65,
2012-03-30,228.807,228.478,204.2,94.284,92.521,8.2,363000.0,0.33,2.23,3.35,1.9,2.16,15.5,,,3.07,9853.9,2878137.0,88.75997924804688,0.13,90.4593,0.98,,53.3,140.81,
2012-04-06,229.187,228.905,203.7,94.408,92.661,8.2,358000.0,0.32,2.07,3.21,1.75,2.0,16.7,,,3.13,9907.7,2865478.0,96.01668548583984,0.14,90.9375,0.94,,53.5,139.79,
2012-04-13,229.187,228.905,203.7,94.408,92.661,8.2,387000.0,0.27,2.02,3.14,1.75,1.93,19.55,,,3.15,9907.7,2867200.0,96.01668548583984,0.14,91.0558,0.95,,53.5,137.14,
2012-04-20,229.187,228.905,203.7,94.408,92.661,8.2,381000.0,0.29,1.99,3.12,1.7,1.91,17.44,,,3.17,9907.7,2875470.0,96.01668548583984,0.14,90.8066,0.88,,53.5,137.95,
2012-04-27,229.187,228.905,203.7,94.408,92.661,8.2,387000.0,0.26,1.96,3.12,1.7,1.87,16.32,,,3.19,9907.7,2866561.0,96.01668548583984,0.14,90.3269,0.85,,53.5,140.39,
2012-05-04,228.713,229.224,201.9,94.302,92.755,8.2,372000.0,0.27,1.91,3.07,1.64,1.84,19.16,,,3.19,9951.4,2864280.0,78.17115783691406,0.16,91.0497,1.04,,55.2,137.0,
2012-05-11,228.713,229.224,201.9,94.302,92.755,8.2,373000.0,0.27,1.84,3.02,1.57,1.74,19.89,,,3.22,9951.4,2864150.0,78.17115783691406,0.16,91.7306,1.24,,55.2,135.61,
2012-05-18,228.713,229.224,201.9,94.302,92.755,8.2,369000.0,0.32,1.71,2.8,1.39,1.63,25.1,,,3.27,9951.4,2850984.0,78.17115783691406,0.16,93.1395,1.33,,55.2,129.74,
2012-05-25,228.713,229.224,201.9,94.302,92.755,8.2,371000.0,0.3,1.75,2.85,1.45,1.66,21.76,,,3.37,9951.4,2859495.0,78.17115783691406,0.16,93.9488,1.09,,55.2,132.1,
2012-06-01,228.524,229.623,199.8,94.254,92.85,8.2,381000.0,0.25,1.47,2.53,1.22,1.4,26.66,,,3.41,10021.6,2842654.0,77.82243347167969,0.16,94.6979,1.36,,53.2,128.16,
2012-06-08,228.524,229.623,199.8,94.254,92.85,8.2,377000.0,0.28,1.65,2.77,1.37,1.56,21.23,,,3.44,10021.6,2852018.0,77.82243347167969,0.16,94.2024,0.96,,53.2,133.1,
2012-06-15,228.524,229.623,199.8,94.254,92.85,8.2,383000.0,0.29,1.6,2.7,1.31,1.51,21.11,,,3.42,10021.6,2869071.0,77.82243347167969,0.16,93.5203,1.02,,53.2,134.14,
2012-06-22,228.524,229.623,199.8,94.254,92.85,8.2,384000.0,0.31,1.69,2.75,1.38,1.6,18.11,,,3.36,10021.6,2870846.0,77.82243347167969,0.16,93.9205,0.99,,53.2,133.46,
2012-06-29,228.524,229.623,199.8,94.254,92.85,8.2,380000.0,0.33,1.67,2.76,1.34,1.58,17.08,,,3.39,10021.6,2863547.0,77.82243347167969,0.16,92.9096,0.89,,53.2,136.105,
2012-07-06,228.59,229.97,200.1,94.288,92.946,8.2,372000.0,0.27,1.57,2.66,1.3,1.49,17.1,,,3.41,10074.5,2865858.0,82.80802154541016,0.16,93.7087,1.09,,49.5,135.49,
2012-07-13,228.59,229.97,200.1,94.288,92.946,8.2,360000.0,0.25,1.52,2.58,1.27,1.42,16.74,,,3.37,10074.5,2866279.0,82.80802154541016,0.16,93.5515,1.0,,49.5,135.75,
2012-07-20,228.59,229.97,200.1,94.288,92.946,8.2,390000.0,0.22,1.49,2.55,1.27,1.4,16.27,,,3.31,10074.5,2855807.0,82.80802154541016,0.16,93.3653,1.0,,49.5,136.47,
2012-07-27,228.59,229.97,200.1,94.288,92.946,8.2,368000.0,0.25,1.58,2.63,1.33,1.47,16.7,,,3.29,10074.5,2846757.0,82.80802154541016,0.16,92.9333,0.89,,49.5,138.675,
2012-08-03,229.918,230.233,202.7,94.605,93.005,8.1,372000.0,0.24,1.6,2.65,1.36,1.51,15.64,,,3.26,10145.6,2851118.0,74.87835693359375,0.13,92.6048,0.83,,49.6,139.349,
2012-08-10,229.918,230.233,202.7,94.605,93.005,8.1,371000.0,0.27,1.65,2.74,1.38,1.55,14.74,,,3.23,10145.6,2856181.0,74.87835693359375,0.13,92.5129,0.99,,49.6,140.84,
2012-08-17,229.918,230.233,202.7,94.605,93.005,8.1,369000.0,0.29,1.81,2.93,1.52,1.72,13.45,,,3.25,10145.6,2833317.0,74.87835693359375,0.13,92.711,0.75,,49.6,142.18,
2012-08-24,229.918,230.233,202.7,94.605,93.005,8.1,376000.0,0.28,1.68,2.79,1.4,1.58,15.18,,,3.21,10145.6,2825661.0,74.87835693359375,0.13,92.2785,0.85,,49.6,141.51,
2012-08-31,229.918,230.233,202.7,94.605,93.005,8.1,377000.0,0.22,1.57,2.68,1.35,1.48,17.47,,,3.21,10145.6,2812806.0,74.87835693359375,0.13,92.1677,0.91,,49.0,141.16,
2012-09-07,231.015,230.659,204.4,94.893,93.119,7.8,371000.0,0.25,1.67,2.81,1.42,1.56,14.38,,,3.2,10226.1,2822169.0,69.28050994873047,0.14,91.3469,0.74,,49.0,144.33,
2012-09-14,231.015,230.659,204.4,94.893,93.119,7.8,393000.0,0.27,1.88,3.09,1.61,1.77,14.51,,,3.15,10226.1,2823448.0,69.28050994873047,0.14,90.1436,0.69,,49.0,147.24,
2012-09-21,231.015,230.659,204.4,94.893,93.119,7.8,392000.0,0.27,1.77,2.95,1.5,1.66,13.98,,,3.06,10226.1,2821574.0,69.28050994873047,0.14,90.5342,0.8,,49.0,145.87,
2012-09-28,231.015,230.659,204.4,94.893,93.119,7.8,377000.0,0.23,1.65,2.82,1.42,1.55,15.73,,,3.07,10226.1,2804457.0,69.28050994873047,0.14,90.8342,0.99,,49.0,143.97,
2012-10-05,231.638,231.024,203.5,95.174,93.345,7.8,376000.0,0.27,1.75,2.96,1.48,1.64,14.33,,,2.98,10292.4,2808512.0,81.66366577148438,0.16,90.2851,0.94,,50.8,146.14,
2012-10-12,231.638,231.024,203.5,95.174,93.345,7.8,350000.0,0.27,1.69,2.83,1.42,1.58,16.14,,,2.85,10292.4,2811623.0,81.66366577148438,0.16,90.6833,1.05,,50.8,142.89,
2012-10-19,231.638,231.024,203.5,95.174,93.345,7.8,386000.0,0.3,1.79,2.94,1.49,1.69,17.06,,,2.71,10292.4,2846920.0,81.66366577148438,0.16,90.8107,1.12,,50.8,143.3896,
2012-10-26,231.638,231.024,203.5,95.174,93.345,7.8,374000.0,0.3,1.78,2.92,1.48,1.66,17.81,,,2.76,10292.4,2840964.0,81.66366577148438,0.16,91.1411,0.99,,50.8,141.35,
2012-11-02,231.249,231.33,201.8,95.109,93.445,7.7,364000.0,0.28,1.75,2.91,1.47,1.66,17.59,,,2.77,10361.9,2823137.0,81.38964080810547,0.16,91.281,0.92,,50.5,141.56,
2012-11-09,231.249,231.33,201.8,95.109,93.445,7.7,365000.0,0.27,1.61,2.75,1.34,1.52,18.61,,,2.82,10361.9,2830791.0,81.38964080810547,0.16,91.6871,1.17,,50.5,138.16,
2012-11-16,231.249,231.33,201.8,95.109,93.445,7.7,446000.0,0.24,1.58,2.73,1.34,1.52,16.41,,,2.9,10361.9,2877244.0,81.38964080810547,0.16,92.0095,1.03,,50.5,136.37,
2012-11-23,231.249,231.33,201.8,95.109,93.445,7.7,406000.0,0.29,1.7,2.83,1.41,1.6,15.14,,,2.89,10361.9,2871161.0,81.38964080810547,0.16,91.2616,0.89,,50.5,141.35,
2012-11-30,231.249,231.33,201.8,95.109,93.445,7.7,388000.0,0.25,1.62,2.81,1.37,1.54,15.87,,,2.95,10361.9,2851362.0,81.38964080810547,0.16,91.1038,1.16,,48.0,142.155,
2012-12-07,231.221,231.725,201.5,95.094,93.514,7.9,375000.0,0.25,1.64,2.81,1.39,1.55,15.9,,,2.96,10484.1,2859807.0,74.83155822753906,0.16,91.0437,0.8,,48.0,142.415,
2012-12-14,231.221,231.725,201.5,95.094,93.514,7.9,340000.0,0.24,1.72,2.87,1.48,1.68,17.0,,,2.9,10484.1,2917260.0,74.83155822753906,0.16,90.7156,0.89,,48.0,142.1051,
2012-12-21,231.221,231.725,201.5,95.094,93.514,7.9,356000.0,0.26,1.77,2.93,1.51,1.71,17.84,,,2.86,10484.1,2920231.0,74.83155822753906,0.16,90.9597,1.05,,48.0,142.79,
2012-12-28,231.221,231.725,201.5,95.094,93.514,7.9,362000.0,0.27,1.73,2.88,1.46,1.72,22.72,,,2.85,10484.1,2907300.0,74.83155822753906,0.16,91.0419,1.08,,48.0,140.03,
2013-01-04,231.679,232.229,202.5,95.275,93.703,8.0,362000.0,0.27,1.93,3.1,1.66,1.86,13.83,,,2.81,10508.1,2917189.0,90.6574935913086,0.14,91.1025,0.82,,50.1,146.37,
2013-01-11,231.679,232.229,202.5,95.275,93.703,8.0,363000.0,0.26,1.89,3.05,1.63,1.82,13.36,,,2.8,10508.1,2928728.0,90.6574935913086,0.14,90.5352,0.72,,50.1,147.07,
2013-01-18,231.679,232.229,202.5,95.275,93.703,8.0,344000.0,0.26,1.87,3.03,1.61,1.79,12.46,,,2.82,10508.1,2963812.0,90.6574935913086,0.14,90.8697,0.75,,50.1,148.33,
2013-01-25,231.679,232.229,202.5,95.275,93.703,8.0,339000.0,0.28,1.98,3.14,1.7,1.9,12.89,,,2.82,10508.1,3011697.0,90.6574935913086,0.14,91.0868,0.88,,50.1,150.25,
2013-02-01,232.937,232.569,204.3,95.614,93.805,7.7,366000.0,0.27,2.04,3.21,1.77,1.98,12.9,,,2.84,10527.5,3008704.0,81.59033203125,0.15,90.6923,0.9,,53.3,151.24,
2013-02-08,232.937,232.569,204.3,95.614,93.805,7.7,361000.0,0.25,1.99,3.17,1.74,1.92,13.02,,,2.86,10527.5,3014975.0,81.59033203125,0.15,91.3056,0.9,,53.3,151.8,
2013-02-15,232.937,232.569,204.3,95.614,93.805,7.7,347000.0,0.29,2.01,3.18,1.72,1.91,12.46,,,2.85,10527.5,3074225.0,81.59033203125,0.15,91.4551,0.88,,53.3,152.11,
2013-02-22,232.937,232.569,204.3,95.614,93.805,7.7,362000.0,0.27,1.97,3.15,1.7,1.84,14.17,,,2.87,10527.5,3095150.0,81.59033203125,0.15,92.1197,0.9,,53.3,151.89,
2013-03-01,232.282,232.794,204.0,95.488,93.891,7.5,342000.0,0.25,1.86,3.06,1.61,1.75,15.36,,,2.9,10583.8,3090600.0,75.89672088623047,0.14,92.6177,1.17,,54.2,152.11,
2013-03-08,232.282,232.794,204.0,95.488,93.891,7.5,340000.0,0.27,2.06,3.25,1.79,1.96,12.59,,,2.88,10583.8,3108805.0,75.89672088623047,0.14,92.6252,0.9,,54.2,155.44,
2013-03-15,232.282,232.794,204.0,95.488,93.891,7.5,343000.0,0.25,2.01,3.22,1.76,1.92,11.3,,,2.89,10583.8,3165396.0,75.89672088623047,0.14,92.128,0.85,,54.2,155.83,
2013-03-22,232.282,232.794,204.0,95.488,93.891,7.5,343000.0,0.26,1.93,3.13,1.67,1.86,13.57,,,2.9,10583.8,3206888.0,75.89672088623047,0.14,92.2051,0.92,,54.2,155.6,
2013-03-29,232.282,232.794,204.0,95.488,93.891,7.5,358000.0,0.25,1.87,3.1,1.62,1.8,12.7,,,2.96,10583.8,3202256.0,75.89672088623047,0.14,92.302,0.9,,54.2,156.67,
2013-04-05,231.797,232.832,203.5,95.391,93.937,7.6,375000.0,0.24,1.72,2.87,1.48,1.65,13.92,,,2.82,10611.3,3215432.0,95.10787200927734,0.15,92.1043,1.0,,51.9,155.158,
2013-04-12,231.797,232.832,203.5,95.391,93.937,7.6,359000.0,0.22,1.75,2.92,1.53,1.69,12.06,,,2.82,10611.3,3227762.0,95.10787200927734,0.15,91.7967,1.15,,51.9,158.8,
2013-04-19,231.797,232.832,203.5,95.391,93.937,7.6,356000.0,0.24,1.73,2.88,1.49,1.68,14.97,,,2.81,10611.3,3295109.0,95.10787200927734,0.15,92.2166,1.1,,51.9,155.48,
2013-04-26,231.797,232.832,203.5,95.391,93.937,7.6,343000.0,0.22,1.7,2.87,1.48,1.65,13.61,,,2.81,10611.3,3318649.0,95.10787200927734,0.15,91.9012,0.89,,51.9,158.24,
2013-05-03,231.893,232.996,204.1,95.461,94.047,7.5,331000.0,0.22,1.78,2.96,1.56,1.73,12.85,,,2.82,10646.1,3317194.0,83.71731567382812,0.11,91.5087,0.9,,51.0,161.368,
2013-05-10,231.893,232.996,204.1,95.461,94.047,7.5,335000.0,0.26,1.9,3.1,1.64,1.86,12.59,,,2.82,10646.1,3324615.0,83.71731567382812,0.11,92.2527,0.75,,51.0,163.41,
2013-05-17,231.893,232.996,204.1,95.461,94.047,7.5,360000.0,0.26,1.95,3.17,1.69,1.91,12.45,,,2.81,10646.1,3354269.0,83.71731567382812,0.11,93.1617,0.81,,51.0,166.94,
2013-05-24,231.893,232.996,204.1,95.461,94.047,7.5,343000.0,0.26,2.01,3.18,1.75,1.97,13.99,,,2.75,10646.1,3398713.0,83.71731567382812,0.11,93.2768,1.26,,51.0,165.308,
2013-05-31,231.893,232.996,204.1,95.461,94.047,7.5,353000.0,0.3,2.16,3.3,1.86,2.12,16.3,,,2.79,10646.1,3385128.0,83.71731567382812,0.11,93.6076,1.19,,50.8,163.445,
2013-06-07,232.445,233.35,204.3,95.673,94.209,7.5,346000.0,0.32,2.17,3.33,1.85,2.13,15.14,,,2.89,10703.3,3400183.0,82.97300720214844,0.09,92.6056,1.13,,50.8,164.8,
2013-06-14,232.445,233.35,204.3,95.673,94.209,7.5,337000.0,0.29,2.14,3.28,1.85,2.09,17.15,,,2.93,10703.3,3410842.0,82.97300720214844,0.09,92.1886,1.19,,50.8,163.175,
2013-06-21,232.445,233.35,204.3,95.673,94.209,7.5,353000.0,0.38,2.52,3.56,2.14,2.47,18.9,,,2.87,10703.3,3470530.0,82.97300720214844,0.09,94.4243,1.17,,50.8,159.07,
2013-06-28,232.445,233.35,204.3,95.673,94.209,7.5,347000.0,0.36,2.52,3.52,2.16,2.48,16.86,,,2.83,10703.3,3478672.0,82.97300720214844,0.09,94.3047,0.96,,50.8,160.42,
2013-07-05,232.9,233.88,204.4,95.792,94.329,7.3,340000.0,0.4,2.73,3.68,2.33,2.69,14.89,,,2.77,10742.8,3492742.0,73.97581481933594,0.09,95.0639,0.97,,51.1,163.02,
2013-07-12,232.9,233.88,204.4,95.792,94.329,7.3,351000.0,0.37,2.61,3.64,2.24,2.57,13.84,,,2.77,10742.8,3504095.0,73.97581481933594,0.09,94.0029,0.9,,51.1,167.51,
2013-07-19,232.9,233.88,204.4,95.792,94.329,7.3,344000.0,0.32,2.5,3.56,2.18,2.47,12.54,,,2.74,10742.8,3537861.0,73.97581481933594,0.09,93.4759,0.79,,51.1,169.17,
2013-07-26,232.9,233.88,204.4,95.792,94.329,7.3,355000.0,0.31,2.58,3.61,2.27,2.55,12.72,,,2.67,10742.8,3574574.0,73.97581481933594,0.09,93.1695,0.98,,51.1,169.11,
2013-08-02,233.456,234.336,204.2,95.934,94.431,7.2,334000.0,0.3,2.63,3.69,2.33,2.59,11.98,,,2.68,10801.2,3571797.0,90.95674896240234,0.08,93.5789,0.88,,53.8,170.95,
2013-08-09,233.456,234.336,204.2,95.934,94.431,7.2,339000.0,0.32,2.57,3.63,2.25,2.52,13.41,,,2.74,10801.2,3585359.0,90.95674896240234,0.08,92.8394,0.9,,53.8,169.31,
2013-08-16,233.456,234.336,204.2,95.934,94.431,7.2,327000.0,0.36,2.84,3.86,2.48,2.79,14.37,,,2.7,10801.2,3646323.0,90.95674896240234,0.08,93.4255,0.93,,53.8,165.83,
2013-08-23,233.456,234.336,204.2,95.934,94.431,7.2,340000.0,0.4,2.82,3.8,2.42,2.79,13.98,,,2.67,10801.2,3645668.0,90.95674896240234,0.08,93.9466,0.81,,53.8,166.62,
2013-08-30,233.456,234.336,204.2,95.934,94.431,7.2,336000.0,0.39,2.78,3.7,2.39,2.75,17.01,,,2.56,10801.2,3644456.0,90.95674896240234,0.08,94.7541,1.12,,53.8,163.65,
2013-09-06,233.544,234.7,203.9,95.976,94.543,7.2,325000.0,0.46,2.94,3.87,2.48,2.92,15.85,,,2.59,10862.0,3654182.0,100.4593276977539,0.08,94.2487,0.86,,54.0,166.04,
2013-09-13,233.544,234.7,203.9,95.976,94.543,7.2,300000.0,0.45,2.9,3.84,2.45,2.89,14.16,,,2.64,10862.0,3662035.0,100.4593276977539,0.08,93.6666,0.77,,54.0,169.33,
2013-09-20,233.544,234.7,203.9,95.976,94.543,7.2,323000.0,0.34,2.75,3.77,2.41,2.74,13.12,,,2.68,10862.0,3722192.0,100.4593276977539,0.08,92.6049,1.05,,54.0,170.72,
2013-09-27,233.544,234.7,203.9,95.976,94.543,7.2,314000.0,0.34,2.64,3.68,2.3,2.62,15.46,,,2.73,10862.0,3734018.0,100.4593276977539,0.08,92.9747,0.94,,54.0,168.909,
2013-10-04,233.669,234.921,202.5,96.103,94.703,7.2,319000.0,0.33,2.66,3.73,2.33,2.63,16.74,,,2.76,10986.3,3747387.0,72.95311737060547,0.09,92.6469,0.87,,54.6,168.89,
2013-10-11,233.669,234.921,202.5,96.103,94.703,7.2,368000.0,0.35,2.7,3.74,2.35,2.62,15.72,,,2.68,10986.3,3758663.0,72.95311737060547,0.09,92.854,0.95,,54.6,170.26,
2013-10-18,233.669,234.921,202.5,96.103,94.703,7.2,368000.0,0.33,2.6,3.65,2.27,2.56,13.04,,,2.66,10986.3,3813599.0,72.95311737060547,0.09,91.9989,0.69,,54.6,174.388,
2013-10-25,233.669,234.921,202.5,96.103,94.703,7.2,351000.0,0.32,2.53,3.6,2.21,2.49,13.09,,,2.66,10986.3,3839033.0,72.95311737060547,0.09,92.1623,0.93,,54.6,175.95,
2013-11-01,234.1,235.359,201.2,96.246,94.86,6.9,347000.0,0.33,2.65,3.69,2.32,2.61,13.28,,,2.64,10995.6,3843396.0,77.77902221679688,0.08,93.155,0.92,,54.6,176.21,
2013-11-08,234.1,235.359,201.2,96.246,94.86,6.9,342000.0,0.32,2.77,3.84,2.45,2.71,12.9,,,2.69,10995.6,3851623.0,77.77902221679688,0.08,93.6619,0.86,,54.6,177.29,
2013-11-15,234.1,235.359,201.2,96.246,94.86,6.9,340000.0,0.31,2.71,3.8,2.4,2.63,12.19,,,2.7,10995.6,3907424.0,77.77902221679688,0.08,93.2854,0.75,,54.6,180.05,
2013-11-22,234.1,235.359,201.2,96.246,94.86,6.9,331000.0,0.31,2.75,3.84,2.44,2.68,12.26,,,2.65,10995.6,3906620.0,77.77902221679688,0.08,93.4198,0.94,,54.6,180.81,
2013-11-29,234.1,235.359,201.2,96.246,94.86,6.9,316000.0,0.28,2.75,3.82,2.47,2.69,13.7,,,2.61,10995.6,3925876.0,77.77902221679688,0.08,93.6291,0.81,,54.6,181.0,
2013-12-06,234.719,235.759,202.0,96.414,94.961,6.7,312000.0,0.3,2.88,3.9,2.58,2.82,13.79,,,2.58,11060.1,3932626.0,70.37248992919922,0.09,93.4045,0.87,,55.5,180.94,
2013-12-13,234.719,235.759,202.0,96.414,94.961,6.7,354000.0,0.34,2.88,3.88,2.54,2.81,15.76,,,2.5,11060.1,3993955.0,70.37248992919922,0.09,93.3568,0.85,,55.5,178.11,
2013-12-20,234.719,235.759,202.0,96.414,94.961,6.7,364000.0,0.37,2.89,3.82,2.52,2.82,13.79,,,2.38,11060.1,4008062.0,70.37248992919922,0.09,93.7211,0.75,,55.5,181.56,
2013-12-27,234.719,235.759,202.0,96.414,94.961,6.7,334000.0,0.4,3.02,3.94,2.62,2.95,12.46,,,2.37,11060.1,4032575.0,70.37248992919922,0.09,93.7018,0.73,,55.5,183.845,
2014-01-03,235.288,235.961,203.8,96.614,95.064,6.6,332000.0,0.41,3.01,3.93,2.6,2.94,13.76,,,2.34,11130.8,4023640.0,77.91596984863281,0.07,93.853,0.9,,56.5,182.885,
2014-01-10,235.288,235.961,203.8,96.614,95.064,6.6,322000.0,0.39,2.88,3.8,2.49,2.83,12.14,,,2.32,11130.8,4028185.0,77.91596984863281,0.07,94.0045,0.76,,56.5,184.14,
2014-01-17,235.288,235.961,203.8,96.614,95.064,6.6,318000.0,0.4,2.84,3.75,2.44,2.79,12.44,,,2.33,11130.8,4071528.0,77.91596984863281,0.07,94.5846,0.71,,56.5,183.635,
2014-01-24,235.288,235.961,203.8,96.614,95.064,6.6,327000.0,0.37,2.75,3.64,2.38,2.71,18.14,,,2.35,11130.8,4097914.0,77.91596984863281,0.07,94.8555,0.92,,56.5,178.89,
2014-01-31,235.288,235.961,203.8,96.614,95.064,6.6,340000.0,0.34,2.67,3.61,2.33,2.65,18.41,,,2.4,11130.8,4102138.0,77.91596984863281,0.07,95.1774,0.86,,52.5,178.18,
2014-02-07,235.547,236.185,205.7,96.66,95.109,6.7,331000.0,0.3,2.71,3.67,2.41,2.63,15.29,,,2.42,11196.8,4109285.0,69.00352478027344,0.07,94.7457,0.82,,52.5,179.68,
2014-02-14,235.547,236.185,205.7,96.66,95.109,6.7,337000.0,0.32,2.75,3.69,2.43,2.73,13.57,,,2.38,11196.8,4119474.0,69.00352478027344,0.07,94.2711,0.83,,52.5,184.02,
2014-02-21,235.547,236.185,205.7,96.66,95.109,6.7,332000.0,0.33,2.73,3.69,2.4,2.68,14.68,,,2.38,11196.8,4149224.0,69.00352478027344,0.07,94.6571,0.69,,52.5,183.89,
2014-02-28,235.547,236.185,205.7,96.66,95.109,6.7,341000.0,0.33,2.66,3.59,2.33,2.61,14.0,,,2.35,11196.8,4159972.0,69.00352478027344,0.07,94.3879,0.82,,55.0,186.29,
2014-03-07,236.028,236.625,207.0,96.815,95.25,6.7,319000.0,0.38,2.8,3.72,2.42,2.74,14.11,,,2.34,11232.6,4171762.0,119.83855438232422,0.08,94.2532,0.82,,55.0,188.26,
2014-03-14,236.028,236.625,207.0,96.815,95.25,6.7,322000.0,0.36,2.65,3.59,2.29,2.6,17.82,,,2.4,11232.6,4181361.0,119.83855438232422,0.08,94.243,0.79,,55.0,184.66,
2014-03-21,236.028,236.625,207.0,96.815,95.25,6.7,321000.0,0.45,2.75,3.61,2.3,2.69,15.0,,,2.32,11232.6,4222081.0,119.83855438232422,0.08,94.8547,0.9,,55.0,186.2,
2014-03-28,236.028,236.625,207.0,96.815,95.25,6.7,313000.0,0.45,2.73,3.55,2.28,2.69,14.41,,,2.25,11232.6,4226971.0,119.83855438232422,0.08,94.3683,0.96,,55.0,185.49,
2014-04-04,236.468,237.072,208.3,96.987,95.413,6.2,330000.0,0.43,2.74,3.59,2.31,2.71,13.96,,,2.25,11277.7,4236441.0,93.22154235839844,0.09,94.2191,0.94,,55.9,186.4,
2014-04-11,236.468,237.072,208.3,96.987,95.413,6.2,311000.0,0.37,2.63,3.48,2.26,2.59,17.03,,,2.23,11277.7,4244188.0,93.22154235839844,0.09,93.6395,1.15,,55.9,181.51,
2014-04-18,236.468,237.072,208.3,96.987,95.413,6.2,308000.0,0.43,2.73,3.52,2.3,2.7,13.36,,,2.16,11277.7,4283967.0,93.22154235839844,0.09,93.9629,0.85,,55.9,186.39,
2014-04-25,236.468,237.072,208.3,96.987,95.413,6.2,327000.0,0.43,2.68,3.45,2.25,2.65,14.06,,,2.13,11277.7,4296339.0,93.22154235839844,0.09,94.1623,1.14,,55.9,186.29,
2014-05-02,236.918,237.529,208.0,97.147,95.574,6.3,345000.0,0.42,2.6,3.37,2.18,2.58,12.91,,,2.14,11342.8,4296049.0,83.4288558959961,0.09,93.8182,0.95,,56.6,188.06,
2014-05-09,236.918,237.529,208.0,97.147,95.574,6.3,325000.0,0.4,2.62,3.47,2.22,2.59,12.92,,,2.21,11342.8,4303143.0,83.4288558959961,0.09,93.6614,0.94,,56.6,187.96,
2014-05-16,236.918,237.529,208.0,97.147,95.574,6.3,303000.0,0.38,2.52,3.34,2.14,2.49,12.44,,,2.2,11342.8,4336649.0,83.4288558959961,0.09,93.6073,0.89,,56.6,188.05,
2014-05-23,236.918,237.529,208.0,97.147,95.574,6.3,324000.0,0.37,2.54,3.4,2.17,2.5,11.36,,,2.24,11342.8,4327560.0,83.4288558959961,0.09,93.7042,0.76,,56.6,190.35,
2014-05-30,236.918,237.529,208.0,97.147,95.574,6.3,305000.0,0.37,2.48,3.33,2.11,2.44,11.4,,,2.22,11342.8,4322654.0,83.4288558959961,0.09,93.7606,0.89,,56.6,192.68,
2014-06-06,237.231,237.837,208.3,97.253,95.682,6.1,312000.0,0.41,2.6,3.44,2.19,2.56,10.73,,,2.23,11398.1,4330917.0,98.76710510253906,0.1,93.9069,0.92,,55.7,195.375,
2014-06-13,237.231,237.837,208.3,97.253,95.682,6.1,317000.0,0.45,2.6,3.41,2.15,2.56,12.18,,,2.19,11398.1,4340904.0,98.76710510253906,0.1,93.9168,0.77,,55.7,194.13,
2014-06-20,237.231,237.837,208.3,97.253,95.682,6.1,314000.0,0.5,2.63,3.44,2.13,2.61,10.85,,,2.2,11398.1,4368168.0,98.76710510253906,0.1,93.7591,0.78,,55.7,195.94,
2014-06-27,237.231,237.837,208.3,97.253,95.682,6.1,315000.0,0.45,2.54,3.36,2.09,2.51,11.26,,,2.2,11398.1,4368348.0,98.76710510253906,0.1,93.3983,0.84,,55.7,195.82,
2014-07-04,237.498,238.195,208.0,97.391,95.848,6.2,308000.0,0.52,2.65,3.47,2.13,2.64,10.32,,,2.21,11453.0,4377031.0,138.7539520263672,0.09,93.3149,1.02,,55.0,198.2,
2014-07-11,237.498,238.195,208.0,97.391,95.848,6.2,302000.0,0.48,2.53,3.34,2.05,2.51,12.08,,,2.2,11453.0,4383401.0,138.7539520263672,0.09,93.4171,0.89,,55.0,196.61,
2014-07-18,237.498,238.195,208.0,97.391,95.848,6.2,308000.0,0.51,2.5,3.29,1.99,2.48,12.06,,,2.2,11453.0,4398201.0,138.7539520263672,0.09,93.6608,0.91,,55.0,197.7099,
2014-07-25,237.498,238.195,208.0,97.391,95.848,6.2,294000.0,0.53,2.48,3.24,1.95,2.45,12.69,,,2.19,11453.0,4410746.0,138.7539520263672,0.09,93.8294,0.95,,55.0,197.72,
2014-08-01,237.46,238.405,207.0,97.379,95.885,6.1,303000.0,0.47,2.52,3.29,2.05,2.49,17.03,,,2.23,11477.3,4406637.0,136.44558715820312,0.09,94.4754,1.24,,55.1,192.5,
2014-08-08,237.46,238.405,207.0,97.379,95.885,6.1,295000.0,0.45,2.44,3.23,1.99,2.41,15.77,,,2.27,11477.3,4410111.0,136.44558715820312,0.09,94.6027,1.09,,55.1,193.24,
2014-08-15,237.46,238.405,207.0,97.379,95.885,6.1,309000.0,0.42,2.34,3.13,1.92,2.31,13.15,,,2.29,11477.3,4431923.0,136.44558715820312,0.09,94.2941,1.01,,55.1,195.72,
2014-08-22,237.46,238.405,207.0,97.379,95.885,6.1,303000.0,0.53,2.4,3.16,1.87,2.37,11.47,,,2.26,11477.3,4412924.0,136.44558715820312,0.09,94.8012,0.93,,55.1,199.19,
2014-08-29,237.46,238.405,207.0,97.379,95.885,6.1,300000.0,0.48,2.35,3.09,1.87,2.32,11.98,,,2.23,11477.3,4413736.0,136.44558715820312,0.09,94.7251,0.96,,55.1,200.71,
2014-09-05,237.477,238.786,206.4,97.413,96.013,5.9,303000.0,0.52,2.46,3.23,1.94,2.43,12.09,,,2.29,11519.1,4415587.0,131.55665588378906,0.09,95.2203,1.03,,56.3,201.11,
2014-09-12,237.477,238.786,206.4,97.413,96.013,5.9,307000.0,0.58,2.62,3.35,2.04,2.6,13.31,,,2.27,11519.1,4421408.0,131.55665588378906,0.09,96.0748,0.89,,56.3,199.13,
2014-09-19,237.477,238.786,206.4,97.413,96.013,5.9,288000.0,0.59,2.59,3.29,2.0,2.57,12.11,,,2.26,11519.1,4449588.0,131.55665588378906,0.09,96.3417,0.83,,56.3,200.7,
2014-09-26,237.477,238.786,206.4,97.413,96.013,5.9,295000.0,0.59,2.54,3.22,1.95,2.53,14.85,,,2.27,11519.1,4459050.0,131.55665588378906,0.09,97.208,1.13,,56.3,197.9,
2014-10-03,237.43,239.191,203.4,97.384,96.096,5.7,290000.0,0.57,2.45,3.13,1.88,2.44,14.55,,,2.29,11593.1,4450260.0,83.66100311279297,0.09,97.9846,0.92,,55.7,196.52,
2014-10-10,237.43,239.191,203.4,97.384,96.096,5.7,293000.0,0.45,2.31,3.03,1.86,2.3,21.24,,,2.36,11593.1,4455403.0,83.66100311279297,0.09,97.4144,1.2,,55.7,190.54,
2014-10-17,237.43,239.191,203.4,97.384,96.096,5.7,281000.0,0.39,2.22,2.98,1.83,2.2,21.99,,,2.44,11593.1,4474360.0,83.66100311279297,0.09,97.3067,1.2,,55.7,188.47,
2014-10-24,237.43,239.191,203.4,97.384,96.096,5.7,290000.0,0.41,2.29,3.05,1.88,2.28,16.11,,,2.43,11593.1,4481616.0,83.66100311279297,0.09,97.4772,0.9,,55.7,196.43,
2014-10-31,237.43,239.191,203.4,97.384,96.096,5.7,291000.0,0.5,2.35,3.07,1.85,2.34,14.03,,,2.39,11593.1,4486754.0,83.66100311279297,0.09,98.1163,0.77,,56.2,201.66,
2014-11-07,236.983,239.458,200.9,97.291,96.181,5.8,280000.0,0.51,2.32,3.04,1.81,2.29,13.12,,,2.43,11634.2,4486585.0,84.38005065917969,0.09,99.0236,0.95,,56.2,203.34,
2014-11-14,236.983,239.458,200.9,97.291,96.181,5.8,291000.0,0.54,2.32,3.04,1.78,2.3,13.31,,,2.48,11634.2,4488895.0,84.38005065917969,0.09,99.0917,0.92,,56.2,204.24,
2014-11-21,236.983,239.458,200.9,97.291,96.181,5.8,293000.0,0.53,2.31,3.02,1.78,2.3,12.9,,,2.49,11634.2,4492759.0,84.38005065917969,0.09,99.2894,0.75,,56.2,206.68,
2014-11-28,236.983,239.458,200.9,97.291,96.181,5.8,303000.0,0.47,2.18,2.89,1.71,2.16,13.33,,,2.52,11634.2,4485931.0,84.38005065917969,0.09,100.0719,1.09,,56.2,207.2,
2014-12-05,236.252,239.584,197.0,97.12,96.249,5.6,291000.0,0.65,2.31,2.97,1.66,2.29,11.82,,,2.48,11717.6,4486190.0,86.5262222290039,0.12,101.0989,1.03,,56.3,208.0,
2014-12-12,236.252,239.584,197.0,97.12,96.249,5.6,291000.0,0.56,2.1,2.75,1.54,2.08,21.08,,,2.58,11717.6,4488865.0,86.5262222290039,0.12,101.3735,1.13,,56.3,200.89,
2014-12-19,236.252,239.584,197.0,97.12,96.249,5.6,286000.0,0.67,2.17,2.77,1.5,2.13,16.49,,,2.56,11717.6,4502247.0,86.5262222290039,0.12,102.0483,0.88,,56.3,206.52,
2014-12-26,236.252,239.584,197.0,97.12,96.249,5.6,276000.0,0.73,2.25,2.81,1.52,2.24,14.5,,,2.5,11717.6,4509462.0,86.5262222290039,0.12,102.3028,0.73,,56.3,208.44,
2015-01-02,234.747,239.811,192.0,96.654,96.214,5.7,285000.0,0.66,2.12,2.69,1.46,2.1,17.79,,,2.51,11805.2,4497660.0,111.9856948852539,0.11,102.9027,1.22,,55.7,205.43,
2015-01-09,234.747,239.811,192.0,96.654,96.214,5.7,294000.0,0.59,1.98,2.55,1.39,1.96,17.55,,,2.55,11805.2,4499524.0,111.9856948852539,0.11,103.1213,0.99,,55.7,204.25,
2015-01-16,234.747,239.811,192.0,96.654,96.214,5.7,304000.0,0.49,1.83,2.44,1.34,1.8,20.95,,,2.62,11805.2,4516077.0,111.9856948852539,0.11,103.2189,0.91,,55.7,201.63,
2015-01-23,234.747,239.811,192.0,96.654,96.214,5.7,298000.0,0.52,1.81,2.38,1.29,1.79,16.66,,,2.6,11805.2,4512936.0,111.9856948852539,0.11,104.3676,1.28,,55.7,204.97,
2015-01-30,234.747,239.811,192.0,96.654,96.214,5.7,261000.0,0.47,1.68,2.25,1.21,1.66,20.97,,,2.61,11805.2,4500064.0,111.9856948852539,0.11,105.5884,1.14,,55.7,199.45,
2015-02-06,235.342,240.172,191.1,96.825,96.324,5.5,281000.0,0.65,1.95,2.51,1.3,1.93,17.29,,,2.55,11922.8,4500348.0,111.92469787597656,0.11,105.1283,1.02,,53.9,205.55,
2015-02-13,235.342,240.172,191.1,96.825,96.324,5.5,298000.0,0.66,2.02,2.63,1.36,2.01,14.69,,,2.55,11922.8,4501685.0,111.92469787597656,0.11,104.8452,0.97,,53.9,209.78,
2015-02-20,235.342,240.172,191.1,96.825,96.324,5.5,285000.0,0.67,2.13,2.73,1.46,2.11,14.3,,,2.5,11922.8,4496851.0,111.92469787597656,0.11,105.3387,0.79,,53.9,211.239,
2015-02-27,235.342,240.172,191.1,96.825,96.324,5.5,305000.0,0.63,2.0,2.6,1.37,1.98,13.34,,,2.46,11922.8,4486725.0,111.92469787597656,0.11,105.5981,1.02,,53.9,210.66,
2015-03-06,235.976,240.755,191.5,97.008,96.47,5.4,317000.0,0.73,2.24,2.83,1.51,2.23,15.2,,,2.45,11920.5,4487583.0,104.23526763916016,0.11,107.4337,1.28,,53.0,207.5,
2015-03-13,235.976,240.755,191.5,97.008,96.47,5.4,293000.0,0.68,2.13,2.7,1.45,2.1,16.0,,,2.47,11920.5,4489279.0,104.23526763916016,0.11,108.9174,1.21,,53.0,205.8272,
2015-03-20,235.976,240.755,191.5,97.008,96.47,5.4,290000.0,0.6,1.93,2.5,1.33,1.92,13.02,,,2.51,11920.5,4495888.0,104.23526763916016,0.11,107.1671,0.81,,53.0,210.41,
2015-03-27,235.976,240.755,191.5,97.008,96.47,5.4,284000.0,0.58,1.95,2.53,1.37,1.91,15.07,,,2.53,11920.5,4480603.0,104.23526763916016,0.11,106.8916,1.07,,53.0,205.74,
2015-04-03,236.222,241.346,190.9,97.094,96.648,5.4,269000.0,0.49,1.85,2.49,1.36,1.83,14.67,,,2.58,11954.6,4481799.0,102.19049072265624,0.12,105.8861,1.12,,52.1,206.435,
2015-04-10,236.222,241.346,190.9,97.094,96.648,5.4,282000.0,0.57,1.96,2.58,1.39,1.94,12.58,,,2.53,11954.6,4483419.0,102.19049072265624,0.12,107.4526,0.85,,52.1,210.04,
2015-04-17,236.222,241.346,190.9,97.094,96.648,5.4,298000.0,0.51,1.87,2.51,1.36,1.86,13.89,,,2.53,11954.6,4485366.0,102.19049072265624,0.12,106.329,1.12,,52.1,207.95,
2015-04-24,236.222,241.346,190.9,97.094,96.648,5.4,295000.0,0.54,1.93,2.62,1.39,1.9,12.29,,,2.56,11954.6,4489695.0,102.19049072265624,0.12,105.905,0.76,,52.1,211.6499,
2015-05-01,237.001,241.688,193.4,97.327,96.766,5.6,269000.0,0.6,2.12,2.82,1.52,2.11,12.7,,,2.61,11982.6,4471499.0,76.2623291015625,0.12,105.6382,0.97,,51.9,210.72,
2015-05-08,237.001,241.688,193.4,97.327,96.766,5.6,267000.0,0.59,2.16,2.9,1.57,2.15,12.86,,,2.65,11982.6,4472703.0,76.2623291015625,0.12,104.8424,0.86,,51.9,211.62,
2015-05-15,237.001,241.688,193.4,97.327,96.766,5.6,271000.0,0.55,2.14,2.93,1.59,2.12,12.38,,,2.72,11982.6,4501188.0,76.2623291015625,0.12,104.0202,0.83,,51.9,212.44,
2015-05-22,237.001,241.688,193.4,97.327,96.766,5.6,276000.0,0.64,2.21,2.99,1.57,2.19,12.13,,,2.74,11982.6,4480384.0,76.2623291015625,0.12,105.8487,0.89,,51.9,212.99,
2015-05-29,237.001,241.688,193.4,97.327,96.766,5.6,281000.0,0.61,2.12,2.88,1.51,2.11,13.84,,,2.72,11982.6,4463981.0,76.2623291015625,0.12,106.7388,1.16,,51.9,211.14,
2015-06-05,237.657,242.064,194.8,97.516,96.882,5.3,275000.0,0.73,2.41,3.11,1.68,2.38,14.21,,,2.69,12023.2,4465360.0,85.90596771240234,0.13,107.1336,1.04,,52.9,209.77,
2015-06-12,237.657,242.064,194.8,97.516,96.882,5.3,278000.0,0.74,2.39,3.1,1.65,2.37,13.78,,,2.7,12023.2,4468005.0,85.90596771240234,0.13,105.9015,1.06,,52.9,210.01,
2015-06-19,237.657,242.064,194.8,97.516,96.882,5.3,269000.0,0.65,2.26,3.05,1.61,2.25,13.96,,,2.82,12023.2,4487817.0,85.90596771240234,0.13,105.4496,0.93,,52.9,210.81,
2015-06-26,237.657,242.064,194.8,97.516,96.882,5.3,273000.0,0.72,2.49,3.25,1.77,2.48,14.02,,,2.81,12023.2,4495055.0,85.90596771240234,0.13,106.4116,1.06,,52.9,209.82,
2015-07-03,238.034,242.565,193.9,97.605,96.978,5.2,275000.0,0.64,2.4,3.19,1.76,2.39,16.79,,,2.86,12067.0,4479130.0,106.80866241455078,0.13,106.9106,1.0,,52.5,207.31,
2015-07-10,238.034,242.565,193.9,97.605,96.978,5.2,292000.0,0.65,2.42,3.2,1.77,2.41,16.83,,,2.9,12067.0,4481289.0,106.80866241455078,0.13,107.213,1.02,,52.5,207.48,
2015-07-17,238.034,242.565,193.9,97.605,96.978,5.2,285000.0,0.68,2.34,3.08,1.66,2.31,11.95,,,2.87,12067.0,4493605.0,106.80866241455078,0.13,108.5374,0.85,,52.5,212.48,
2015-07-24,238.034,242.565,193.9,97.605,96.978,5.2,265000.0,0.7,2.27,2.96,1.57,2.23,13.74,,,2.87,12067.0,4500503.0,106.80866241455078,0.13,109.0174,1.41,,52.5,208.0,
2015-07-31,238.034,242.565,193.9,97.605,96.978,5.2,269000.0,0.67,2.2,2.92,1.53,2.12,12.12,,,2.94,12067.0,4485480.0,106.80866241455078,0.13,108.7819,1.11,,52.0,210.5,
2015-08-07,238.033,242.817,191.9,97.612,97.056,5.1,270000.0,0.73,2.18,2.83,1.45,2.12,13.39,,,2.91,12112.0,4486329.0,82.47853088378906,0.14,109.4376,1.23,,52.0,207.95,
2015-08-14,238.033,242.817,191.9,97.612,97.056,5.1,274000.0,0.73,2.2,2.84,1.47,2.11,12.83,,,2.97,12112.0,4489250.0,82.47853088378906,0.14,109.9174,1.01,,52.0,209.42,
2015-08-21,238.033,242.817,191.9,97.612,97.056,5.1,279000.0,0.64,2.05,2.74,1.41,2.02,28.03,,,3.1,12112.0,4487208.0,82.47853088378906,0.14,110.1443,1.69,,52.0,197.83,
2015-08-28,238.033,242.817,191.9,97.612,97.056,5.1,274000.0,0.72,2.19,2.92,1.47,2.13,26.05,,,3.13,12112.0,4475105.0,82.47853088378906,0.14,110.6714,1.28,,52.0,199.28,
2015-09-04,237.498,243.316,189.1,97.477,97.196,5.0,279000.0,0.71,2.13,2.89,1.42,2.11,27.8,,,3.15,12173.9,4475886.0,98.7674560546875,0.14,111.1018,1.48,,50.2,192.59,
2015-09-11,237.498,243.316,189.1,97.477,97.196,5.0,273000.0,0.71,2.2,2.95,1.49,2.16,23.2,,,3.11,12173.9,4478213.0,98.7674560546875,0.14,110.6109,1.21,,50.2,196.74,
2015-09-18,237.498,243.316,189.1,97.477,97.196,5.0,264000.0,0.69,2.13,2.93,1.44,2.13,22.28,,,3.15,12173.9,4487809.0,98.7674560546875,0.14,109.8165,1.14,,50.2,195.45,
2015-09-25,237.498,243.316,189.1,97.477,97.196,5.0,269000.0,0.7,2.17,2.96,1.47,2.17,23.62,,,3.19,12173.9,4497484.0,98.7674560546875,0.14,111.3725,1.3,,50.2,192.85,
2015-10-02,237.733,243.768,187.5,97.477,97.228,5.0,272000.0,0.58,1.99,2.82,1.41,1.99,20.94,,,3.34,12225.2,4484111.0,91.931884765625,0.12,110.7006,1.09,,50.1,195.0,
2015-10-09,237.733,243.768,187.5,97.477,97.228,5.0,267000.0,0.65,2.12,2.94,1.47,2.11,17.08,,,3.26,12225.2,4486185.0,91.931884765625,0.12,109.0782,0.87,,50.1,201.33,
2015-10-16,237.733,243.768,187.5,97.477,97.228,5.0,265000.0,0.61,2.04,2.87,1.43,2.03,15.05,,,3.28,12225.2,4504704.0,91.931884765625,0.12,108.9956,0.87,,50.1,203.27,
2015-10-23,237.733,243.768,187.5,97.477,97.228,5.0,264000.0,0.66,2.09,2.9,1.43,2.08,14.46,,,3.23,12225.2,4501372.0,91.931884765625,0.12,110.4329,0.77,,50.1,207.51,
2015-10-30,237.733,243.768,187.5,97.477,97.228,5.0,264000.0,0.75,2.16,2.93,1.41,2.08,15.07,,,3.19,12225.2,4489339.0,91.931884765625,0.12,110.2079,0.95,,50.1,207.93,
2015-11-06,238.017,244.241,185.7,97.538,97.332,5.1,275000.0,0.9,2.34,3.09,1.44,2.26,14.33,,,3.17,12317.0,4489702.0,150.71588134765625,0.12,111.7603,1.04,,49.1,210.04,
2015-11-13,238.017,244.241,185.7,97.538,97.332,5.1,276000.0,0.86,2.28,3.06,1.42,2.14,20.08,,,3.2,12317.0,4492012.0,150.71588134765625,0.12,112.0264,1.16,,49.1,202.54,
2015-11-20,238.017,244.241,185.7,97.538,97.332,5.1,272000.0,0.93,2.26,3.02,1.33,2.14,15.47,,,3.2,12317.0,4486721.0,150.71588134765625,0.12,111.7799,0.94,,49.1,209.3108,
2015-11-27,238.017,244.241,185.7,97.538,97.332,5.1,261000.0,0.92,2.22,3.0,1.3,2.04,15.12,,,3.22,12317.0,4477088.0,150.71588134765625,0.12,112.2824,1.12,,49.1,209.56,
2015-12-04,237.761,244.547,183.5,97.456,97.396,5.0,265000.0,0.96,2.28,3.01,1.32,2.05,14.81,,,3.15,12387.9,4478069.0,148.23687744140625,0.24,111.5463,0.9,,49.1,209.62,
2015-12-11,237.761,244.547,183.5,97.456,97.396,5.0,280000.0,0.88,2.13,2.87,1.25,1.9,24.39,,,3.24,12387.9,4480436.0,148.23687744140625,0.24,112.7147,1.08,,49.1,201.88,
2015-12-18,237.761,244.547,183.5,97.456,97.396,5.0,268000.0,0.97,2.19,2.9,1.22,2.0,20.7,,,3.25,12387.9,4489593.0,148.23687744140625,0.24,113.2837,1.03,,49.1,200.0208,
2015-12-25,237.761,244.547,183.5,97.456,97.396,5.0,260000.0,1.03,2.25,2.96,1.22,2.05,15.74,,,3.22,12387.9,4496523.0,148.23687744140625,0.24,113.0496,0.92,,49.1,205.68,
2016-01-01,237.652,244.955,182.6,97.496,97.567,4.8,276000.0,1.06,2.27,3.01,1.21,2.11,18.21,,,3.23,12518.5,4486587.0,118.21114349365234,0.34,113.3429,1.04,,48.7,203.87,
2016-01-08,237.652,244.955,182.6,97.496,97.567,4.8,273000.0,0.94,2.13,2.91,1.19,1.93,27.01,,,3.31,12518.5,4486606.0,118.21114349365234,0.34,115.0095,1.34,,48.7,191.923,
2016-01-15,237.652,244.955,182.6,97.496,97.567,4.8,284000.0,0.85,2.03,2.81,1.18,1.79,27.02,,,3.38,12518.5,4501695.0,118.21114349365234,0.34,115.7404,1.52,,48.7,187.81,
2016-01-22,237.652,244.955,182.6,97.496,97.567,4.8,290000.0,0.88,2.07,2.83,1.19,1.76,22.34,,,3.42,12518.5,4488840.0,118.21114349365234,0.34,115.9833,1.11,,48.7,190.52,
2016-01-29,237.652,244.955,182.6,97.496,97.567,4.8,269000.0,0.76,1.94,2.75,1.18,1.61,20.2,,,3.48,12518.5,4482349.0,118.21114349365234,0.34,115.5731,0.91,,48.7,193.7208,
2016-02-05,237.336,245.51,181.3,97.445,97.736,4.9,282000.0,0.74,1.86,2.68,1.12,1.56,23.38,,,3.52,12603.9,4483495.0,103.74964904785156,0.38,114.2935,0.97,,47.6,187.95,
2016-02-12,237.336,245.51,181.3,97.445,97.736,4.9,266000.0,0.71,1.74,2.6,1.03,1.44,25.4,,,3.6,12603.9,4486278.0,103.74964904785156,0.38,114.2992,0.92,,47.6,186.63,
2016-02-19,237.336,245.51,181.3,97.445,97.736,4.9,262000.0,0.76,1.76,2.61,1.0,1.45,20.53,,,3.56,12603.9,4483629.0,103.74964904785156,0.38,113.9558,1.06,,47.6,192.0,
2016-02-26,237.336,245.51,181.3,97.445,97.736,4.9,270000.0,0.8,1.76,2.63,0.96,1.43,19.81,,,3.56,12603.9,4489796.0,103.74964904785156,0.38,114.3708,1.0,,47.6,195.0892,
2016-03-04,238.08,245.913,182.1,97.673,97.876,5.0,269000.0,0.88,1.88,2.7,1.0,1.59,16.86,,,3.43,12661.8,4478485.0,109.72029113769533,0.36,112.6387,0.84,,49.2,200.43,
2016-03-11,238.08,245.913,182.1,97.673,97.876,5.0,255000.0,0.97,1.98,2.75,1.01,1.65,16.5,,,3.26,12661.8,4481083.0,109.72029113769533,0.36,111.741,1.01,,49.2,202.76,
2016-03-18,238.08,245.913,182.1,97.673,97.876,5.0,263000.0,0.84,1.88,2.68,1.04,1.58,14.02,,,3.17,12661.8,4486333.0,109.72029113769533,0.36,110.4002,0.78,,49.2,204.38,
2016-03-25,238.08,245.913,182.1,97.673,97.876,5.0,264000.0,0.89,1.91,2.67,1.02,1.61,14.74,,,3.06,12661.8,4492857.0,109.72029113769533,0.36,111.7698,1.06,,49.2,203.12,
2016-04-01,238.992,246.551,183.2,97.993,98.117,5.1,271000.0,0.76,1.79,2.62,1.03,1.56,13.1,,,3.1,12743.2,4482840.0,85.22145080566406,0.37,110.2977,0.96,,51.0,206.92,
2016-04-08,238.992,246.551,183.2,97.993,98.117,5.1,273000.0,0.7,1.72,2.55,1.02,1.49,15.36,,,3.07,12743.2,4484069.0,85.22145080566406,0.37,110.4213,1.0,,51.0,204.4992,
2016-04-15,238.992,246.551,183.2,97.993,98.117,5.1,263000.0,0.74,1.76,2.56,1.02,1.54,13.62,,,2.99,12743.2,4499729.0,85.22145080566406,0.37,110.1933,0.8,,51.0,207.78,
2016-04-22,238.992,246.551,183.2,97.993,98.117,5.1,257000.0,0.84,1.89,2.7,1.05,1.66,13.22,,,2.89,12743.2,4490131.0,85.22145080566406,0.37,110.2331,0.98,,51.0,208.97,
2016-04-29,238.992,246.551,183.2,97.993,98.117,5.1,259000.0,0.77,1.83,2.66,1.06,1.61,15.7,,,2.86,12743.2,4474665.0,85.22145080566406,0.37,108.8274,1.16,,51.0,206.3308,
2016-05-06,239.557,247.137,185.3,98.153,98.284,4.8,278000.0,0.74,1.79,2.62,1.05,1.6,14.72,,,2.87,12802.0,4477270.0,88.3324203491211,0.37,110.3801,1.19,,51.3,205.72,
2016-05-13,239.557,247.137,185.3,98.153,98.284,4.8,289000.0,0.76,1.71,2.55,0.95,1.42,15.04,,,2.9,12802.0,4478411.0,88.3324203491211,0.37,111.2521,1.15,,51.3,204.76,
2016-05-20,239.557,247.137,185.3,98.153,98.284,4.8,279000.0,0.89,1.85,2.63,0.96,1.52,15.2,,,2.86,12802.0,4473741.0,88.3324203491211,0.37,112.1822,1.04,,51.3,205.49,
2016-05-27,239.557,247.137,185.3,98.153,98.284,4.8,267000.0,0.9,1.85,2.65,0.95,1.53,13.12,,,2.85,12802.0,4461111.0,88.3324203491211,0.37,112.0822,0.9,,51.3,210.24,
2016-06-03,240.222,247.54,187.6,98.325,98.386,4.9,263000.0,0.78,1.71,2.52,0.93,1.41,13.47,,,2.86,12852.5,4461393.0,90.16812896728516,0.38,111.4451,0.88,,51.4,210.28,
2016-06-10,240.222,247.54,187.6,98.325,98.386,4.9,265000.0,0.73,1.64,2.44,0.91,1.38,17.03,,,2.86,12852.5,4463542.0,90.16812896728516,0.38,111.1027,1.09,,51.4,210.07,
2016-06-17,240.222,247.54,187.6,98.325,98.386,4.9,273000.0,0.7,1.62,2.43,0.92,1.35,19.41,,,2.89,12852.5,4472817.0,90.16812896728516,0.38,111.5332,1.11,,51.4,206.52,
2016-06-24,240.222,247.54,187.6,98.325,98.386,4.9,261000.0,0.64,1.57,2.42,0.93,1.3,25.76,,,2.98,12852.5,4482009.0,90.16812896728516,0.38,112.1355,1.24,,51.4,203.13,
2016-07-01,240.101,247.829,187.7,98.342,98.529,4.8,262000.0,0.59,1.46,2.24,0.87,1.18,14.77,,,2.86,12911.9,4466482.0,114.6104507446289,0.39,111.6509,0.92,,52.2,209.9208,
2016-07-08,240.101,247.829,187.7,98.342,98.529,4.8,255000.0,0.61,1.37,2.11,0.76,1.09,13.2,,,2.78,12911.9,4470605.0,114.6104507446289,0.39,112.3963,0.73,,52.2,212.65,
2016-07-15,240.101,247.829,187.7,98.342,98.529,4.8,252000.0,0.71,1.6,2.3,0.89,1.28,12.67,,,2.66,12911.9,4472202.0,114.6104507446289,0.39,112.2833,0.85,,52.2,215.83,
2016-07-22,240.101,247.829,187.7,98.342,98.529,4.8,260000.0,0.71,1.57,2.29,0.86,1.24,12.02,,,2.66,12911.9,4480973.0,114.6104507446289,0.39,112.989,0.82,,52.2,217.24,
2016-07-29,240.101,247.829,187.7,98.342,98.529,4.8,264000.0,0.67,1.46,2.18,0.79,1.18,11.87,,,2.71,12911.9,4464498.0,114.6104507446289,0.39,111.874,1.2,,52.2,217.12,
2016-08-05,240.545,248.423,186.6,98.479,98.703,4.9,266000.0,0.72,1.59,2.32,0.87,1.31,11.39,,,2.73,12989.7,4466793.0,98.73848724365234,0.4,112.3589,0.92,,52.7,218.18,
2016-08-12,240.545,248.423,186.6,98.479,98.703,4.9,265000.0,0.71,1.51,2.23,0.8,1.22,11.55,,,2.71,12989.7,4468929.0,98.73848724365234,0.4,111.1787,0.76,,52.7,218.46,
2016-08-19,240.545,248.423,186.6,98.479,98.703,4.9,264000.0,0.76,1.58,2.29,0.82,1.28,11.34,,,2.67,12989.7,4466476.0,98.73848724365234,0.4,110.8163,0.84,,52.7,218.54,
2016-08-26,240.545,248.423,186.6,98.479,98.703,4.9,264000.0,0.84,1.62,2.29,0.78,1.28,13.65,,,2.63,12989.7,4473840.0,98.73848724365234,0.4,111.2035,1.04,,52.7,217.29,
2016-09-02,241.176,248.842,186.9,98.666,98.834,5.0,261000.0,0.8,1.6,2.28,0.8,1.27,11.98,,,2.63,13054.9,4457907.0,104.54522705078124,0.4,112.0009,0.96,,49.8,218.37,
2016-09-09,241.176,248.842,186.9,98.666,98.834,5.0,257000.0,0.79,1.67,2.39,0.88,1.32,17.5,,,2.67,13054.9,4459394.0,104.54522705078124,0.4,111.9879,1.18,,49.8,213.28,
2016-09-16,241.176,248.842,186.9,98.666,98.834,5.0,252000.0,0.77,1.7,2.44,0.93,1.4,15.37,,,2.71,13054.9,4481635.0,104.54522705078124,0.4,113.1765,1.0,,49.8,213.37,
2016-09-23,241.176,248.842,186.9,98.666,98.834,5.0,250000.0,0.77,1.62,2.34,0.85,1.44,12.29,,,2.68,13054.9,4473032.0,104.54522705078124,0.4,112.7166,1.05,,49.8,215.99,
2016-09-30,241.176,248.842,186.9,98.666,98.834,5.0,247000.0,0.77,1.6,2.32,0.83,1.31,13.29,,,2.69,13054.9,4452002.0,104.54522705078124,0.4,112.2795,1.01,,51.1,216.3,
2016-10-07,241.741,249.142,186.7,98.868,98.961,4.9,245000.0,0.83,1.73,2.46,0.9,1.4,13.48,,,2.63,13122.8,4459407.0,85.74778747558594,0.4,113.2915,1.18,,51.1,215.04,
2016-10-14,241.741,249.142,186.7,98.868,98.961,4.9,250000.0,0.84,1.8,2.55,0.96,1.48,16.12,,,2.63,13122.8,4457698.0,85.74778747558594,0.4,113.7119,0.94,,51.1,213.12,
2016-10-21,241.741,249.142,186.7,98.868,98.961,4.9,263000.0,0.84,1.74,2.48,0.9,1.4,13.34,,,2.6,13122.8,4467382.0,85.74778747558594,0.4,113.9015,0.97,,51.1,213.98,
2016-10-28,241.741,249.142,186.7,98.868,98.961,4.9,256000.0,0.86,1.86,2.62,1.0,1.56,16.19,,,2.6,13122.8,4454326.0,85.74778747558594,0.4,114.0931,1.11,,51.1,212.54,
2016-11-04,242.026,249.481,186.3,98.901,99.005,4.7,265000.0,0.8,1.79,2.56,0.99,1.41,22.51,,,2.67,13208.7,4453087.0,82.91875457763672,0.41,113.5828,1.37,,51.8,208.55,
2016-11-11,242.026,249.481,186.3,98.901,99.005,4.7,250000.0,0.92,2.15,2.94,1.23,1.67,14.17,,,2.6,13208.7,4455087.0,82.91875457763672,0.41,115.9375,1.07,,51.8,216.42,
2016-11-18,242.026,249.481,186.3,98.901,99.005,4.7,232000.0,1.07,2.34,3.01,1.27,1.9,12.85,,,2.52,13208.7,4453633.0,82.91875457763672,0.41,117.5936,0.94,,51.8,218.5,
2016-11-25,242.026,249.481,186.3,98.901,99.005,4.7,246000.0,1.12,2.36,3.01,1.24,1.87,12.34,,,2.48,13208.7,4465782.0,82.91875457763672,0.41,118.02,0.8,,51.8,221.52,
2016-12-02,242.637,249.92,188.2,99.071,99.12,4.7,255000.0,1.11,2.4,3.08,1.29,1.91,14.12,,,2.42,13234.9,4446307.0,102.1804656982422,0.54,117.3116,0.92,,53.2,219.68,
2016-12-09,242.637,249.92,188.2,99.071,99.12,4.7,248000.0,1.15,2.47,3.16,1.32,1.93,11.75,,,2.43,13234.9,4448618.0,102.1804656982422,0.54,117.2834,0.82,,53.2,226.51,
2016-12-16,242.637,249.92,188.2,99.071,99.12,4.7,252000.0,1.28,2.6,3.19,1.32,2.09,12.2,,,2.28,13234.9,4470973.0,102.1804656982422,0.54,118.3584,0.91,,53.2,225.04,
2016-12-23,242.637,249.92,188.2,99.071,99.12,4.7,260000.0,1.22,2.55,3.12,1.33,2.03,11.44,,,2.25,13234.9,4469089.0,102.1804656982422,0.54,118.7856,0.86,,53.2,225.71,
2016-12-30,242.637,249.92,188.2,99.071,99.12,4.7,257000.0,1.2,2.45,3.06,1.25,1.94,14.04,,,2.28,13234.9,4451451.0,102.1804656982422,0.54,118.3466,1.09,,53.2,223.53,
2017-01-06,243.618,250.467,190.7,99.451,99.385,4.7,244000.0,1.22,2.42,3.0,1.2,1.89,11.32,,,2.24,13315.7,4453101.0,105.20123291015624,0.65,118.3495,0.97,,54.4,227.21,
2017-01-13,243.618,250.467,190.7,99.451,99.385,4.7,245000.0,1.21,2.4,2.99,1.19,1.87,11.23,,,2.23,13315.7,4452509.0,105.20123291015624,0.65,117.9884,0.92,,54.4,227.05,
2017-01-20,243.618,250.467,190.7,99.451,99.385,4.7,240000.0,1.2,2.48,3.05,1.28,1.98,11.54,,,2.21,13315.7,4460758.0,105.20123291015624,0.65,118.3182,1.0,,54.4,226.74,
2017-01-27,243.618,250.467,190.7,99.451,99.385,4.7,250000.0,1.22,2.49,3.06,1.27,1.97,10.58,,,2.19,13315.7,4452838.0,105.20123291015624,0.65,117.0735,1.0,,54.4,228.97,
2017-02-03,244.006,250.998,191.6,99.586,99.561,4.6,241000.0,1.21,2.49,3.11,1.28,1.98,10.97,,,2.24,13394.8,4453881.0,114.20635986328124,0.66,115.6259,0.76,,55.7,229.34,
2017-02-10,244.006,250.998,191.6,99.586,99.561,4.6,230000.0,1.2,2.41,3.01,1.21,1.86,10.85,,,2.23,13394.8,4456236.0,114.20635986328124,0.66,116.148,0.98,,55.7,231.51,
2017-02-17,244.006,250.998,191.6,99.586,99.561,4.6,233000.0,1.21,2.42,3.03,1.21,1.89,11.49,,,2.21,13394.8,4454676.0,114.20635986328124,0.66,116.4035,0.93,,55.7,235.09,
2017-02-24,244.006,250.998,191.6,99.586,99.561,4.6,237000.0,1.12,2.31,2.95,1.19,1.79,11.47,,,2.23,13394.8,4468702.0,114.20635986328124,0.66,115.8143,0.83,,55.7,236.74,
2017-03-03,243.892,250.944,191.5,99.535,99.519,4.4,221000.0,1.32,2.49,3.08,1.17,1.78,10.96,,,2.16,13463.6,4458018.0,96.63587951660156,0.79,116.6438,0.94,,57.7,238.42,
2017-03-10,243.892,250.944,191.5,99.535,99.519,4.4,236000.0,1.36,2.58,3.16,1.22,1.83,11.66,,,2.18,13463.6,4459840.0,96.63587951660156,0.79,116.616,0.88,,57.7,237.69,
2017-03-17,243.892,250.944,191.5,99.535,99.519,4.4,228000.0,1.33,2.5,3.11,1.17,1.77,11.28,,,2.22,13463.6,4469577.0,96.63587951660156,0.79,115.2783,0.96,,57.7,237.03,
2017-03-24,243.892,250.944,191.5,99.535,99.519,4.4,235000.0,1.26,2.4,3.0,1.14,1.62,12.96,,,2.22,13463.6,4478236.0,96.63587951660156,0.79,114.6372,1.21,,57.7,233.86,
2017-03-31,243.892,250.944,191.5,99.535,99.519,4.4,236000.0,1.27,2.4,3.02,1.13,1.64,12.37,,,2.24,13463.6,4469618.0,96.63587951660156,0.79,114.7938,1.19,,56.5,235.74,
2017-04-07,244.193,251.227,193.0,99.725,99.723,4.4,216000.0,1.29,2.38,3.0,1.09,1.56,12.87,,,2.24,13521.7,4474634.0,119.45992279052734,0.9,115.0547,0.95,,56.5,235.2,
2017-04-14,244.193,251.227,193.0,99.725,99.723,4.4,222000.0,1.21,2.24,2.89,1.03,1.43,15.96,,,2.28,13521.7,4484492.0,119.45992279052734,0.9,114.5368,0.98,,56.5,232.51,
2017-04-21,244.193,251.227,193.0,99.725,99.723,4.4,231000.0,1.2,2.24,2.89,1.04,1.45,14.63,,,2.29,13521.7,4479270.0,119.45992279052734,0.9,114.8128,1.04,,56.5,234.59,
2017-04-28,244.193,251.227,193.0,99.725,99.723,4.4,238000.0,1.28,2.29,2.96,1.01,1.49,10.82,,,2.28,13521.7,4470142.0,119.45992279052734,0.9,114.7877,0.96,,56.5,238.08,
2017-05-05,244.004,251.43,192.8,99.682,99.803,4.4,232000.0,1.32,2.36,2.99,1.04,1.46,10.57,,,2.24,13568.9,4471246.0,102.57996368408205,0.91,114.7725,1.0,,55.8,239.7,
2017-05-12,244.004,251.43,192.8,99.682,99.803,4.4,233000.0,1.29,2.33,2.98,1.04,1.45,10.4,,,2.25,13568.9,4473459.0,102.57996368408205,0.91,114.7479,0.85,,55.8,238.98,
2017-05-19,244.004,251.43,192.8,99.682,99.803,4.4,234000.0,1.28,2.23,2.9,0.95,1.31,12.04,,,2.26,13568.9,4467108.0,102.57996368408205,0.91,113.7001,0.99,,55.8,238.31,
2017-05-26,244.004,251.43,192.8,99.682,99.803,4.4,236000.0,1.3,2.25,2.92,0.95,1.31,9.81,,,2.24,13568.9,4470852.0,102.57996368408205,0.91,113.4839,0.91,,55.8,241.71,
2017-06-02,244.163,251.746,193.6,99.766,99.937,4.3,253000.0,1.28,2.15,2.8,0.87,1.17,9.75,,,2.24,13580.5,4459914.0,126.7890167236328,1.04,113.1908,0.82,,56.4,244.17,
2017-06-09,244.163,251.746,193.6,99.766,99.937,4.3,251000.0,1.35,2.21,2.86,0.86,1.2,10.7,,,2.21,13580.5,4462443.0,126.7890167236328,1.04,112.9562,1.06,,56.4,243.41,
2017-06-16,244.163,251.746,193.6,99.766,99.937,4.3,245000.0,1.32,2.16,2.78,0.84,1.13,10.38,,,2.19,13580.5,4476269.0,126.7890167236328,1.04,112.6155,1.09,,56.4,242.64,
2017-06-23,244.163,251.746,193.6,99.766,99.937,4.3,249000.0,1.34,2.15,2.71,0.81,1.18,10.02,,,2.15,13580.5,4474257.0,126.7890167236328,1.04,112.8665,0.96,,56.4,243.13,
2017-06-30,244.163,251.746,193.6,99.766,99.937,4.3,247000.0,1.38,2.31,2.84,0.93,1.28,11.18,,,2.09,13580.5,4463347.0,126.7890167236328,1.04,111.9896,1.13,,56.2,241.8,
2017-07-07,244.243,251.985,193.5,99.803,100.01,4.3,256000.0,1.4,2.39,2.93,0.99,1.34,11.19,,,2.08,13643.1,4467272.0,102.81346130371094,1.15,112.3137,0.93,,56.2,242.11,
2017-07-14,244.243,251.985,193.5,99.803,100.01,4.3,259000.0,1.35,2.33,2.91,0.98,1.29,9.51,,,2.09,13643.1,4466702.0,102.81346130371094,1.15,110.9075,0.84,,56.2,245.56,
2017-07-21,244.243,251.985,193.5,99.803,100.01,4.3,245000.0,1.36,2.24,2.81,0.88,1.08,9.36,,,2.05,13643.1,4476903.0,102.81346130371094,1.15,110.191,0.74,,56.2,246.88,
2017-07-28,244.243,251.985,193.5,99.803,100.01,4.3,249000.0,1.34,2.3,2.89,0.96,1.22,10.29,,,2.05,13643.1,4465284.0,102.81346130371094,1.15,109.92,0.83,,56.2,246.91,
2017-08-04,245.183,252.535,193.8,100.027,100.118,4.4,245000.0,1.36,2.27,2.84,0.91,1.19,10.03,,,2.05,13697.7,4466846.0,138.5316162109375,1.16,110.2808,1.0,,56.5,247.41,
2017-08-11,245.183,252.535,193.8,100.027,100.118,4.4,254000.0,1.3,2.19,2.79,0.89,1.16,15.51,,,2.12,13697.7,4469083.0,138.5316162109375,1.16,110.0422,0.97,,56.5,244.12,
2017-08-18,245.183,252.535,193.8,100.027,100.118,4.4,245000.0,1.33,2.19,2.78,0.86,1.17,14.26,,,2.12,13697.7,4462871.0,138.5316162109375,1.16,110.041,1.11,,56.5,242.71,
2017-08-25,245.183,252.535,193.8,100.027,100.118,4.4,245000.0,1.35,2.17,2.75,0.82,1.14,11.28,,,2.12,13697.7,4463837.0,138.5316162109375,1.16,109.3415,1.0,,56.5,244.56,
2017-09-01,246.435,252.812,194.8,100.4,100.24,4.3,247000.0,1.35,2.16,2.77,0.81,1.14,10.13,,,2.15,13745.1,4452360.0,115.5344467163086,1.15,109.0504,0.83,,58.4,247.84,
2017-09-08,246.435,252.812,194.8,100.4,100.24,4.3,297000.0,1.27,2.06,2.67,0.79,1.02,12.12,,,2.17,13745.1,4453474.0,115.5344467163086,1.15,107.808,1.09,,58.4,246.58,
2017-09-15,246.435,252.812,194.8,100.4,100.24,4.3,280000.0,1.39,2.2,2.77,0.81,1.15,10.17,,,2.1,13745.1,4471174.0,115.5344467163086,1.15,108.3147,1.08,,58.4,249.19,
2017-09-22,246.435,252.812,194.8,100.4,100.24,4.3,261000.0,1.46,2.26,2.8,0.8,1.23,9.59,,,2.05,13745.1,4458576.0,115.5344467163086,1.15,108.7542,0.98,,58.4,249.44,
2017-09-29,246.435,252.812,194.8,100.4,100.24,4.3,264000.0,1.47,2.33,2.86,0.86,1.27,9.51,,,2.0,13745.1,4455661.0,115.5344467163086,1.15,110.0867,1.05,,58.4,251.23,
2017-10-06,246.626,253.526,194.9,100.531,100.486,4.2,260000.0,1.54,2.37,2.91,0.83,1.3,9.65,,,1.98,13800.1,4460422.0,91.4615707397461,1.15,110.7841,0.87,,60.0,254.37,
2017-10-13,246.626,253.526,194.9,100.531,100.486,4.2,252000.0,1.51,2.28,2.81,0.77,1.19,9.61,,,1.97,13800.1,4459415.0,91.4615707397461,1.15,110.2669,0.85,,60.0,254.95,
2017-10-20,246.626,253.526,194.9,100.531,100.486,4.2,235000.0,1.6,2.39,2.89,0.79,1.28,9.97,,,1.94,13800.1,4469723.0,91.4615707397461,1.15,111.0375,0.81,,60.0,257.11,
2017-10-27,246.626,253.526,194.9,100.531,100.486,4.2,241000.0,1.59,2.42,2.93,0.83,1.32,9.8,,,1.93,13800.1,4461117.0,91.4615707397461,1.15,112.1495,0.88,,60.0,257.71,
2017-11-03,247.284,253.816,195.9,100.675,100.535,4.2,241000.0,1.63,2.34,2.82,0.71,1.16,9.14,,,1.91,13843.5,4455887.0,92.59601593017578,1.16,111.9383,0.94,,58.6,258.45,
2017-11-10,247.284,253.816,195.9,100.675,100.535,4.2,248000.0,1.67,2.4,2.88,0.73,1.17,11.29,,,1.93,13843.5,4458552.0,92.59601593017578,1.16,111.5626,1.18,,58.6,258.09,
2017-11-17,247.284,253.816,195.9,100.675,100.535,4.2,254000.0,1.73,2.35,2.78,0.62,1.06,11.43,,,1.93,13843.5,4448289.0,92.59601593017578,1.16,111.0016,0.8,,58.6,257.86,
2017-11-24,247.284,253.816,195.9,100.675,100.535,4.2,246000.0,1.75,2.34,2.76,0.59,1.05,9.67,,,1.9,13843.5,4450615.0,92.59601593017578,1.16,110.0253,0.87,,58.6,260.36,
2017-12-01,247.805,254.344,196.3,100.821,100.683,4.1,243000.0,1.78,2.37,2.76,0.59,1.1,11.43,,,1.87,13881.7,4438592.0,82.71825408935547,1.3,110.1413,0.78,,57.6,264.46,
2017-12-08,247.805,254.344,196.3,100.821,100.683,4.1,241000.0,1.8,2.38,2.77,0.58,1.1,9.58,,,1.87,13881.7,4437148.0,82.71825408935547,1.3,111.2273,0.94,,57.6,265.51,
2017-12-15,247.805,254.344,196.3,100.821,100.683,4.1,229000.0,1.84,2.35,2.68,0.51,1.04,9.42,,,1.8,13881.7,4452726.0,82.71825408935547,1.3,111.1286,0.97,,57.6,266.51,
2017-12-22,247.805,254.344,196.3,100.821,100.683,4.1,244000.0,1.91,2.48,2.83,0.57,1.15,9.9,,,1.79,13881.7,4447470.0,82.71825408935547,1.3,111.0997,0.95,,57.6,267.51,
2017-12-29,247.805,254.344,196.3,100.821,100.683,4.1,251000.0,1.89,2.4,2.74,0.51,1.01,11.04,,,1.77,13881.7,4448680.0,82.71825408935547,1.3,110.0783,1.11,,57.6,266.86,
2018-01-05,248.859,255.204,197.9,101.199,101.007,4.0,248000.0,1.96,2.47,2.81,0.51,1.08,9.22,,,1.76,13900.3,4443718.0,92.42678833007812,1.41,109.3496,0.92,,59.7,273.42,
2018-01-12,248.859,255.204,197.9,101.199,101.007,4.0,252000.0,1.99,2.55,2.85,0.56,1.12,10.16,,,1.68,13900.3,4446062.0,92.42678833007812,1.41,108.901,0.74,,59.7,277.92,
2018-01-19,248.859,255.204,197.9,101.199,101.007,4.0,230000.0,2.06,2.64,2.91,0.58,1.2,11.27,,,1.64,13900.3,4439145.0,92.42678833007812,1.41,107.9455,0.86,,59.7,280.41,
2018-01-26,248.859,255.204,197.9,101.199,101.007,4.0,231000.0,2.13,2.66,2.91,0.53,1.25,11.08,,,1.6,13900.3,4441317.0,92.42678833007812,1.41,106.6911,0.79,,59.7,286.58,
2018-02-02,249.529,255.711,199.3,101.416,101.198,4.1,228000.0,2.15,2.84,3.08,0.69,1.36,17.31,,,1.58,13949.3,4419225.0,64.49137115478516,1.42,107.1151,0.9,,59.4,275.45,
2018-02-09,249.529,255.711,199.3,101.416,101.198,4.1,224000.0,2.05,2.83,3.14,0.78,1.28,29.06,,,1.67,13949.3,4420745.0,64.49137115478516,1.42,108.2582,1.31,,59.4,261.5,
2018-02-16,249.529,255.711,199.3,101.416,101.198,4.1,225000.0,2.21,2.87,3.13,0.66,1.25,19.46,,,1.66,13949.3,4434863.0,64.49137115478516,1.42,107.0359,0.93,,59.4,273.11,
2018-02-23,249.529,255.711,199.3,101.416,101.198,4.1,219000.0,2.25,2.88,3.16,0.63,1.24,16.49,,,1.68,13949.3,4411660.0,64.49137115478516,1.42,107.6804,1.01,,59.4,274.71,
2018-03-02,249.577,256.271,199.3,101.524,101.419,4.0,216000.0,2.25,2.86,3.14,0.61,1.21,19.59,,,1.72,14012.7,4393401.0,111.96229553222656,1.51,108.5358,1.16,,60.9,269.08,
2018-03-09,249.577,256.271,199.3,101.524,101.419,4.0,228000.0,2.27,2.9,3.16,0.63,1.23,14.64,,,1.77,14012.7,4396097.0,111.96229553222656,1.51,107.923,0.81,,60.9,278.87,
2018-03-16,249.577,256.271,199.3,101.524,101.419,4.0,223000.0,2.31,2.85,3.08,0.54,1.07,15.8,,,1.79,14012.7,4407258.0,111.96229553222656,1.51,108.4332,0.96,,60.9,274.2,
2018-03-23,249.577,256.271,199.3,101.524,101.419,4.0,225000.0,2.28,2.82,3.06,0.54,1.08,24.87,,,1.87,14012.7,4401222.0,111.96229553222656,1.51,107.7495,1.54,,60.9,258.05,
2018-03-30,249.577,256.271,199.3,101.524,101.419,4.0,221000.0,2.27,2.74,2.97,0.47,1.01,19.97,,,1.85,14012.7,4392198.0,111.96229553222656,1.51,107.4784,0.95,,60.9,263.15,
2018-04-06,250.227,256.63,200.3,101.766,101.602,4.0,232000.0,2.27,2.77,3.01,0.5,1.04,21.49,,,1.84,14035.9,4386104.0,123.2634735107422,1.69,107.7886,1.03,,58.8,259.72,
2018-04-13,250.227,256.63,200.3,101.766,101.602,4.0,234000.0,2.37,2.82,3.03,0.45,1.06,17.41,,,1.79,14035.9,4383684.0,123.2634735107422,1.69,107.2368,0.98,,58.8,265.15,
2018-04-20,250.227,256.63,200.3,101.766,101.602,4.0,236000.0,2.46,2.96,3.14,0.5,1.15,16.88,,,1.78,14035.9,4385903.0,123.2634735107422,1.69,108.1787,0.98,,58.8,266.61,
2018-04-27,250.227,256.63,200.3,101.766,101.602,4.0,207000.0,2.49,2.96,3.13,0.47,1.14,15.41,,,1.8,14035.9,4372886.0,123.2634735107422,1.69,109.1735,0.88,,58.8,266.56,
2018-05-04,250.792,257.145,203.2,101.941,101.78,3.8,209000.0,2.51,2.95,3.12,0.44,1.11,14.77,,,1.86,14092.4,4356129.0,125.66661834716795,1.7,110.25,0.96,,58.6,266.02,
2018-05-11,250.792,257.145,203.2,101.941,101.78,3.8,211000.0,2.54,2.97,3.1,0.43,1.05,12.65,,,1.82,14092.4,4358207.0,125.66661834716795,1.7,110.2847,0.98,,58.6,272.85,
2018-05-18,250.792,257.145,203.2,101.941,101.78,3.8,222000.0,2.55,3.06,3.2,0.51,1.15,13.42,,,1.83,14092.4,4337609.0,125.66661834716795,1.7,111.7171,1.03,,58.6,271.33,
2018-05-25,250.792,257.145,203.2,101.941,101.78,3.8,230000.0,2.48,2.93,3.09,0.45,1.03,13.22,,,1.85,14092.4,4337301.0,125.66661834716795,1.7,111.5843,0.92,,58.6,272.15,
2018-06-01,251.018,257.399,204.2,102.029,101.872,4.0,222000.0,2.47,2.89,3.04,0.42,0.97,13.46,,,1.9,14137.2,4327519.0,103.96858978271484,1.82,111.8265,0.86,,59.0,273.6,
2018-06-08,251.018,257.399,204.2,102.029,101.872,4.0,223000.0,2.5,2.93,3.08,0.43,1.0,12.18,,,1.9,14137.2,4319191.0,103.96858978271484,1.82,112.1066,0.95,,59.0,278.19,
2018-06-15,251.018,257.399,204.2,102.029,101.872,4.0,222000.0,2.55,2.93,3.05,0.38,0.99,11.98,,,1.87,14137.2,4324906.0,103.96858978271484,1.82,113.3379,0.93,,59.0,277.13,
2018-06-22,251.018,257.399,204.2,102.029,101.872,4.0,218000.0,2.56,2.9,3.04,0.34,0.97,13.77,,,1.97,14137.2,4315896.0,103.96858978271484,1.82,113.3047,0.86,,59.0,274.74,
2018-06-29,251.018,257.399,204.2,102.029,101.872,4.0,222000.0,2.52,2.85,2.98,0.33,0.92,16.09,,,1.99,14137.2,4305491.0,103.96858978271484,1.82,113.2586,1.24,,59.0,271.28,
2018-07-06,251.214,257.699,204.3,102.137,102.006,3.8,228000.0,2.53,2.82,2.94,0.29,0.85,13.37,,,1.96,14174.6,4289764.0,110.02842712402344,1.91,112.6428,1.0,,59.9,275.42,
2018-07-13,251.214,257.699,204.3,102.137,102.006,3.8,216000.0,2.59,2.83,2.94,0.24,0.85,12.18,,,1.9,14174.6,4291201.0,110.02842712402344,1.91,113.0705,0.98,,59.9,279.59,
2018-07-20,251.214,257.699,204.3,102.137,102.006,3.8,205000.0,2.6,2.89,3.03,0.29,0.9,12.86,,,1.91,14174.6,4291615.0,110.02842712402344,1.91,113.3213,0.98,,59.9,279.68,
2018-07-27,251.214,257.699,204.3,102.137,102.006,3.8,210000.0,2.67,2.96,3.09,0.29,0.96,13.03,,,1.84,14174.6,4277681.0,110.02842712402344,1.91,112.8125,1.05,,59.9,281.42,
2018-08-03,251.663,257.891,203.4,102.208,102.016,3.8,207000.0,2.63,2.95,3.09,0.32,0.94,11.64,,,1.84,14223.2,4255653.0,112.74168395996094,1.91,113.012,0.9,,58.1,283.6,
2018-08-10,251.663,257.891,203.4,102.208,102.016,3.8,210000.0,2.61,2.87,3.03,0.26,0.82,13.16,,,1.87,14223.2,4258030.0,112.74168395996094,1.91,114.3005,1.2,,58.1,283.16,
2018-08-17,251.663,257.891,203.4,102.208,102.016,3.8,206000.0,2.61,2.87,3.03,0.26,0.82,12.64,,,1.89,14223.2,4228924.0,112.74168395996094,1.91,114.5339,1.04,,58.1,285.06,
2018-08-24,251.663,257.891,203.4,102.208,102.016,3.8,207000.0,2.63,2.82,2.97,0.19,0.73,11.99,,,1.9,14223.2,4228818.0,112.74168395996094,1.91,113.5985,0.92,,58.1,287.51,
2018-08-31,251.663,257.891,203.4,102.208,102.016,3.8,211000.0,2.62,2.86,3.02,0.24,0.75,12.86,,,1.92,14223.2,4218914.0,112.74168395996094,1.91,114.2755,1.03,,60.5,290.31,
2018-09-07,252.182,258.368,203.6,102.418,102.205,3.7,201000.0,2.71,2.94,3.11,0.23,0.8,14.88,,,1.93,14245.5,4208496.0,75.05390930175781,1.95,114.5816,1.17,,60.5,287.6,
2018-09-14,252.182,258.368,203.6,102.418,102.205,3.7,204000.0,2.78,2.99,3.13,0.21,0.83,12.07,,,1.88,14245.5,4210812.0,75.05390930175781,1.95,114.0657,0.83,,60.5,290.88,
2018-09-21,252.182,258.368,203.6,102.418,102.205,3.7,206000.0,2.81,3.07,3.2,0.26,0.89,11.68,,,1.83,14245.5,4208059.0,75.05390930175781,1.95,113.5099,0.98,,60.5,291.99,
2018-09-28,252.182,258.368,203.6,102.418,102.205,3.7,205000.0,2.81,3.05,3.19,0.24,0.86,12.12,,,1.84,14245.5,4192909.0,75.05390930175781,1.95,113.8077,1.06,,60.5,290.72,
2018-10-05,252.772,258.917,204.6,102.595,102.366,3.8,210000.0,2.88,3.23,3.4,0.35,1.0,14.82,,,1.85,14256.6,4174704.0,92.0164794921875,2.19,114.561,1.18,,59.3,287.82,
2018-10-12,252.772,258.917,204.6,102.595,102.366,3.8,211000.0,2.85,3.15,3.32,0.3,0.87,21.31,,,1.88,14256.6,4176906.0,92.0164794921875,2.19,114.3691,1.16,,59.3,275.95,
2018-10-19,252.772,258.917,204.6,102.595,102.366,3.8,208000.0,2.92,3.2,3.38,0.28,0.89,19.89,,,1.92,14256.6,4175446.0,92.0164794921875,2.19,114.8567,1.14,,59.3,276.25,
2018-10-26,252.772,258.917,204.6,102.595,102.366,3.8,217000.0,2.81,3.08,3.32,0.27,0.75,24.16,,,2.02,14256.6,4173070.0,92.0164794921875,2.19,115.473,1.32,,59.3,265.33,
2018-11-02,252.594,259.439,202.3,102.63,102.556,3.8,216000.0,2.91,3.22,3.46,0.31,0.89,19.51,,,2.02,14282.8,4139731.0,80.40758514404297,2.2,115.643,0.93,,58.1,271.89,
2018-11-09,252.594,259.439,202.3,102.63,102.556,3.8,218000.0,2.94,3.19,3.4,0.25,0.83,17.36,,,1.98,14282.8,4141936.0,80.40758514404297,2.2,116.4778,1.11,,58.1,277.76,
2018-11-16,252.594,259.439,202.3,102.63,102.556,3.8,221000.0,2.81,3.08,3.33,0.27,0.72,18.14,,,2.13,14282.8,4145892.0,80.40758514404297,2.2,115.9258,0.94,,58.1,273.73,
2018-11-23,252.594,259.439,202.3,102.63,102.556,3.8,225000.0,2.81,3.05,3.31,0.24,0.64,21.52,,,2.18,14282.8,4106198.0,80.40758514404297,2.2,116.4713,1.12,,58.1,263.25,
2018-11-30,252.594,259.439,202.3,102.63,102.556,3.8,237000.0,2.8,3.01,3.3,0.21,0.64,18.07,,,2.27,14282.8,4097170.0,80.40758514404297,2.2,116.413,0.76,,58.6,275.65,
2018-12-07,252.767,260.063,201.0,102.701,102.735,3.9,232000.0,2.72,2.85,3.14,0.13,0.45,23.23,,,2.31,14386.8,4086044.0,90.607666015625,2.27,116.0847,1.17,,58.6,263.57,
2018-12-14,252.767,260.063,201.0,102.701,102.735,3.9,208000.0,2.73,2.89,3.14,0.16,0.47,21.63,,,2.25,14386.8,4088314.0,90.607666015625,2.27,116.79,1.14,,58.6,260.47,
2018-12-21,252.767,260.063,201.0,102.701,102.735,3.9,217000.0,2.63,2.79,3.03,0.16,0.4,30.11,,,2.31,14386.8,4084274.0,90.607666015625,2.27,116.2227,1.43,,58.6,240.7,
2018-12-28,252.767,260.063,201.0,102.701,102.735,3.9,228000.0,2.52,2.72,3.04,0.2,0.32,28.34,,,2.44,14386.8,4075636.0,90.607666015625,2.27,115.7232,0.78,,58.6,247.75,
2019-01-04,252.561,260.766,199.1,102.648,102.87,4.0,238000.0,2.5,2.67,2.98,0.17,0.25,21.38,,,2.45,14459.7,4058378.0,87.42410278320312,2.4,114.9821,0.91,,54.9,252.39,
2019-01-11,252.561,260.766,199.1,102.648,102.87,4.0,225000.0,2.55,2.71,3.04,0.16,0.28,18.19,,,2.42,14459.7,4056563.0,87.42410278320312,2.4,114.0404,1.08,,54.9,258.98,
2019-01-18,252.561,260.766,199.1,102.648,102.87,4.0,218000.0,2.62,2.79,3.09,0.17,0.38,17.8,,,2.38,14459.7,4050044.0,87.42410278320312,2.4,114.558,0.84,,54.9,266.46,
2019-01-25,252.561,260.766,199.1,102.648,102.87,4.0,214000.0,2.6,2.76,3.06,0.16,0.37,17.42,,,2.34,14459.7,4047052.0,87.42410278320312,2.4,114.0197,0.75,,54.9,265.78,
2019-02-01,253.319,261.186,199.2,102.836,102.963,3.8,234000.0,2.52,2.7,3.03,0.18,0.3,16.14,,,2.31,14506.3,4039678.0,96.80016326904295,2.4,113.7548,1.13,,55.7,270.06,
2019-02-08,253.319,261.186,199.2,102.836,102.963,3.8,232000.0,2.45,2.63,2.97,0.18,0.2,15.72,,,2.3,14506.3,4026350.0,96.80016326904295,2.4,114.5003,1.04,,55.7,270.47,
2019-02-15,253.319,261.186,199.2,102.836,102.963,3.8,226000.0,2.52,2.66,3.0,0.14,0.23,14.91,,,2.28,14506.3,4028431.0,96.80016326904295,2.4,114.9923,0.8,,55.7,277.37,
2019-02-22,253.319,261.186,199.2,102.836,102.963,3.8,211000.0,2.48,2.65,3.02,0.17,0.19,13.51,,,2.25,14506.3,3981420.0,96.80016326904295,2.4,114.2716,0.79,,55.7,279.14,
2019-03-01,254.277,261.567,200.8,103.069,103.058,3.8,221000.0,2.55,2.76,3.13,0.21,0.32,13.57,,,2.22,14557.5,3974590.0,82.32829284667969,2.41,114.537,0.91,,54.4,280.42,
2019-03-08,254.277,261.567,200.8,103.069,103.058,3.8,216000.0,2.45,2.62,3.0,0.17,0.16,16.05,,,2.27,14557.5,3969134.0,82.32829284667969,2.41,115.3599,0.97,,54.4,274.46,
2019-03-15,254.277,261.567,200.8,103.069,103.058,3.8,218000.0,2.43,2.59,3.02,0.16,0.14,12.88,,,2.28,14557.5,3971559.0,82.32829284667969,2.41,114.5815,0.85,,54.4,281.31,
2019-03-22,254.277,261.567,200.8,103.069,103.058,3.8,212000.0,2.31,2.44,2.88,0.13,-0.02,16.48,,,2.3,14557.5,3962748.0,82.32829284667969,2.41,114.6856,0.89,,54.4,279.25,
2019-03-29,254.277,261.567,200.8,103.069,103.058,3.8,210000.0,2.27,2.41,2.81,0.14,0.01,13.71,,,2.26,14557.5,3955617.0,82.32829284667969,2.41,115.1371,0.88,,54.4,282.48,
2019-04-05,255.233,261.997,202.1,103.36,103.265,3.7,203000.0,2.35,2.5,2.91,0.15,0.06,12.82,,,2.22,14594.7,3935509.0,79.25344848632812,2.42,114.9726,0.82,,54.9,288.57,
2019-04-12,255.233,261.997,202.1,103.36,103.265,3.7,196000.0,2.4,2.56,2.97,0.16,0.12,12.01,,,2.15,14594.7,3936784.0,79.25344848632812,2.42,114.3531,0.74,,54.9,290.16,
2019-04-19,255.233,261.997,202.1,103.36,103.265,3.7,197000.0,2.38,2.57,2.96,0.19,0.15,12.09,,,2.12,14594.7,3931827.0,79.25344848632812,2.42,114.6977,0.88,,54.9,290.02,
2019-04-26,255.233,261.997,202.1,103.36,103.265,3.7,222000.0,2.28,2.51,2.92,0.23,0.09,12.73,,,2.13,14594.7,3928273.0,79.25344848632812,2.42,115.4767,0.86,,54.9,293.41,
2019-05-03,255.296,262.217,201.7,103.435,103.371,3.6,224000.0,2.33,2.54,2.93,0.21,0.11,12.87,,,2.11,14704.4,3889691.0,106.4719009399414,2.39,115.2646,0.77,,53.6,294.03,
2019-05-10,255.296,262.217,201.7,103.435,103.371,3.6,225000.0,2.26,2.47,2.89,0.21,0.04,16.04,,,2.2,14704.4,3892216.0,106.4719009399414,2.39,115.5334,1.24,,53.6,288.1,
2019-05-17,255.296,262.217,201.7,103.435,103.371,3.6,212000.0,2.2,2.39,2.82,0.19,0.0,15.96,,,2.24,14704.4,3864749.0,106.4719009399414,2.39,116.448,1.09,,53.6,285.84,
2019-05-24,255.296,262.217,201.7,103.435,103.371,3.6,215000.0,2.16,2.32,2.75,0.16,-0.03,15.85,,,2.31,14704.4,3860435.0,106.4719009399414,2.39,116.0806,0.96,,53.6,282.78,
2019-05-31,255.296,262.217,201.7,103.435,103.371,3.6,222000.0,1.95,2.14,2.58,0.19,-0.21,18.71,,,2.37,14704.4,3851444.0,106.4719009399414,2.39,116.7273,1.19,,52.6,275.27,
2019-06-07,255.213,262.739,200.3,103.484,103.56,3.6,223000.0,1.85,2.09,2.57,0.24,-0.19,16.3,,,2.42,14802.8,3847645.0,106.58845520019533,2.38,115.7368,0.79,,52.6,287.65,
2019-06-14,255.213,262.739,200.3,103.484,103.56,3.6,226000.0,1.84,2.09,2.59,0.25,-0.11,15.28,,,2.42,14802.8,3849955.0,106.58845520019533,2.38,115.9057,0.97,,52.6,289.26,
2019-06-21,255.213,262.739,200.3,103.484,103.56,3.6,217000.0,1.77,2.07,2.59,0.3,-0.04,15.4,,,2.35,14802.8,3844016.0,106.58845520019533,2.38,114.8377,0.76,,52.6,294.0,
2019-06-28,255.213,262.739,200.3,103.484,103.56,3.6,234000.0,1.75,2.0,2.52,0.25,-0.12,15.08,,,2.31,14802.8,3826817.0,106.58845520019533,2.38,114.5821,0.86,,52.6,293.0,
2019-07-05,255.802,263.28,200.7,103.622,103.678,3.7,226000.0,1.87,2.04,2.54,0.17,-0.19,13.28,,,2.26,14886.8,3813198.0,93.52125549316406,2.4,115.1132,0.9,,51.5,298.46,
2019-07-12,255.802,263.28,200.7,103.622,103.678,3.7,215000.0,1.84,2.12,2.64,0.28,-0.02,12.39,,,2.25,14886.8,3815038.0,93.52125549316406,2.4,114.7685,0.9,,51.5,300.65,
2019-07-19,255.802,263.28,200.7,103.622,103.678,3.7,211000.0,1.8,2.05,2.57,0.25,-0.01,14.45,,,2.26,14886.8,3808110.0,93.52125549316406,2.4,114.8695,1.09,,51.5,297.17,
2019-07-26,255.802,263.28,200.7,103.622,103.678,3.7,202000.0,1.86,2.08,2.59,0.22,-0.04,12.16,,,2.13,14886.8,3803436.0,93.52125549316406,2.4,115.5449,0.81,,51.5,302.01,
2019-08-02,256.036,263.877,199.2,103.67,103.797,3.6,206000.0,1.72,1.86,2.39,0.14,-0.2,17.61,,,2.18,14974.4,3779102.0,103.4044189453125,2.13,116.1864,1.13,,51.0,292.62,
2019-08-09,256.036,263.877,199.2,103.67,103.797,3.6,208000.0,1.63,1.74,2.26,0.11,-0.26,17.97,,,2.23,14974.4,3781543.0,103.4044189453125,2.13,116.4419,0.99,,51.0,291.62,
2019-08-16,256.036,263.877,199.2,103.67,103.797,3.6,212000.0,1.48,1.55,2.01,0.07,-0.32,18.47,,,2.26,14974.4,3786018.0,103.4044189453125,2.13,117.0786,1.1,,51.0,288.85,
2019-08-23,256.036,263.877,199.2,103.67,103.797,3.6,207000.0,1.51,1.52,2.02,0.01,-0.45,19.87,,,2.27,14974.4,3764866.0,103.4044189453125,2.13,117.3009,1.19,,51.0,284.85,
2019-08-30,256.036,263.877,199.2,103.67,103.797,3.6,213000.0,1.5,1.5,1.96,0.0,-0.49,18.98,,,2.26,14974.4,3759946.0,103.4044189453125,2.13,118.1575,1.25,,51.0,292.45,
2019-09-06,256.43,264.388,198.4,103.733,103.873,3.5,215000.0,1.53,1.55,2.02,0.02,-0.41,15.0,,,2.26,15047.0,3761508.0,90.36798858642578,2.04,117.1292,0.92,,48.5,298.05,
2019-09-13,256.43,264.388,198.4,103.733,103.873,3.5,207000.0,1.79,1.9,2.37,0.11,-0.06,13.74,,,2.21,15047.0,3769673.0,90.36798858642578,2.04,116.7677,0.92,,48.5,301.09,
2019-09-20,256.43,264.388,198.4,103.733,103.873,3.5,205000.0,1.69,1.74,2.17,0.05,-0.17,15.32,,,2.19,15047.0,3844695.0,90.36798858642578,2.04,117.1819,1.05,,48.5,298.28,
2019-09-27,256.43,264.388,198.4,103.733,103.873,3.5,211000.0,1.63,1.69,2.13,0.06,-0.11,17.22,,,2.19,15047.0,3857715.0,90.36798858642578,2.04,117.7218,1.06,,48.5,295.4,
2019-10-04,257.155,264.97,198.6,103.917,104.028,3.6,215000.0,1.4,1.52,2.01,0.12,-0.19,17.04,,,2.29,15184.1,3945831.0,97.83673095703124,1.83,117.5288,1.05,,48.1,294.35,
2019-10-11,257.155,264.97,198.6,103.917,104.028,3.6,209000.0,1.63,1.76,2.22,0.13,0.08,15.58,,,2.22,15184.1,3949955.0,97.83673095703124,1.83,116.8239,0.8268757285794044,,48.1,296.28,
2019-10-18,257.155,264.97,198.6,103.917,104.028,3.6,215000.0,1.58,1.76,2.25,0.18,0.1,14.25,,,2.21,15184.1,3966471.0,97.83673095703124,1.83,116.1344,0.9616060697328646,,48.1,297.97,
2019-10-25,257.155,264.97,198.6,103.917,104.028,3.6,210000.0,1.63,1.8,2.29,0.17,0.14,12.65,,,2.16,15184.1,3968700.0,97.83673095703124,1.83,116.0774,0.7836478880050974,,48.1,301.6,
2019-11-01,257.879,265.548,199.0,104.024,104.092,3.6,215000.0,1.56,1.73,2.21,0.17,0.21,12.3,,,2.16,15296.0,4019823.0,73.07838439941406,1.55,115.7312,0.7707086348681426,,48.1,306.14,
2019-11-08,257.879,265.548,199.0,104.024,104.092,3.6,214000.0,1.68,1.94,2.43,0.26,0.39,12.07,,,2.11,15296.0,4039443.0,73.07838439941406,1.55,116.3436,0.8825356868877496,,48.1,308.94,
2019-11-15,257.879,265.548,199.0,104.024,104.092,3.6,227000.0,1.61,1.84,2.31,0.23,0.27,12.05,,,2.13,15296.0,4047882.0,73.07838439941406,1.55,116.4401,0.7321871179733597,,48.1,311.79,
2019-11-22,257.879,265.548,199.0,104.024,104.092,3.6,229000.0,1.61,1.77,2.22,0.16,0.19,12.34,,,2.14,15296.0,4030249.0,73.07838439941406,1.55,116.9137,0.797040981024869,,48.1,310.96,
2019-11-29,257.879,265.548,199.0,104.024,104.092,3.6,221000.0,1.61,1.78,2.21,0.17,0.19,12.62,,,2.08,15296.0,4052875.0,73.07838439941406,1.55,117.1204,0.7652300241341605,,48.1,314.31,
2019-12-06,258.63,266.02,199.0,104.307,104.322,3.6,231000.0,1.61,1.84,2.29,0.23,0.31,13.62,,,2.07,15347.5,4065696.0,74.27989196777344,1.55,116.5381,0.7943539935581956,,48.1,314.87,
2019-12-13,258.63,266.02,199.0,104.307,104.322,3.6,247000.0,1.61,1.82,2.26,0.21,0.25,12.63,,,2.02,15347.5,4095491.0,74.27989196777344,1.55,115.6967,0.6058426427234106,,48.1,317.32,
2019-12-20,258.63,266.02,199.0,104.307,104.322,3.6,236000.0,1.63,1.92,2.34,0.29,0.34,12.51,,,1.96,15347.5,4137052.0,74.27989196777344,1.55,115.7598,0.6677303441345082,,48.1,320.73,
2019-12-27,258.63,266.02,199.0,104.307,104.322,3.6,230000.0,1.59,1.88,2.32,0.29,0.31,13.43,,,1.96,15347.5,4165591.0,74.27989196777344,1.55,115.22,0.7199727740552762,,48.1,322.86,
2020-01-03,259.127,266.716,199.3,104.49,104.507,3.6,231000.0,1.53,1.8,2.26,0.27,0.28,14.02,,,1.99,15427.1,4173626.0,138.4209442138672,1.55,114.9867,0.7685849710860948,,47.9,322.41,
2020-01-10,259.127,266.716,199.3,104.49,104.507,3.6,224000.0,1.56,1.83,2.28,0.27,0.29,12.56,,,1.99,15427.1,4149544.0,138.4209442138672,1.55,115.0677,0.7946518326276572,,47.9,325.71,
2020-01-17,259.127,266.716,199.3,104.49,104.507,3.6,207000.0,1.58,1.84,2.29,0.26,0.28,12.1,,,1.98,15427.1,4175850.0,138.4209442138672,1.55,115.0656,0.6459283604121797,,47.9,331.95,
2020-01-24,259.127,266.716,199.3,104.49,104.507,3.6,221000.0,1.49,1.7,2.14,0.21,0.16,14.56,,,1.98,15427.1,4145912.0,138.4209442138672,1.55,115.5556,1.0135339297483796,,47.9,328.77,
2020-01-31,259.127,266.716,199.3,104.49,104.507,3.6,210000.0,1.33,1.51,1.99,0.18,-0.04,18.84,,,2.13,15427.1,4151630.0,138.4209442138672,1.55,115.7345,1.0511676778150252,,51.4,321.73,
2020-02-07,259.25,267.37,196.7,104.573,104.711,3.5,207000.0,1.41,1.59,2.05,0.18,0.03,15.47,,,2.05,15493.4,4166707.0,75.95555877685547,1.58,116.5086,0.8877967198225715,,51.4,332.2,
2020-02-14,259.25,267.37,196.7,104.573,104.711,3.5,202000.0,1.42,1.59,2.04,0.17,0.01,13.68,,,2.04,15493.4,4182689.0,75.95555877685547,1.58,116.4223,0.7772620048060701,,51.4,337.6,
2020-02-21,259.25,267.37,196.7,104.573,104.711,3.5,209000.0,1.34,1.46,1.9,0.12,-0.1,17.08,,,2.09,15493.4,4171570.0,75.95555877685547,1.58,117.0473,0.9341789577199151,,51.4,333.48,
2020-02-28,259.25,267.37,196.7,104.573,104.711,3.5,218000.0,0.86,1.13,1.65,0.27,-0.14,40.11,,,2.38,15493.4,4158637.0,75.95555877685547,1.58,117.6568,1.2585854020621965,,51.4,296.26,
2020-03-06,258.076,267.054,193.1,104.271,104.632,4.4,215000.0,0.49,0.74,1.25,0.25,0.29,41.94,,,2.55,16033.0,4241507.0,81.54003143310547,0.65,116.7106,1.223971246440805,,50.1,297.46,
2020-03-13,258.076,267.054,193.1,104.271,104.632,4.4,208000.0,0.49,0.94,1.56,0.45,0.66,57.83,,,3.3,16033.0,4311911.0,81.54003143310547,0.65,120.4388,1.176210494470514,,50.1,269.32,
2020-03-20,258.076,267.054,193.1,104.271,104.632,4.4,273000.0,0.37,0.92,1.55,0.55,0.87,66.04,,,4.23,16033.0,4668212.0,81.54003143310547,0.65,124.9362,1.1238984827645042,,50.1,228.8,
2020-03-27,258.076,267.054,193.1,104.271,104.632,4.4,2914000.0,0.25,0.72,1.29,0.47,0.69,65.54,,,3.98,16033.0,5254278.0,81.54003143310547,0.65,122.4007,0.9913879262754234,,50.1,253.42,
2020-04-03,256.032,265.746,185.5,103.838,104.293,14.8,5946000.0,0.23,0.62,1.24,0.39,0.52,46.8,,,3.92,17065.3,5811607.0,69.33940124511719,0.05,124.4152,1.0390370236390696,,49.0,248.19,
2020-04-10,256.032,265.746,185.5,103.838,104.293,14.8,6137000.0,0.23,0.73,1.35,0.5,0.48,41.67,,,3.61,17065.3,6083141.0,69.33940124511719,0.05,122.1592,0.9326355550484065,,49.0,278.2,
2020-04-17,256.032,265.746,185.5,103.838,104.293,14.8,4869000.0,0.2,0.65,1.27,0.45,0.53,38.15,,,3.27,17065.3,6367887.0,69.33940124511719,0.05,122.871,0.8435568468973123,,49.0,286.64,
2020-04-24,256.032,265.746,185.5,103.838,104.293,14.8,4201000.0,0.22,0.6,1.17,0.38,0.48,35.93,,,3.25,17065.3,6573136.0,69.33940124511719,0.05,124.1615,0.8875629871436492,,49.0,282.97,
2020-05-01,255.802,265.412,188.6,103.942,104.402,13.2,3446000.0,0.2,0.64,1.27,0.44,0.52,37.19,,,3.25,17932.9,6655929.0,68.50721740722656,0.05,123.1492,1.0735271763975076,,41.8,282.79,
2020-05-08,255.802,265.412,188.6,103.942,104.402,13.2,2796000.0,0.16,0.69,1.39,0.53,0.57,27.98,,,3.37,17932.9,6721420.0,68.50721740722656,0.05,122.5379,0.7761192786373353,,41.8,292.44,
2020-05-15,255.802,265.412,188.6,103.942,104.402,13.2,2335000.0,0.16,0.64,1.32,0.48,0.52,31.89,,,3.41,17932.9,6934227.0,68.50721740722656,0.05,123.5991,0.7497436831641746,,41.8,286.28,
2020-05-22,255.802,265.412,188.6,103.942,104.402,13.2,2176000.0,0.17,0.66,1.37,0.49,0.54,28.16,,,3.18,17932.9,7037258.0,68.50721740722656,0.05,122.3211,0.7509348682063672,,41.8,295.44,
2020-05-29,255.802,265.412,188.6,103.942,104.402,13.2,1921000.0,0.16,0.65,1.41,0.49,0.51,27.51,,,3.08,17932.9,7097316.0,68.50721740722656,0.05,120.9458,0.8294603984939427,,41.8,304.32,
2020-06-05,257.042,265.849,191.2,104.27,104.565,11.0,1639000.0,0.22,0.91,1.68,0.69,0.76,24.52,,,2.86,18184.3,7165217.0,71.22785949707031,0.08,118.8138,0.6000299910280219,,43.5,319.34,
2020-06-12,257.042,265.849,191.2,104.27,104.565,11.0,1575000.0,0.19,0.71,1.45,0.52,0.55,36.09,,,2.91,18184.3,7168936.0,71.22785949707031,0.08,119.6645,0.8891727484866087,,43.5,304.21,
2020-06-19,257.042,265.849,191.2,104.27,104.565,11.0,1473000.0,0.19,0.7,1.47,0.51,0.55,35.12,,,2.87,18184.3,7094690.0,71.22785949707031,0.08,120.2186,0.7984562677933308,,43.5,308.64,
2020-06-26,257.042,265.849,191.2,104.27,104.565,11.0,1467000.0,0.17,0.64,1.37,0.47,0.5,34.73,,,2.92,18184.3,7082302.0,71.22785949707031,0.08,120.533,0.9135113939443982,,43.5,300.05,
2020-07-03,258.352,267.389,193.0,104.578,104.937,10.2,1446000.0,0.16,0.68,1.43,0.52,0.54,27.68,,,2.87,18335.4,7009040.0,66.47328186035156,0.09,119.8555,0.7380505635129561,,52.6,312.23,
2020-07-10,258.352,267.389,193.0,104.578,104.937,10.2,1413000.0,0.16,0.65,1.33,0.49,0.52,27.29,,,2.74,18335.4,6920716.0,66.47328186035156,0.09,119.3509,0.636257101075328,,52.6,317.59,
2020-07-17,258.352,267.389,193.0,104.578,104.937,10.2,1468000.0,0.14,0.64,1.33,0.5,0.53,25.68,,,2.68,18335.4,6958604.0,66.47328186035156,0.09,119.124,0.6332796695045574,,52.6,321.72,
2020-07-24,258.352,267.389,193.0,104.578,104.937,10.2,1393000.0,0.14,0.59,1.23,0.45,0.48,25.84,,,2.58,18335.4,6964755.0,66.47328186035156,0.09,118.1329,0.7981307977103393,,52.6,320.88,
2020-07-31,258.352,267.389,193.0,104.578,104.937,10.2,1260000.0,0.11,0.55,1.2,0.44,0.46,24.46,,,2.6,18335.4,6949032.0,66.47328186035156,0.09,117.2082,0.728457501496781,,53.8,326.52,
2020-08-07,259.316,268.422,194.3,104.87,105.243,8.4,1044000.0,0.13,0.57,1.23,0.44,0.47,22.21,,,2.57,18411.2,6945237.0,65.46604919433594,0.1,117.6239,0.6451049199025662,,53.8,334.57,
2020-08-14,259.316,268.422,194.3,104.87,105.243,8.4,884000.0,0.14,0.71,1.45,0.57,0.61,22.05,,,2.61,18411.2,6957277.0,65.46604919433594,0.1,116.9395,0.7310909382806106,,53.8,336.84,
2020-08-21,259.316,268.422,194.3,104.87,105.243,8.4,927000.0,0.16,0.64,1.35,0.48,0.54,22.54,,,2.64,18411.2,7010637.0,65.46604919433594,0.1,117.0572,0.6529973528724748,,53.8,339.48,
2020-08-28,259.316,268.422,194.3,104.87,105.243,8.4,876000.0,0.14,0.74,1.52,0.6,0.64,22.96,,,2.71,18411.2,6990418.0,65.46604919433594,0.1,115.9374,0.5455867525383153,,53.8,350.58,
2020-09-04,259.997,268.933,195.5,105.057,105.41,7.8,881000.0,0.14,0.72,1.46,0.58,0.61,30.75,,,2.68,18602.5,7017492.0,80.37738037109375,0.09,116.0347,0.8124408245111098,,55.4,342.57,
2020-09-11,259.997,268.933,195.5,105.057,105.41,7.8,892000.0,0.13,0.67,1.42,0.54,0.56,26.87,,,2.69,18602.5,7010614.0,80.37738037109375,0.09,116.0866,0.8282464987282914,,55.4,334.06,
2020-09-18,259.997,268.933,195.5,105.057,105.41,7.8,861000.0,0.14,0.7,1.45,0.56,0.6,25.83,,,2.66,18602.5,7064475.0,80.37738037109375,0.09,115.2395,0.7501782288060109,,55.4,330.65,
2020-09-25,259.997,268.933,195.5,105.057,105.41,7.8,859000.0,0.12,0.66,1.4,0.54,0.56,26.38,,,2.74,18602.5,7093161.0,80.37738037109375,0.09,117.8679,0.7529579740091734,,55.4,328.73,
2020-10-02,260.319,269.306,196.5,105.151,105.507,6.9,795000.0,0.13,0.7,1.48,0.57,0.61,27.63,,,2.76,18757.6,7056129.0,76.08316802978516,0.09,116.7321,0.725103978120311,,55.5,333.84,
2020-10-09,260.319,269.306,196.5,105.151,105.507,6.9,785000.0,0.16,0.79,1.58,0.63,0.69,25.0,,,2.67,18757.6,7074649.0,76.08316802978516,0.09,115.2757,0.6123255671106251,,55.5,346.85,
2020-10-16,260.319,269.306,196.5,105.151,105.507,6.9,839000.0,0.14,0.76,1.52,0.62,0.65,27.41,,,2.64,18757.6,7151426.0,76.08316802978516,0.09,115.7679,0.6350866063844657,,55.5,347.29,
2020-10-23,260.319,269.306,196.5,105.151,105.507,6.9,804000.0,0.18,0.85,1.64,0.67,0.75,27.55,,,2.6,18757.6,7177265.0,76.08316802978516,0.09,115.0126,0.6848727324644486,,55.5,345.78,
2020-10-30,260.319,269.306,196.5,105.151,105.507,6.9,776000.0,0.14,0.88,1.65,0.74,0.79,38.02,,,2.61,18757.6,7146306.0,76.08316802978516,0.09,116.1354,0.9232844154249086,,55.5,326.54,
2020-11-06,260.911,269.981,198.3,105.258,105.605,6.7,773000.0,0.16,0.83,1.6,0.67,0.73,24.86,,,2.51,18997.0,7157479.0,70.06746673583984,0.09,113.9919,0.6464695852892647,,58.7,350.16,
2020-11-13,260.911,269.981,198.3,105.258,105.605,6.7,737000.0,0.17,0.89,1.65,0.72,0.8,23.1,,,2.44,18997.0,7175417.0,70.06746673583984,0.09,114.2397,0.6668323115309968,,58.7,358.1,
2020-11-20,260.911,269.981,198.3,105.258,105.605,6.7,738000.0,0.16,0.83,1.53,0.67,0.76,23.7,,,2.35,18997.0,7243080.0,70.06746673583984,0.09,113.489,0.600258253621514,,58.7,355.33,
2020-11-27,260.911,269.981,198.3,105.258,105.605,6.7,793000.0,0.16,0.84,1.57,0.68,0.75,20.84,,,2.32,18997.0,7216480.0,70.06746673583984,0.09,113.1823,0.5137910755579499,,58.7,363.67,
2020-12-04,262.045,270.341,200.5,105.699,105.896,6.7,737000.0,0.16,0.97,1.73,0.81,0.88,20.79,,,2.23,19115.7,7222414.0,64.06729125976562,0.09,111.7778,0.5217920351489101,,57.3,369.85,
2020-12-11,262.045,270.341,200.5,105.699,105.896,6.7,873000.0,0.11,0.9,1.63,0.79,0.82,23.31,,,2.23,19115.7,7242658.0,64.06729125976562,0.09,112.1417,0.5246908867035509,,57.3,366.3,
2020-12-18,262.045,270.341,200.5,105.699,105.896,6.7,886000.0,0.13,0.95,1.7,0.82,0.87,21.57,,,2.24,19115.7,7362592.0,64.06729125976562,0.09,111.6071,0.5577277720921366,,57.3,369.18,
2020-12-25,262.045,270.341,200.5,105.699,105.896,6.7,815000.0,0.13,0.94,1.66,0.81,0.85,21.53,,,2.23,19115.7,7404039.0,64.06729125976562,0.09,111.9807,0.6003735021229741,,57.3,369.0,
2021-01-01,262.687,270.387,204.8,106.147,106.281,6.4,773000.0,0.13,0.93,1.65,0.8,0.84,22.75,,,2.18,19379.0,7363351.0,77.418701171875,0.09,111.3169,0.6469545873100697,,60.2,373.88,
2021-01-08,262.687,270.387,204.8,106.147,106.281,6.4,803000.0,0.14,1.13,1.87,0.99,1.05,21.56,,,2.19,19379.0,7334809.0,77.418701171875,0.09,111.2847,0.5977830705127903,,60.2,381.26,
2021-01-15,262.687,270.387,204.8,106.147,106.281,6.4,890000.0,0.13,1.11,1.85,0.98,1.02,24.34,,,2.13,19379.0,7333968.0,77.418701171875,0.09,111.5106,0.6146056398142923,,60.2,375.7,
2021-01-22,262.687,270.387,204.8,106.147,106.281,6.4,844000.0,0.13,1.1,1.85,0.97,1.02,21.91,,,2.14,19379.0,7414942.0,77.418701171875,0.09,111.5516,0.51773983175662,,60.2,382.88,
2021-01-29,262.687,270.387,204.8,106.147,106.281,6.4,799000.0,0.11,1.11,1.87,1.0,1.05,33.09,,,2.17,19379.0,7404926.0,77.418701171875,0.09,111.9511,0.6676343320403476,,60.2,370.07,
2021-02-05,263.579,270.793,210.6,106.5,106.501,6.2,803000.0,0.09,1.19,1.97,1.1,1.16,20.87,,,2.18,19641.8,7410598.0,73.95680236816406,0.08,112.2379,0.5423062028702931,,59.2,387.71,
2021-02-12,263.579,270.793,210.6,106.5,106.501,6.2,812000.0,0.11,1.2,2.01,1.09,1.16,19.97,,,2.19,19641.8,7442225.0,73.95680236816406,0.08,111.4889,0.5504815657130918,,59.2,392.64,
2021-02-19,263.579,270.793,210.6,106.5,106.501,6.2,802000.0,0.11,1.34,2.14,1.23,1.3,22.05,,,2.14,19641.8,7557402.0,73.95680236816406,0.08,111.7058,0.5606067058698215,,59.2,390.03,
2021-02-26,263.579,270.793,210.6,106.5,106.501,6.2,702000.0,0.14,1.44,2.17,1.3,1.4,27.95,,,2.12,19641.8,7590111.0,73.95680236816406,0.08,112.8306,0.7058234693741152,,59.2,380.36,
2021-03-05,264.961,271.459,215.0,107.054,106.933,6.1,704000.0,0.14,1.56,2.28,1.42,1.52,24.66,,,2.13,19873.2,7557524.0,78.61876678466797,0.07,113.7487,0.7369467029485391,,60.4,383.63,
2021-03-12,264.961,271.459,215.0,107.054,106.933,6.1,693000.0,0.14,1.64,2.4,1.5,1.6,20.69,,,2.19,19873.2,7579901.0,78.61876678466797,0.07,113.0269,0.5611674654370766,,60.4,394.06,
2021-03-19,264.961,271.459,215.0,107.054,106.933,6.1,699000.0,0.16,1.74,2.45,1.58,1.73,20.95,,,2.1,19873.2,7693506.0,78.61876678466797,0.07,112.9756,0.6588135791756266,,60.4,389.48,
2021-03-26,264.961,271.459,215.0,107.054,106.933,6.1,627000.0,0.14,1.67,2.37,1.53,1.65,18.86,,,2.09,19873.2,7719622.0,78.61876678466797,0.07,113.7406,0.7620230206578876,,60.4,395.98,
2021-04-02,266.614,273.66,217.9,107.618,107.558,6.1,658000.0,0.19,1.72,2.35,1.53,1.7,17.33,,,1.98,20175.3,7688988.0,88.16622161865234,0.07,113.7315,0.5993849993131081,,63.8,400.61,
2021-04-09,266.614,273.66,217.9,107.618,107.558,6.1,645000.0,0.16,1.67,2.34,1.51,1.65,16.69,,,1.96,20175.3,7708882.0,88.16622161865234,0.07,113.2028,0.600412520761159,,63.8,411.49,
2021-04-16,266.614,273.66,217.9,107.618,107.558,6.1,571000.0,0.16,1.59,2.26,1.43,1.57,16.25,,,1.97,20175.3,7793104.0,88.16622161865234,0.07,112.4814,0.5941240817132327,,63.8,417.26,
2021-04-23,266.614,273.66,217.9,107.618,107.558,6.1,566000.0,0.16,1.58,2.25,1.42,1.55,17.33,,,1.99,20175.3,7820948.0,88.16622161865234,0.07,112.0889,0.6257708348130971,,63.8,416.74,
2021-04-30,266.614,273.66,217.9,107.618,107.558,6.1,574000.0,0.16,1.65,2.3,1.49,1.64,18.61,,,1.96,20175.3,7780962.0,88.16622161865234,0.07,112.0839,0.718624686256114,,60.8,417.3,
2021-05-07,268.383,275.465,224.9,108.175,108.099,5.8,517000.0,0.14,1.6,2.28,1.46,1.58,16.69,,,1.97,20458.8,7810486.0,93.00713348388672,0.06,111.0249,0.6449687050236723,,60.8,422.12,
2021-05-14,268.383,275.465,224.9,108.175,108.099,5.8,494000.0,0.16,1.63,2.35,1.47,1.62,18.81,,,2.03,20458.8,7830663.0,93.00713348388672,0.06,111.1353,0.7008655046850463,,60.8,416.58,
2021-05-21,268.383,275.465,224.9,108.175,108.099,5.8,467000.0,0.17,1.63,2.33,1.46,1.62,20.15,,,2.01,20458.8,7922883.0,93.00713348388672,0.06,111.0576,0.6431271541752909,,60.8,414.94,
2021-05-28,268.383,275.465,224.9,108.175,108.099,5.8,441000.0,0.14,1.58,2.26,1.44,1.57,16.76,,,1.99,20458.8,7903541.0,93.00713348388672,0.06,110.7576,0.5625930935339049,,60.8,420.04,
2021-06-04,270.654,277.651,228.9,108.76,108.603,5.9,427000.0,0.14,1.56,2.24,1.42,1.54,16.42,,,1.98,20477.0,7935703.0,74.12712097167969,0.08,110.7521,0.563327678568441,,61.6,422.6,
2021-06-11,270.654,277.651,228.9,108.76,108.603,5.9,420000.0,0.16,1.47,2.15,1.31,1.44,15.65,,,1.97,20477.0,7952327.0,74.12712097167969,0.08,111.0933,0.5366582736278045,,61.6,424.31,
2021-06-18,270.654,277.651,228.9,108.76,108.603,5.9,428000.0,0.26,1.45,2.01,1.19,1.4,20.7,,,1.85,20477.0,8064257.0,74.12712097167969,0.08,113.0408,0.6952667365342439,,61.6,414.92,
2021-06-25,270.654,277.651,228.9,108.76,108.603,5.9,422000.0,0.28,1.54,2.16,1.26,1.48,15.62,,,1.9,20477.0,8101945.0,74.12712097167969,0.08,111.9655,0.5483478224027664,,61.6,426.61,
2021-07-02,271.903,278.648,231.85,109.256,109.058,5.4,368000.0,0.24,1.44,2.05,1.2,1.39,15.07,,,1.87,20633.2,8078544.0,58.42076873779297,0.1,112.5425,0.6156712564639597,,61.3,433.72,
2021-07-09,271.903,278.648,231.85,109.256,109.058,5.4,371000.0,0.23,1.37,1.99,1.14,1.31,16.18,,,1.91,20633.2,8097773.0,58.42076873779297,0.1,112.8375,0.5977331376939797,,61.3,435.52,
2021-07-16,271.903,278.648,231.85,109.256,109.058,5.4,333000.0,0.25,1.31,1.93,1.06,1.26,18.45,,,1.93,20633.2,8201651.0,58.42076873779297,0.1,113.0428,0.7738975993647793,,61.3,431.34,
2021-07-23,271.903,278.648,231.85,109.256,109.058,5.4,387000.0,0.22,1.3,1.92,1.08,1.25,17.2,,,1.93,20633.2,8240530.0,58.42076873779297,0.1,113.4398,0.6440965451529579,,61.3,439.94,
2021-07-30,271.903,278.648,231.85,109.256,109.058,5.4,380000.0,0.19,1.24,1.89,1.05,1.18,18.24,,,1.95,20633.2,8221473.0,58.42076873779297,0.1,112.6714,0.7260211149525323,,61.3,438.51,
2021-08-06,272.676,278.997,233.415,109.674,109.409,5.1,379000.0,0.21,1.31,1.94,1.1,1.25,16.15,,,1.94,20840.6,8235073.0,89.4865493774414,0.09,113.3088,0.6392138713169379,,60.2,442.49,
2021-08-13,272.676,278.997,233.415,109.674,109.409,5.1,361000.0,0.23,1.29,1.94,1.06,1.23,15.45,,,1.98,20840.6,8257159.0,89.4865493774414,0.09,113.0615,0.6272132089028655,,60.2,445.92,-2.75
2021-08-20,272.676,278.997,233.415,109.674,109.409,5.1,367000.0,0.23,1.26,1.87,1.03,1.21,18.56,,,1.96,20840.6,8342598.0,89.4865493774414,0.09,114.5009,0.7200818066892879,,60.2,443.36,-3.5
2021-08-27,272.676,278.997,233.415,109.674,109.409,5.1,358000.0,0.22,1.31,1.91,1.09,1.26,16.39,,,1.92,20840.6,8332743.0,89.4865493774414,0.09,113.3404,0.6073721562160195,,60.2,450.25,-3.9
2021-09-03,273.91,279.698,235.678,110.034,109.641,4.7,353000.0,0.21,1.33,1.94,1.12,1.28,16.41,,,1.91,20981.0,8349173.0,80.69696807861328,0.08,112.5476,0.6104368044152996,,59.8,453.08,-4.0
2021-09-10,273.91,279.698,235.678,110.034,109.641,4.7,335000.0,0.23,1.35,1.94,1.12,1.3,20.95,,,1.88,20981.0,8357314.0,80.69696807861328,0.08,112.9425,0.7233778732689928,,59.8,445.44,-3.25
2021-09-17,273.91,279.698,235.678,110.034,109.641,4.7,342000.0,0.23,1.37,1.91,1.14,1.33,20.81,,,1.83,20981.0,8448770.0,80.69696807861328,0.08,113.5989,0.7014291281090944,,59.8,441.4,-2.75
2021-09-24,273.91,279.698,235.678,110.034,109.641,4.7,367000.0,0.29,1.47,1.99,1.18,1.44,17.75,,,1.8,20981.0,8489824.0,80.69696807861328,0.08,113.7597,0.7375953367192355,,59.8,443.91,-2.75
2021-10-01,276.55,281.668,240.465,110.762,110.188,4.5,375000.0,0.27,1.48,2.04,1.21,1.44,21.15,,,1.85,21160.6,8447981.0,79.02923583984375,0.08,114.3798,0.7559271580412146,,60.8,434.24,-3.5
2021-10-08,276.55,281.668,240.465,110.762,110.188,4.5,312000.0,0.32,1.61,2.16,1.29,1.56,18.77,,,1.84,21160.6,8464032.0,79.02923583984375,0.08,114.5986,0.7166049883860726,,60.8,437.86,-3.5
2021-10-15,276.55,281.668,240.465,110.762,110.188,4.5,291000.0,0.41,1.59,2.05,1.18,1.54,16.3,,,1.76,21160.6,8480942.0,79.02923583984375,0.08,114.0905,0.6355222633972054,,60.8,445.87,-0.5
2021-10-22,276.55,281.668,240.465,110.762,110.188,4.5,289000.0,0.48,1.66,2.08,1.18,1.6,15.43,,,1.72,21160.6,8564943.0,79.02923583984375,0.08,113.67,0.6230326570589059,,60.8,453.12,1.0
2021-10-29,276.55,281.668,240.465,110.762,110.188,4.5,269000.0,0.48,1.55,1.93,1.07,1.5,16.26,,,1.69,21160.6,8556181.0,79.02923583984375,0.08,114.1349,0.5933173080161536,,60.8,459.25,1.5
2021-11-05,278.919,283.406,243.287,111.5,110.77,4.1,261000.0,0.39,1.45,1.87,1.06,1.4,16.48,,,1.73,21335.7,8574871.0,86.56914520263672,0.08,114.0732,0.5193091841234819,,60.7,468.53,1.8
2021-11-12,278.919,283.406,243.287,111.5,110.77,4.1,251000.0,0.53,1.58,1.95,1.05,1.53,16.29,,,1.69,21335.7,8663117.0,86.56914520263672,0.08,114.5144,0.5154550199976425,,60.7,467.27,4.8
2021-11-19,278.919,283.406,243.287,111.5,110.77,4.1,250000.0,0.52,1.54,1.91,1.02,1.49,17.91,,,1.73,21335.7,8674970.0,86.56914520263672,0.08,115.2187,0.6039979930830212,,60.7,468.89,5.5
2021-11-26,278.919,283.406,243.287,111.5,110.77,4.1,224000.0,0.5,1.48,1.83,0.98,1.42,28.62,,,1.82,21335.7,8681771.0,86.56914520263672,0.08,116.5103,0.8341865327246003,,60.7,458.97,1.0
2021-12-03,280.845,285.18,241.338,112.191,111.418,3.9,221000.0,0.6,1.35,1.69,0.75,1.29,30.67,,,1.81,21498.7,8650402.0,105.34542083740234,0.08,116.2377,1.0010752005501242,,60.8,453.42,0.75
2021-12-10,280.845,285.18,241.338,112.191,111.418,3.9,206000.0,0.67,1.48,1.88,0.81,1.42,18.69,,,1.83,21498.7,8664524.0,105.34542083740234,0.08,115.5732,0.7068904795561896,,60.8,470.74,-0.1
2021-12-17,280.845,285.18,241.338,112.191,111.418,3.9,227000.0,0.66,1.41,1.82,0.75,1.36,21.57,,,1.87,21498.7,8756666.0,105.34542083740234,0.08,115.791,0.7169006322952306,,60.8,459.87,2.5
2021-12-24,280.845,285.18,241.338,112.191,111.418,3.9,215000.0,0.71,1.5,1.91,0.79,1.43,17.96,,,1.86,21498.7,8790495.0,105.34542083740234,0.08,115.5337,0.5683045937380375,,60.8,470.6,3.05
2021-12-31,280.845,285.18,241.338,112.191,111.418,3.9,217000.0,0.73,1.52,1.9,0.79,1.46,17.22,,,1.85,21498.7,8757460.0,105.34542083740234,0.08,115.283,0.6586278228259429,,58.3,474.96,-0.25
2022-01-07,282.543,286.757,246.453,112.805,111.976,4.0,229000.0,0.87,1.76,2.11,0.89,1.66,18.76,,,1.78,21650.0,8765721.0,138.67498779296875,0.08,115.0451,0.7450774123540799,,58.3,466.09,-1.0
2022-01-14,282.543,286.757,246.453,112.805,111.976,4.0,250000.0,0.99,1.78,2.12,0.79,1.65,19.19,,,1.79,21650.0,8788278.0,138.67498779296875,0.08,114.3825,0.8805250483236419,,58.3,464.72,-0.75
2022-01-21,282.543,286.757,246.453,112.805,111.976,4.0,246000.0,1.01,1.75,2.07,0.74,1.58,28.85,,,1.84,21650.0,8867834.0,138.67498779296875,0.08,114.6125,1.0808044100877827,,58.3,437.98,-1.0
2022-01-28,282.543,286.757,246.453,112.805,111.976,4.0,240000.0,1.15,1.78,2.07,0.63,1.59,27.66,,,1.91,21650.0,8860485.0,138.67498779296875,0.08,116.0393,0.961184014457291,,58.3,441.95,-2.75
2022-02-04,284.5,288.273,252.66,113.471,112.468,3.9,231000.0,1.31,1.93,2.23,0.62,1.7,23.22,,,1.92,21724.8,8873211.0,216.1590118408203,0.08,115.1362,0.7842815216256274,,57.4,448.7,-1.65
2022-02-11,284.5,288.273,252.66,113.471,112.468,3.9,210000.0,1.5,1.92,2.24,0.42,1.56,27.36,,,2.0,21724.8,8878009.0,216.1590118408203,0.08,114.8413,0.9650778145392516,,57.4,440.46,-1.1
2022-02-18,284.5,288.273,252.66,113.471,112.468,3.9,234000.0,1.47,1.92,2.24,0.45,1.57,27.75,,,2.13,21724.8,8911033.0,216.1590118408203,0.08,114.7982,1.035336348825851,,57.4,434.23,-1.4
2022-02-25,284.5,288.273,252.66,113.471,112.468,3.9,224000.0,1.55,1.97,2.29,0.42,1.64,27.59,,,2.2,21724.8,8928129.0,216.1590118408203,0.08,115.2577,0.8248618150207483,,57.4,437.75,-4.65
2022-03-04,287.674,289.056,260.014,114.469,112.914,3.7,208000.0,1.5,1.74,2.16,0.24,1.4,31.98,,,2.31,21786.9,8904455.0,318.9549255371094,0.2,116.6503,0.9190858416024452,,58.1,432.17,-9.5
2022-03-11,287.674,289.056,260.014,114.469,112.914,3.7,222000.0,1.75,2.0,2.36,0.25,1.6,30.75,,,2.35,21786.9,8910748.0,318.9549255371094,0.2,117.0192,0.9188540279967763,,58.1,420.07,-8.65
2022-03-18,287.674,289.056,260.014,114.469,112.914,3.7,217000.0,1.97,2.14,2.42,0.17,1.72,23.87,,,2.14,21786.9,8954306.0,318.9549255371094,0.2,116.1378,0.6773891174902976,,58.1,444.52,-4.0
2022-03-25,287.674,289.056,260.014,114.469,112.914,3.7,207000.0,2.3,2.48,2.6,0.18,1.93,20.81,,,1.96,21786.9,8962474.0,318.9549255371094,0.2,115.7921,0.7039331082808045,,58.1,452.69,-3.35
2022-04-01,288.561,290.514,265.31,114.812,113.307,3.7,214000.0,2.44,2.39,2.44,-0.05,1.86,19.63,,,1.81,21769.4,8937142.0,191.14309692382812,0.33,115.4814,0.7753630422886924,,57.2,452.92,-5.75
2022-04-08,288.561,290.514,265.31,114.812,113.307,3.7,214000.0,2.53,2.72,2.76,0.19,2.02,21.16,,,1.78,21769.4,8937592.0,191.14309692382812,0.33,116.4176,0.7501025596971355,,57.2,447.57,-2.25
2022-04-15,288.561,290.514,265.31,114.812,113.307,3.7,214000.0,2.47,2.83,2.92,0.36,2.04,22.7,,,1.93,21769.4,8965487.0,191.14309692382812,0.33,116.7017,0.8008979968777173,,57.2,437.79,-2.25
2022-04-22,288.561,290.514,265.31,114.812,113.307,3.7,210000.0,2.72,2.9,2.95,0.18,2.07,28.21,,,1.96,21769.4,8955851.0,191.14309692382812,0.33,118.0186,1.0754734580180474,,57.2,426.04,0.65
2022-04-29,288.561,290.514,265.31,114.812,113.307,3.7,209000.0,2.7,2.89,2.96,0.19,2.04,33.4,,,2.05,21769.4,8939199.0,191.14309692382812,0.33,119.4933,1.0237977734181933,,57.2,412.0,2.25
2022-05-06,291.298,292.063,273.251,115.525,113.703,3.6,218000.0,2.72,3.12,3.23,0.4,2.27,30.19,,,2.09,21719.2,8939972.0,142.25848388671875,0.77,119.8577,0.9915291413185836,,55.3,411.34,3.5
2022-05-13,291.298,292.063,273.251,115.525,113.703,3.6,204000.0,2.61,2.93,3.1,0.32,1.9,28.87,,,2.24,21719.2,8942008.0,142.25848388671875,0.77,120.8442,0.8578668290919267,,55.3,401.72,0.0
2022-05-20,291.298,292.063,273.251,115.525,113.703,3.6,225000.0,2.6,2.78,2.99,0.18,1.75,29.43,,,2.36,21719.2,8945898.0,142.25848388671875,0.77,119.3677,1.070166475165282,,55.3,389.63,0.5
2022-05-27,291.298,292.063,273.251,115.525,113.703,3.6,211000.0,2.47,2.74,2.97,0.27,1.66,25.72,,,2.26,21719.2,8914281.0,142.25848388671875,0.77,118.2834,0.7836684689435227,,55.3,415.26,3.5
2022-06-03,294.957,294.05,280.251,116.638,114.376,3.6,199000.0,2.66,2.96,3.11,0.3,1.75,24.79,,,2.09,21651.1,8915050.0,130.7073211669922,1.21,118.2153,0.9221717276044894,,55.9,410.54,8.95
2022-06-10,294.957,294.05,280.251,116.638,114.376,3.6,213000.0,3.06,3.15,3.2,0.09,1.76,27.75,,,2.04,21651.1,8918254.0,130.7073211669922,1.21,119.9981,1.1961169221157126,,55.9,389.8,9.1
2022-06-17,294.957,294.05,280.251,116.638,114.376,3.6,211000.0,3.17,3.25,3.3,0.08,1.62,31.13,,,2.13,21651.1,8932420.0,130.7073211669922,1.21,121.2369,0.9717241788868543,,55.9,365.86,16.4
2022-06-24,294.957,294.05,280.251,116.638,114.376,3.6,214000.0,3.04,3.13,3.26,0.09,1.4,27.23,,,2.22,21651.1,8934346.0,130.7073211669922,1.21,120.4853,0.7630738246398828,,55.9,390.08,4.5
2022-07-01,294.913,295.088,272.274,116.631,114.628,3.5,212000.0,2.84,2.88,3.11,0.04,1.15,26.7,,,2.42,21652.5,8913553.0,117.17676544189452,1.68,121.5058,0.8584063957106689,,53.5,381.24,2.9
2022-07-08,294.913,295.088,272.274,116.631,114.628,3.5,214000.0,3.12,3.09,3.27,-0.03,1.11,24.64,,,2.31,21652.5,8891851.0,117.17676544189452,1.68,122.4662,0.8431162397765554,,53.5,388.67,0.1
2022-07-15,294.913,295.088,272.274,116.631,114.628,3.5,212000.0,3.13,2.93,3.1,-0.2,0.56,24.23,,,2.3,21652.5,8895867.0,117.17676544189452,1.68,123.4765,0.8180345013689946,,53.5,385.13,-4.25
2022-07-22,294.913,295.088,272.274,116.631,114.628,3.5,216000.0,2.98,2.77,3.0,-0.21,0.28,23.03,,,2.28,21652.5,8899213.0,117.17676544189452,1.68,122.451,0.9705149453086757,,53.5,395.09,-8.1
2022-07-29,294.913,295.088,272.274,116.631,114.628,3.5,221000.0,2.89,2.67,3.0,-0.22,0.26,21.33,,,2.36,21652.5,8890004.0,117.17676544189452,1.68,121.7678,0.7990656691302711,,53.5,411.99,-4.55
2022-08-05,295.097,296.535,269.546,116.956,115.276,3.6,228000.0,3.24,2.83,3.06,-0.41,0.25,21.15,,,2.29,21638.9,8874620.0,132.86322021484375,2.33,122.321,0.8033942398161369,,52.9,413.47,-3.35
2022-08-12,295.097,296.535,269.546,116.956,115.276,3.6,221000.0,3.25,2.84,3.12,-0.41,0.21,19.53,,,2.27,21638.9,8879138.0,132.86322021484375,2.33,121.018,0.7694873811364076,,52.9,427.1,1.1
2022-08-19,295.097,296.535,269.546,116.956,115.276,3.6,220000.0,3.25,2.98,3.22,-0.27,0.24,20.6,,,2.25,21638.9,8849762.0,132.86322021484375,2.33,123.0501,0.9522655709280269,,52.9,422.14,6.4
2022-08-26,295.097,296.535,269.546,116.956,115.276,3.6,215000.0,3.37,3.04,3.21,-0.33,0.15,25.56,,,2.19,21638.9,8851436.0,132.86322021484375,2.33,123.0656,0.9444643959002101,,52.9,405.31,5.9
2022-09-02,296.349,298.226,267.898,117.371,115.788,3.5,210000.0,3.4,3.2,3.35,-0.2,0.26,25.47,,,2.24,21536.7,8826093.0,131.98587036132812,2.56,123.7743,0.9682672343115143,,53.0,392.24,8.35
2022-09-09,296.349,298.226,267.898,117.371,115.788,3.5,203000.0,3.56,3.33,3.47,-0.23,0.25,22.79,,,2.2,21536.7,8822401.0,131.98587036132812,2.56,123.7874,0.8207868478161452,,53.0,406.6,7.9
2022-09-16,296.349,298.226,267.898,117.371,115.788,3.5,195000.0,3.85,3.45,3.52,-0.4,0.25,26.3,,,2.18,21536.7,8832759.0,131.98587036132812,2.56,124.8794,1.1424887796613419,,53.0,385.56,11.35
2022-09-23,296.349,298.226,267.898,117.371,115.788,3.5,202000.0,4.2,3.69,3.61,-0.51,0.45,29.92,,,2.09,21536.7,8816802.0,131.98587036132812,2.56,127.2853,1.2630481777411338,,53.0,367.95,12.4
2022-09-30,296.349,298.226,267.898,117.371,115.788,3.5,190000.0,4.22,3.83,3.79,-0.39,0.5,31.62,,,2.24,21536.7,8795567.0,131.98587036132812,2.56,127.5148,1.0479687075937454,,51.1,357.18,-1.5
2022-10-07,298.007,299.399,265.061,117.919,116.204,3.6,203000.0,4.3,3.89,3.86,-0.41,0.44,31.36,,,2.17,21461.4,8759053.0,143.16241455078125,3.08,127.3111,0.9792942225694876,,51.1,362.79,1.75
2022-10-14,298.007,299.399,265.061,117.919,116.204,3.6,207000.0,4.48,4.0,3.99,-0.48,0.19,32.02,,,2.28,21461.4,8758969.0,143.16241455078125,3.08,128.3325,0.9528420397365612,,51.1,357.63,6.85
2022-10-21,298.007,299.399,265.061,117.919,116.204,3.6,199000.0,4.49,4.21,4.33,-0.28,0.12,29.69,,,2.36,21461.4,8743922.0,143.16241455078125,3.08,127.6735,0.888454282618671,,51.1,374.29,7.5
2022-10-28,298.007,299.399,265.061,117.919,116.204,3.6,202000.0,4.41,4.02,4.15,-0.39,-0.16,25.75,,,2.3,21461.4,8723090.0,143.16241455078125,3.08,127.2135,0.9068284960958078,,51.1,389.02,6.85
2022-11-04,298.786,300.325,263.157,118.224,116.539,3.6,202000.0,4.66,4.17,4.27,-0.49,-0.04,24.55,,,2.22,21406.3,8676870.0,116.7162857055664,3.78,127.1468,0.9152544005806423,,50.3,376.35,7.75
2022-11-11,298.786,300.325,263.157,118.224,116.539,3.6,204000.0,4.34,3.82,4.03,-0.52,-0.46,22.52,,,2.36,21406.3,8678886.0,116.7162857055664,3.78,124.7044,0.6915385777619354,,50.3,398.51,4.1
2022-11-18,298.786,300.325,263.157,118.224,116.539,3.6,210000.0,4.51,3.82,3.92,-0.69,-0.52,23.12,,,2.13,21406.3,8625620.0,116.7162857055664,3.78,123.8524,0.819608148017306,,50.3,396.03,2.9
2022-11-25,298.786,300.325,263.157,118.224,116.539,3.6,220000.0,4.42,3.68,3.74,-0.74,-0.73,20.5,,,2.06,21406.3,8621390.0,116.7162857055664,3.78,123.3386,0.8154144386034278,,50.3,402.33,4.25
2022-12-02,298.832,301.394,257.897,118.384,116.952,3.5,209000.0,4.28,3.51,3.56,-0.77,-0.83,19.06,,,2.03,21290.8,8584576.0,111.19593811035156,4.1,122.0102,0.8135833315858202,,49.0,406.91,2.6
2022-12-09,298.832,301.394,257.897,118.384,116.952,3.5,209000.0,4.33,3.57,3.56,-0.76,-0.74,22.83,,,1.9,21290.8,8582735.0,111.19593811035156,4.1,122.4201,0.9944517018228478,,49.0,393.28,4.25
2022-12-16,298.832,301.394,257.897,118.384,116.952,3.5,209000.0,4.17,3.48,3.53,-0.69,-0.83,22.62,,,1.98,21290.8,8583413.0,111.19593811035156,4.1,122.6505,1.1353234120851519,,49.0,383.27,3.75
2022-12-23,298.832,301.394,257.897,118.384,116.952,3.5,213000.0,4.31,3.75,3.82,-0.56,-0.59,20.87,,,2.0,21290.8,8564411.0,111.19593811035156,4.1,121.9743,0.958125679817619,,49.0,382.91,3.35
2022-12-30,298.832,301.394,257.897,118.384,116.952,3.5,205000.0,4.41,3.88,3.97,-0.53,-0.54,21.67,,,1.99,21290.8,8551169.0,111.19593811035156,4.1,121.4256,1.0305031673361864,,49.0,382.43,4.85
2023-01-06,300.42,302.642,260.227,119.018,117.505,3.5,205000.0,4.24,3.55,3.67,-0.69,-1.12,21.13,,,2.07,21279.4,8507429.0,104.2670440673828,4.33,121.0852,0.9179357926904506,,48.0,388.08,2.75
2023-01-13,300.42,302.642,260.227,119.018,117.505,3.5,210000.0,4.22,3.49,3.61,-0.73,-1.18,18.35,,,1.95,21279.4,8508587.0,104.2670440673828,4.33,119.1673,0.8830766299001681,,48.0,398.5,1.85
2023-01-20,300.42,302.642,260.227,119.018,117.505,3.5,204000.0,4.14,3.48,3.66,-0.66,-1.24,19.85,,,1.98,21279.4,8489039.0,104.2670440673828,4.33,119.3486,0.8290107779760654,,48.0,395.88,-1.65
2023-01-27,300.42,302.642,260.227,119.018,117.505,3.5,204000.0,4.19,3.52,3.64,-0.67,-1.21,18.51,,,1.88,21279.4,8470557.0,104.2670440673828,4.33,118.9223,0.7305022622987984,,48.0,405.68,2.0
2023-02-03,301.45,304.123,258.669,119.369,117.929,3.6,200000.0,4.3,3.53,3.63,-0.77,-1.17,18.33,,,1.83,21242.6,8433610.0,120.99437713623048,4.57,119.5095,0.8255503650898264,,47.3,412.35,1.25
2023-02-10,301.45,304.123,258.669,119.369,117.929,3.6,215000.0,4.5,3.74,3.83,-0.76,-1.05,20.53,,,1.85,21242.6,8435369.0,120.99437713623048,4.57,120.1419,0.9823511324909076,,47.3,408.04,4.65
2023-02-17,301.45,304.123,258.669,119.369,117.929,3.6,220000.0,4.6,3.82,3.88,-0.78,-1.02,20.02,,,1.89,21242.6,8384767.0,120.99437713623048,4.57,120.5526,0.9300400529350555,,47.3,407.26,6.65
2023-02-24,301.45,304.123,258.669,119.369,117.929,3.6,217000.0,4.78,3.95,3.93,-0.83,-0.91,21.67,,,1.86,21242.6,8382190.0,120.99437713623048,4.57,121.5681,1.0215541490313527,,47.3,396.38,10.15
2023-03-03,301.821,305.147,257.062,119.538,118.315,3.5,207000.0,4.86,3.97,3.9,-0.89,-0.94,18.49,,,1.79,20946.7,8339684.0,105.37997436523438,4.65,120.7742,0.9064795590297025,,47.5,404.19,9.6
2023-03-10,301.821,305.147,257.062,119.538,118.315,3.5,230000.0,4.6,3.7,3.7,-0.9,-1.31,24.8,,,1.96,20946.7,8342283.0,105.37997436523438,4.65,121.2421,1.2862404801358394,,47.5,385.91,-0.5
2023-03-17,301.821,305.147,257.062,119.538,118.315,3.5,222000.0,3.81,3.39,3.6,-0.42,-1.13,25.51,,,2.21,20946.7,8639300.0,105.37997436523438,4.65,121.5643,0.9304528609548458,,47.5,389.99,-5.0
2023-03-24,301.821,305.147,257.062,119.538,118.315,3.5,230000.0,3.76,3.38,3.64,-0.38,-1.36,21.74,,,2.24,20946.7,8733787.0,105.37997436523438,4.65,120.4598,1.0551118972971547,,47.5,395.75,-0.5
2023-03-31,301.821,305.147,257.062,119.538,118.315,3.5,234000.0,4.06,3.48,3.67,-0.58,-1.37,18.7,,,2.11,20946.7,8705942.0,105.37997436523438,4.65,119.3602,0.8859842370330678,,46.3,409.39,3.25
2023-04-07,302.845,306.534,256.908,119.951,118.734,3.4,217000.0,3.97,3.39,3.61,-0.58,-1.56,18.4,,,2.11,20761.3,8632384.0,106.80965423583984,4.83,119.3547,0.9191555598372534,,46.3,409.19,3.5
2023-04-14,302.845,306.534,256.908,119.951,118.734,3.4,220000.0,4.08,3.52,3.74,-0.56,-1.62,17.07,,,2.05,20761.3,8614797.0,106.80965423583984,4.83,118.8567,0.9060675374858671,,46.3,412.46,1.0
2023-04-21,302.845,306.534,256.908,119.951,118.734,3.4,223000.0,4.17,3.57,3.78,-0.6,-1.57,16.77,,,2.04,20761.3,8593263.0,106.80965423583984,4.83,119.3117,0.8677885575297434,,46.3,412.2,-1.1
2023-04-28,302.845,306.534,256.908,119.951,118.734,3.4,209000.0,4.04,3.44,3.67,-0.6,-1.66,15.78,,,2.08,20761.3,8562768.0,106.80965423583984,4.83,119.2248,0.9329556791791377,,46.3,415.93,0.65
2023-05-05,303.334,307.652,253.67,120.15,119.083,3.6,213000.0,3.92,3.44,3.76,-0.48,-1.82,17.19,,,2.2,20829.6,8503994.0,108.46768188476562,5.06,118.5548,0.8875278609873446,,46.7,412.63,-3.65
2023-05-12,303.334,307.652,253.67,120.15,119.083,3.6,223000.0,3.98,3.46,3.78,-0.52,-1.79,17.03,,,2.21,20829.6,8503017.0,108.46768188476562,5.06,119.3671,0.8414236960975069,,46.7,411.59,-8.65
2023-05-19,303.334,307.652,253.67,120.15,119.083,3.6,225000.0,4.28,3.7,3.95,-0.58,-1.59,16.81,,,2.18,20829.6,8456760.0,108.46768188476562,5.06,119.7751,0.8525158955195478,,46.7,418.62,-10.35
2023-05-26,303.334,307.652,253.67,120.15,119.083,3.6,227000.0,4.54,3.8,3.96,-0.74,-1.54,17.95,,,2.1,20829.6,8436255.0,108.46768188476562,5.06,120.6304,0.7717463631386471,,46.7,420.02,-8.65
2023-06-02,304.014,308.322,253.86,120.469,119.39,3.6,229000.0,4.5,3.69,3.88,-0.81,-1.81,14.6,,,2.11,20799.2,8385854.0,110.52894592285156,5.08,120.0049,0.6990673720611261,,46.4,427.92,-10.6
2023-06-09,304.014,308.322,253.86,120.469,119.39,3.6,252000.0,4.59,3.75,3.89,-0.84,-1.62,13.83,,,2.05,20799.2,8389325.0,110.52894592285156,5.08,119.4322,0.7263501839475611,,46.4,429.9,-9.85
2023-06-16,304.014,308.322,253.86,120.469,119.39,3.6,256000.0,4.7,3.77,3.86,-0.93,-1.57,13.54,,,1.96,20799.2,8388323.0,110.52894592285156,5.08,118.4184,0.6968504991602067,,46.4,439.46,-8.75
2023-06-23,304.014,308.322,253.86,120.469,119.39,3.6,259000.0,4.71,3.74,3.82,-0.97,-1.67,13.44,,,1.96,20799.2,8362060.0,110.52894592285156,5.08,119.152,0.8275138446030699,,46.4,433.21,-11.65
2023-06-30,304.014,308.322,253.86,120.469,119.39,3.6,236000.0,4.87,3.81,3.85,-1.06,-1.62,13.59,,,1.88,20799.2,8340914.0,110.52894592285156,5.08,119.3606,0.7761746586250449,,46.3,443.28,-7.45
2023-07-07,304.609,308.96,253.835,120.607,119.556,3.5,248000.0,4.94,4.06,4.05,-0.88,-1.4,14.83,1.28,4.08,1.81,20791.1,8298312.0,107.44878387451172,5.12,119.0761,0.7225511348573685,,46.3,438.55,-6.4
2023-07-14,304.609,308.96,253.835,120.607,119.556,3.5,230000.0,4.74,3.83,3.93,-0.91,-1.66,13.34,1.28,3.9,1.87,20791.1,8296923.0,107.44878387451172,5.12,117.0463,0.7026943892649936,,46.3,449.28,-9.6
2023-07-21,304.609,308.96,253.835,120.607,119.556,3.5,229000.0,4.82,3.84,3.91,-0.98,-1.66,13.6,1.26,3.89,1.85,20791.1,8274552.0,107.44878387451172,5.12,117.9418,0.7861885503241225,,46.3,452.18,-10.75
2023-07-28,304.609,308.96,253.835,120.607,119.556,3.5,231000.0,4.87,3.96,4.03,-0.91,-1.56,13.33,1.19,3.82,1.8,20791.1,8243344.0,107.44878387451172,5.12,117.788,0.8185323948173779,,46.3,456.92,-6.55
2023-08-04,306.082,309.58,257.68,120.97,119.689,3.7,238000.0,4.78,4.05,4.21,-0.73,-1.49,17.1,1.22,4.01,1.9,20777.0,8206764.0,101.14118194580078,5.33,118.821,0.8697002790956574,,46.7,446.81,-9.1
2023-08-11,306.082,309.58,257.68,120.97,119.689,3.7,258000.0,4.89,4.16,4.27,-0.73,-1.38,14.84,1.22,3.83,1.87,20777.0,8208241.0,101.14118194580078,5.33,119.6268,0.942497942272118,,46.7,445.65,-10.75
2023-08-18,306.082,309.58,257.68,120.97,119.689,3.7,248000.0,4.92,4.26,4.38,-0.66,-1.29,17.3,1.27,4.02,1.89,20777.0,8145727.0,101.14118194580078,5.33,120.4321,1.060669902987321,,46.7,436.5,-11.25
2023-08-25,306.082,309.58,257.68,120.97,119.689,3.7,240000.0,5.03,4.25,4.3,-0.78,-1.36,15.68,1.23,3.9,1.76,20777.0,8139066.0,101.14118194580078,5.33,120.5137,1.0105776098739219,,46.7,439.97,-12.75
2023-09-01,307.276,310.539,258.934,121.419,120.058,3.7,234000.0,4.87,4.18,4.29,-0.69,-1.35,13.09,1.22,3.81,1.82,20747.6,8121316.0,98.6348114013672,5.33,120.759,0.8830181761813912,,47.9,451.19,-9.85
2023-09-08,307.276,310.539,258.934,121.419,120.058,3.7,225000.0,4.98,4.26,4.33,-0.72,-1.29,13.84,1.23,3.85,1.79,20747.6,8101318.0,98.6348114013672,5.33,121.9475,0.8981255915356133,,47.9,445.52,-10.75
2023-09-15,307.276,310.539,258.934,121.419,120.058,3.7,225000.0,5.02,4.33,4.42,-0.69,-1.23,13.79,1.22,3.79,1.78,20747.6,8098779.0,98.6348114013672,5.33,121.199,0.8898151997663966,,47.9,443.37,-10.25
2023-09-22,307.276,310.539,258.934,121.419,120.058,3.7,211000.0,5.1,4.44,4.53,-0.66,-1.12,17.2,1.2,3.93,1.73,20747.6,8024090.0,98.6348114013672,5.33,121.5306,1.0225717070413711,,47.9,430.42,-10.15
2023-09-29,307.276,310.539,258.934,121.419,120.058,3.7,216000.0,5.03,4.59,4.73,-0.44,-0.96,17.52,1.24,4.03,1.78,20747.6,8002064.0,98.6348114013672,5.33,122.3077,0.9563929388170282,,47.9,427.48,-7.6
2023-10-06,307.696,311.457,255.192,121.484,120.241,3.9,216000.0,5.08,4.78,4.95,-0.3,-0.85,17.45,1.29,4.33,1.84,20733.1,7955782.0,197.8870086669922,5.33,123.3563,0.9272052404081628,,48.9,429.54,-9.5
2023-10-13,307.696,311.457,255.192,121.484,120.241,3.9,210000.0,5.04,4.63,4.78,-0.41,-0.99,19.32,1.27,4.3,1.82,20733.1,7952054.0,197.8870086669922,5.33,123.5954,0.9820739581584431,,48.9,431.5,-11.0
2023-10-20,307.696,311.457,255.192,121.484,120.241,3.9,200000.0,5.07,4.93,5.09,-0.14,-0.65,21.71,1.33,4.52,1.88,20733.1,7933162.0,197.8870086669922,5.33,123.612,1.0461182113935432,,48.9,421.19,-12.0
2023-10-27,307.696,311.457,255.192,121.484,120.241,3.9,214000.0,4.99,4.84,5.03,-0.15,-0.75,21.27,1.31,4.53,1.88,20733.1,7907830.0,197.8870086669922,5.33,123.62,1.0429101553931235,,48.9,410.68,-11.25
2023-11-03,308.148,312.392,252.856,121.493,120.374,3.7,217000.0,4.83,4.57,4.77,-0.26,-0.96,14.91,1.29,4.04,1.86,20746.6,7866664.0,156.69613647460938,5.33,121.7564,0.777603305236007,,47.3,434.69,-13.05
2023-11-10,308.148,312.392,252.856,121.493,120.374,3.7,216000.0,5.04,4.61,4.73,-0.43,-0.92,14.17,1.26,4.03,1.8,20746.6,7860691.0,156.69613647460938,5.33,122.1281,0.9736177956973726,,47.3,440.61,-17.35
2023-11-17,308.148,312.392,252.856,121.493,120.374,3.7,230000.0,4.88,4.44,4.59,-0.44,-1.06,13.8,1.2,3.99,1.78,20746.6,7814991.0,156.69613647460938,5.33,120.8477,0.7888392909692349,,47.3,450.79,-18.75
2023-11-24,308.148,312.392,252.856,121.493,120.374,3.7,213000.0,4.92,4.47,4.6,-0.45,-1.07,12.46,1.14,3.85,1.72,20746.6,7810814.0,156.69613647460938,5.33,120.2105,0.8383136973418239,,47.3,455.3,-20.15
2023-12-01,308.741,313.195,249.866,121.66,120.592,3.8,213000.0,4.56,4.22,4.4,-0.34,-1.21,12.63,1.11,3.87,1.71,20777.9,7796145.0,142.2794647216797,5.33,119.9424,0.7209457226193299,,46.9,459.1,-18.6
2023-12-08,308.741,313.195,249.866,121.66,120.592,3.8,215000.0,4.71,4.23,4.31,-0.48,-1.21,12.35,1.1,3.75,1.61,20777.9,7737385.0,142.2794647216797,5.33,120.7607,0.772116852308087,,46.9,460.2,-19.55
2023-12-15,308.741,313.195,249.866,121.66,120.592,3.8,203000.0,4.44,3.91,4.0,-0.53,-1.53,12.28,1.04,3.51,1.57,20777.9,7739566.0,142.2794647216797,5.33,119.7382,0.6854522632483578,,46.9,469.33,-19.4
2023-12-22,308.741,313.195,249.866,121.66,120.592,3.8,209000.0,4.31,3.9,4.05,-0.41,-1.54,13.03,1.07,3.39,1.65,20777.9,7724063.0,142.2794647216797,5.33,119.0625,0.7694328421845624,,46.9,473.65,-21.9
2023-12-29,308.741,313.195,249.866,121.66,120.592,3.8,212000.0,4.23,3.88,4.03,-0.35,-1.52,12.45,1.04,3.34,1.61,20777.9,7712781.0,142.2794647216797,5.33,118.4208,0.7795191894669617,,46.9,475.31,-18.4
2024-01-05,309.698,314.319,251.306,122.23,121.217,3.7,200000.0,4.4,4.05,4.21,-0.35,-1.42,13.35,1.09,3.68,1.65,20843.7,7681024.0,160.3736572265625,5.33,119.388,0.9242055444320723,,46.9,467.92,-16.85
2024-01-12,309.698,314.319,251.306,122.23,121.217,3.7,201000.0,4.14,3.96,4.2,-0.18,-1.49,12.7,1.02,3.56,1.64,20843.7,7686710.0,160.3736572265625,5.33,119.534,0.8749746594022176,,46.9,476.68,-17.35
2024-01-19,309.698,314.319,251.306,122.23,121.217,3.7,195000.0,4.39,4.15,4.36,-0.24,-1.3,13.3,1.01,3.54,1.59,20843.7,7673741.0,160.3736572265625,5.33,120.6442,0.761239510445133,,46.9,482.43,-16.05
2024-01-26,309.698,314.319,251.306,122.23,121.217,3.7,224000.0,4.34,4.15,4.38,-0.19,-1.29,13.26,0.97,3.39,1.58,20843.7,7677230.0,160.3736572265625,5.33,120.6173,0.8095619317633314,,46.9,487.41,-14.45
2024-02-02,310.967,315.564,254.926,122.598,121.537,3.9,226000.0,4.36,4.03,4.22,-0.33,-1.4,13.85,1.02,3.47,1.59,20926.7,7630124.0,146.59817504882812,5.33,120.902,0.8000442199408498,,48.9,494.35,-12.9
2024-02-09,310.967,315.564,254.926,122.598,121.537,3.9,213000.0,4.48,4.17,4.37,-0.31,-1.27,12.93,1.0,3.33,1.59,20926.7,7631300.0,146.59817504882812,5.33,121.039,0.6778680124376474,,48.9,501.2,-13.75
2024-02-16,310.967,315.564,254.926,122.598,121.537,3.9,213000.0,4.64,4.3,4.45,-0.34,-1.14,14.24,0.96,3.34,1.53,20926.7,7633874.0,146.59817504882812,5.33,121.1505,0.7309858579860165,,48.9,499.51,-11.95
2024-02-23,310.967,315.564,254.926,122.598,121.537,3.9,202000.0,4.67,4.26,4.37,-0.41,-1.2,13.75,0.95,3.23,1.49,20926.7,7581683.0,146.59817504882812,5.33,121.0369,0.7549465528706388,,48.9,507.85,-13.25
2024-03-01,312.345,316.792,255.095,123.038,122.009,3.9,212000.0,4.54,4.19,4.33,-0.35,-1.23,13.11,1.01,3.32,1.57,20973.4,7567807.0,133.21316528320312,5.33,121.0111,0.7495968259120731,,47.6,512.85,-8.0
2024-03-08,312.345,316.792,255.095,123.038,122.009,3.9,213000.0,4.48,4.09,4.26,-0.39,-1.37,14.74,0.99,3.26,1.59,20973.4,7538857.0,133.21316528320312,5.33,119.975,0.753452076931681,,47.6,511.72,-10.0
2024-03-15,312.345,316.792,255.095,123.038,122.009,3.9,213000.0,4.72,4.31,4.43,-0.41,-1.17,14.41,0.93,3.16,1.49,20973.4,7541969.0,133.21316528320312,5.33,120.4003,0.7726538317130528,,47.6,509.83,-10.75
2024-03-22,312.345,316.792,255.095,123.038,122.009,3.9,213000.0,4.59,4.22,4.39,-0.37,-1.24,13.06,0.92,3.08,1.53,20973.4,7514348.0,133.21316528320312,5.33,121.1842,0.8827938685006438,,47.6,521.21,-11.0
2024-03-29,312.345,316.792,255.095,123.038,122.009,3.9,214000.0,4.59,4.2,4.34,-0.39,-1.26,13.01,0.93,3.12,1.5,20973.4,7484739.0,133.21316528320312,5.33,121.0191,0.7412385477287804,,47.6,523.07,-7.75
2024-04-05,313.023,317.649,256.978,123.341,122.304,3.9,223000.0,4.73,4.39,4.54,-0.34,-1.04,16.03,0.92,3.18,1.49,20959.6,7439558.0,163.9473419189453,5.33,120.9646,0.9453482634290468,,49.8,518.43,-9.75
2024-04-12,313.023,317.649,256.978,123.341,122.304,3.9,213000.0,4.88,4.5,4.61,-0.38,-0.95,17.31,0.92,3.25,1.45,20959.6,7438176.0,163.9473419189453,5.33,122.2885,0.7984427224352177,,49.8,510.85,-8.0
2024-04-19,313.023,317.649,256.978,123.341,122.304,3.9,212000.0,4.97,4.62,4.72,-0.35,-0.83,18.71,0.94,3.37,1.46,20959.6,7405506.0,163.9473419189453,5.33,123.1075,0.9685424239939535,,49.8,495.16,-9.25
2024-04-26,313.023,317.649,256.978,123.341,122.304,3.9,209000.0,4.96,4.67,4.78,-0.29,-0.79,15.03,0.9,3.16,1.45,20959.6,7402434.0,163.9473419189453,5.33,122.9471,0.7746978656087131,,49.8,508.26,-7.45
2024-05-03,313.175,318.095,255.313,123.348,122.383,3.9,207000.0,4.81,4.5,4.66,-0.31,-0.95,13.49,0.89,3.08,1.49,21020.6,7362474.0,130.52186584472656,5.33,122.1375,0.7959927583510441,,48.8,511.29,-7.45
2024-05-10,313.175,318.095,255.313,123.348,122.383,3.9,230000.0,4.87,4.5,4.64,-0.37,-0.97,12.55,0.89,3.12,1.48,21020.6,7353408.0,130.52186584472656,5.33,122.014,0.7739805145458427,,48.8,520.84,-8.75
2024-05-17,313.175,318.095,255.313,123.348,122.383,3.9,222000.0,4.83,4.42,4.56,-0.41,-1.04,11.99,0.89,3.09,1.48,21020.6,7304272.0,130.52186584472656,5.33,121.2354,0.7233105733648799,,48.8,529.45,-9.25
2024-05-24,313.175,318.095,255.313,123.348,122.383,3.9,216000.0,4.93,4.46,4.57,-0.47,-1.0,11.93,0.89,3.11,1.46,21020.6,7299566.0,130.52186584472656,5.33,121.6172,0.8684457219665429,,48.8,529.44,-10.25
2024-05-31,313.175,318.095,255.313,123.348,122.383,3.9,220000.0,4.89,4.51,4.65,-0.38,-0.95,12.92,0.88,3.2,1.46,21020.6,7284319.0,130.52186584472656,5.33,122.098,0.6923469556105417,,48.5,527.37,-9.5
2024-06-07,313.044,318.39,255.914,123.539,122.677,4.1,227000.0,4.87,4.43,4.55,-0.44,-1.09,12.22,0.9,3.15,1.46,21068.4,7255687.0,113.0927963256836,5.33,123.549,0.7791036851584247,494735721.0,48.5,534.01,-11.95
2024-06-14,313.044,318.39,255.914,123.539,122.677,4.1,240000.0,4.67,4.2,4.34,-0.47,-1.31,12.66,0.95,3.29,1.53,21068.4,7258974.0,113.0927963256836,5.33,124.1694,0.7947506308730423,547195635.0,48.5,542.78,-16.15
2024-06-21,313.044,318.39,255.914,123.539,122.677,4.1,236000.0,4.7,4.25,4.39,-0.45,-1.24,13.2,0.96,3.21,1.55,21068.4,7252542.0,113.0927963256836,5.33,124.1086,0.7486897089893538,526614602.0,48.5,544.51,-17.45
2024-06-28,313.044,318.39,255.914,123.539,122.677,4.1,233000.0,4.71,4.36,4.51,-0.35,-1.12,12.44,0.96,3.18,1.55,21068.4,7231163.0,113.0927963256836,5.33,124.2103,0.7373255999228615,467786761.0,48.5,544.22,-14.45
2024-07-05,313.569,318.94,257.321,123.736,122.911,4.2,238000.0,4.6,4.28,4.47,-0.32,-1.18,12.48,0.92,3.27,1.56,21095.3,7221520.0,92.3948745727539,5.33,123.4762,0.6663185402666942,473596741.0,48.3,554.64,-15.1
2024-07-12,313.569,318.94,257.321,123.736,122.911,4.2,223000.0,4.45,4.18,4.39,-0.27,-1.25,12.46,0.92,3.19,1.58,21095.3,7224079.0,92.3948745727539,5.33,122.4404,0.6702800329372501,499179031.0,48.3,559.99,-16.75
2024-07-19,313.569,318.94,257.321,123.736,122.911,4.2,241000.0,4.49,4.25,4.45,-0.24,-1.18,16.52,0.93,3.09,1.57,21095.3,7208247.0,92.3948745727539,5.33,123.147,0.7663877078697497,507714184.0,48.3,548.99,-18.6
2024-07-26,313.569,318.94,257.321,123.736,122.911,4.2,237000.0,4.36,4.2,4.45,-0.16,-1.18,16.39,0.95,3.1,1.65,21095.3,7205455.0,92.3948745727539,5.33,123.672,0.820027464298944,480641865.0,48.3,544.44,-15.4
2024-08-02,314.062,319.75,255.463,123.889,123.128,4.2,248000.0,3.88,3.8,4.11,-0.08,-1.49,23.39,1.06,3.72,1.8,21186.7,7178391.0,140.97506713867188,5.33,123.4681,0.9685499593896346,501886920.0,47.0,532.9,-19.3
2024-08-09,314.062,319.75,255.463,123.889,123.128,4.2,234000.0,4.05,3.94,4.23,-0.11,-1.39,20.37,1.05,3.49,1.77,21186.7,7175256.0,140.97506713867188,5.33,122.9276,0.8686858750848987,518578616.0,47.0,532.99,-19.75
2024-08-16,314.062,319.75,255.463,123.889,123.128,4.2,228000.0,4.06,3.89,4.15,-0.17,-1.44,14.8,0.98,3.29,1.69,21186.7,7177688.0,140.97506713867188,5.33,122.3972,0.7348202202309225,524041266.0,47.0,554.31,-19.55
2024-08-23,314.062,319.75,255.463,123.889,123.128,4.2,232000.0,3.9,3.81,4.1,-0.09,-1.44,15.86,0.96,3.19,1.7,21186.7,7139952.0,140.97506713867188,5.33,121.4597,0.7201587563146199,493073787.0,47.0,562.13,-21.1
2024-08-30,314.062,319.75,255.463,123.889,123.128,4.2,232000.0,3.91,3.91,4.2,0.0,-1.3,15.0,0.95,3.13,1.69,21186.7,7123238.0,140.97506713867188,5.33,122.3262,0.7243012029672531,508849710.0,47.0,563.68,-19.55
2024-09-06,314.732,320.732,252.682,124.164,123.466,4.1,227000.0,3.66,3.72,4.03,0.06,-1.41,22.38,0.99,3.39,1.73,21269.5,7112567.0,130.35877990722656,5.13,122.4991,0.8929860400745039,516276842.0,47.5,540.36,-21.1
2024-09-13,314.732,320.732,252.682,124.164,123.466,4.1,227000.0,3.57,3.66,3.98,0.09,-1.31,16.56,0.99,3.37,1.72,21269.5,7115001.0,130.35877990722656,5.13,121.6551,0.6971583072682723,536277434.0,47.5,562.01,-20.35
2024-09-20,314.732,320.732,252.682,124.164,123.466,4.1,223000.0,3.55,3.73,4.07,0.18,-1.02,16.15,0.93,3.15,1.67,21269.5,7109137.0,130.35877990722656,5.13,121.4052,0.7428664158889213,528002609.0,47.5,568.25,-20.5
2024-09-27,314.732,320.732,252.682,124.164,123.466,4.1,221000.0,3.55,3.75,4.1,0.2,-0.93,16.96,0.92,3.14,1.66,21269.5,7080059.0,130.35877990722656,5.13,121.1111,0.680280910573314,491597298.0,47.5,571.47,-20.5
2024-10-04,315.631,321.731,253.081,124.494,123.832,4.1,227000.0,3.93,3.98,4.26,0.05,-0.75,19.21,0.87,2.89,1.57,21331.9,7046925.0,130.689208984375,4.83,122.2197,0.7662953746627815,520864460.0,47.5,572.98,-19.65
2024-10-11,315.631,321.731,253.081,124.494,123.832,4.1,258000.0,3.95,4.08,4.39,0.13,-0.65,20.46,0.84,2.98,1.54,21331.9,7046840.0,130.689208984375,4.83,122.9805,0.708331762546328,543200407.0,47.5,579.58,-18.9
2024-10-18,315.631,321.731,253.081,124.494,123.832,4.1,241000.0,3.95,4.08,4.38,0.13,-0.65,18.03,0.83,2.88,1.53,21331.9,7039284.0,130.689208984375,4.83,123.9185,0.6575737378753777,544195340.0,47.5,584.59,-19.55
2024-10-25,315.631,321.731,253.081,124.494,123.832,4.1,227000.0,4.11,4.25,4.51,0.14,-0.48,20.33,0.85,2.89,1.51,21331.9,7029408.0,130.689208984375,4.83,124.6105,0.7603508308837691,517541180.0,47.5,579.04,-21.25
2024-11-01,316.528,322.657,253.211,124.637,123.962,4.2,219000.0,4.21,4.37,4.57,0.16,-0.24,21.88,0.86,2.83,1.46,21452.2,7013490.0,128.90164184570312,4.64,124.8076,0.8339378971655431,539652103.0,46.9,571.04,-22.55
2024-11-08,316.528,322.657,253.211,124.637,123.962,4.2,221000.0,4.26,4.3,4.47,0.04,-0.33,14.94,0.77,2.63,1.38,21452.2,6994299.0,128.90164184570312,4.64,125.5811,0.6781734033286231,562316581.0,46.9,598.19,-20.4
2024-11-15,316.528,322.657,253.211,124.637,123.962,4.2,218000.0,4.31,4.43,4.6,0.12,-0.17,16.14,0.8,2.72,1.41,21452.2,6967108.0,128.90164184570312,4.64,126.8848,0.7851900365247062,570555706.0,46.9,585.75,-20.5
2024-11-22,316.528,322.657,253.211,124.637,123.962,4.2,216000.0,4.37,4.41,4.6,0.04,-0.22,15.24,0.8,2.61,1.43,21452.2,6923731.0,128.90164184570312,4.64,127.4712,0.6356361534114763,537482105.0,46.9,595.51,-22.0
2024-11-29,316.528,322.657,253.211,124.637,123.962,4.2,219000.0,4.13,4.18,4.36,0.05,-0.4,13.51,0.82,2.72,1.44,21452.2,6905140.0,128.90164184570312,4.64,126.5798,0.5452290150243495,546041693.0,46.9,602.55,-17.25
2024-12-06,317.604,323.259,253.423,124.979,124.196,4.1,222000.0,4.1,4.15,4.34,0.05,-0.27,12.77,0.81,2.67,1.42,21485.8,6895827.0,142.36643981933594,4.48,126.688,0.6572329804300351,569673361.0,48.4,607.81,-18.75
2024-12-13,317.604,323.259,253.423,124.979,124.196,4.1,238000.0,4.25,4.4,4.61,0.15,0.06,13.81,0.78,2.68,1.42,21485.8,6897485.0,142.36643981933594,4.48,127.3096,0.6842287874638844,575007313.0,48.4,604.21,-19.75
2024-12-20,317.604,323.259,253.423,124.979,124.196,4.1,222000.0,4.3,4.52,4.72,0.22,0.18,18.36,0.82,2.86,1.43,21485.8,6889332.0,142.36643981933594,4.48,127.893,0.7190331368829341,493904205.0,48.4,591.15,-18.25
2024-12-27,317.604,323.259,253.423,124.979,124.196,4.1,219000.0,4.31,4.62,4.82,0.31,0.31,15.95,0.81,2.84,1.4,21485.8,6885963.0,142.36643981933594,4.48,128.45,0.71371458317442,502544094.0,48.4,595.01,-17.95
2025-01-03,318.961,324.638,257.36,125.417,124.587,4.0,212000.0,4.28,4.6,4.82,0.32,0.26,16.13,0.83,2.81,1.44,21548.1,6852491.0,113.233154296875,4.33,129.4535,0.6733675526607783,512329045.0,49.2,591.95,-16.25
2025-01-10,318.961,324.638,257.36,125.417,124.587,4.0,206000.0,4.4,4.77,4.96,0.37,0.41,19.54,0.83,2.81,1.42,21548.1,6853554.0,113.233154296875,4.33,129.8664,0.8341371129380817,535504639.0,49.2,580.49,-15.5
2025-01-17,318.961,324.638,257.36,125.417,124.587,4.0,219000.0,4.27,4.61,4.84,0.34,0.27,15.97,0.82,2.64,1.46,21548.1,6834070.0,113.233154296875,4.33,129.4859,0.6353491114669292,391657067.0,49.2,597.58,-13.85
2025-01-24,318.961,324.638,257.36,125.417,124.587,4.0,223000.0,4.27,4.63,4.85,0.36,0.28,14.85,0.8,2.6,1.43,21548.1,6831760.0,113.233154296875,4.33,127.4611,0.6450992858181871,411837441.0,49.2,607.97,-16.15
2025-01-31,318.961,324.638,257.36,125.417,124.587,4.0,212000.0,4.22,4.58,4.83,0.36,0.27,16.43,0.82,2.68,1.45,21548.1,6818186.0,113.233154296875,4.33,128.4828,0.7027404787552362,438043260.0,50.9,601.82,-15.5
2025-02-07,319.679,325.465,259.498,125.921,125.145,4.2,220000.0,4.29,4.49,4.69,0.2,0.14,16.54,0.84,2.67,1.45,21613.4,6810935.0,136.9805908203125,4.33,128.4292,0.6940043312234734,462797815.0,50.9,600.77,-15.9
2025-02-14,319.679,325.465,259.498,125.921,125.145,4.2,216000.0,4.26,4.47,4.69,0.21,0.13,14.77,0.8,2.62,1.46,21613.4,6813513.0,136.9805908203125,4.33,127.1491,0.5923866244406301,489110819.0,50.9,609.7,-14.35
2025-02-21,319.679,325.465,259.498,125.921,125.145,4.2,223000.0,4.19,4.42,4.67,0.23,0.1,18.21,0.81,2.78,1.49,21613.4,6782332.0,136.9805908203125,4.33,127.1408,0.7758311537299746,443441860.0,50.9,599.94,-16.05
2025-02-28,319.679,325.465,259.498,125.921,125.145,4.2,241000.0,3.99,4.24,4.51,0.25,-0.08,19.63,0.88,2.87,1.57,21613.4,6766101.0,136.9805908203125,4.33,128.2805,0.8524275803668363,469530127.0,50.0,594.18,-15.9
2025-03-07,319.785,325.69,258.525,125.941,125.267,4.2,224000.0,3.99,4.32,4.62,0.33,-0.02,23.37,0.89,2.97,1.61,21693.6,6756764.0,175.901123046875,4.33,125.9814,0.8264071552451501,497526735.0,50.0,575.92,-17.25
2025-03-14,319.785,325.69,258.525,125.941,125.267,4.2,222000.0,4.02,4.31,4.62,0.29,-0.02,21.77,0.94,3.25,1.65,21693.6,6759571.0,175.901123046875,4.33,125.6942,0.8166648488041821,525022572.0,50.0,562.81,-17.0
2025-03-21,319.785,325.69,258.525,125.941,125.267,4.2,225000.0,3.94,4.25,4.59,0.31,-0.08,19.28,0.92,3.21,1.68,21693.6,6755982.0,175.901123046875,4.33,126.2679,0.7594083496226905,440843517.0,50.0,563.98,-17.75
2025-03-28,319.785,325.69,258.525,125.941,125.267,4.2,224000.0,3.89,4.27,4.64,0.38,-0.06,21.65,0.94,3.47,1.73,21693.6,6740253.0,175.901123046875,4.33,126.4187,0.912862879899282,466669344.0,50.0,555.66,-17.25
2025-04-04,320.302,326.467,258.392,126.15,125.502,4.2,220000.0,3.68,4.01,4.41,0.33,-0.27,45.31,1.14,4.45,1.94,21775.8,6723452.0,140.97369384765625,4.33,125.8129,1.0943780026629242,494872893.0,48.9,505.28,-21.5
2025-04-11,320.302,326.467,258.392,126.15,125.502,4.2,223000.0,3.96,4.48,4.85,0.52,0.14,37.56,1.18,4.26,1.9,21775.8,6727416.0,140.97369384765625,4.33,124.0163,0.7346297036579136,528048484.0,48.9,533.94,-25.15
2025-04-18,320.302,326.467,258.392,126.15,125.502,4.2,217000.0,3.81,4.34,4.8,0.53,0.0,29.65,1.11,4.02,1.92,21775.8,6727113.0,140.97369384765625,4.33,122.9865,0.846454017868887,459898617.0,48.9,526.41,-24.1
2025-04-25,320.302,326.467,258.392,126.15,125.502,4.2,224000.0,3.74,4.29,4.74,0.55,-0.03,24.84,1.04,3.67,1.84,21775.8,6726930.0,140.97369384765625,4.33,122.8858,0.7327748623047763,485930081.0,48.9,550.64,-23.85
2025-05-02,320.62,326.893,258.678,126.38,125.79,4.3,239000.0,3.83,4.33,4.79,0.5,0.0,22.68,1.06,3.6,1.9,21833.9,6709277.0,166.82772827148438,4.33,122.4962,0.731545373959293,502420332.0,48.8,566.76,-24.1
2025-05-09,320.62,326.893,258.678,126.38,125.79,4.3,228000.0,3.88,4.37,4.83,0.49,0.03,21.9,1.02,3.53,1.89,21833.9,6710889.0,166.82772827148438,4.33,122.5191,0.6790856174087486,526967768.0,48.8,564.34,-22.25
2025-05-16,320.62,326.893,258.678,126.38,125.79,4.3,226000.0,3.98,4.43,4.89,0.45,0.06,17.24,0.93,3.16,1.82,21833.9,6713270.0,166.82772827148438,4.33,123.0737,0.6096846240575718,483300607.0,48.8,594.2,-20.5
2025-05-23,320.62,326.893,258.678,126.38,125.79,4.3,225000.0,4.0,4.51,5.04,0.51,0.15,22.29,0.93,3.4,1.88,21833.9,6688726.0,166.82772827148438,4.33,121.3837,0.7689904763790711,504744318.0,48.8,579.11,-22.55
2025-05-30,320.62,326.893,258.678,126.38,125.79,4.3,236000.0,3.89,4.41,4.92,0.52,0.05,18.57,0.91,3.31,1.84,21833.9,6673244.0,166.82772827148438,4.33,121.7674,0.7708477598997551,515308274.0,48.8,589.39,-22.1
2025-06-06,321.435,327.658,260.491,126.743,126.121,4.1,244000.0,4.04,4.51,4.97,0.47,0.08,16.77,0.87,3.09,1.73,21938.7,6672885.0,221.13490295410156,4.33,121.161,0.7393013621404197,539338283.0,48.6,599.14,-22.55
2025-06-13,321.435,327.658,260.491,126.743,126.121,4.1,246000.0,3.96,4.41,4.9,0.45,-0.04,20.82,0.88,3.18,1.75,21938.7,6677155.0,221.13490295410156,4.33,120.3245,0.6668566921356127,560923823.0,48.6,597.0,-23.15
2025-06-20,321.435,327.658,260.491,126.743,126.121,4.1,243000.0,3.9,4.38,4.89,0.48,-0.01,20.62,0.88,3.13,1.76,21938.7,6681056.0,221.13490295410156,4.33,121.0408,0.7273152819416293,451021451.0,48.6,594.28,-22.55
2025-06-27,321.435,327.658,260.491,126.743,126.121,4.1,236000.0,3.73,4.29,4.85,0.56,-0.1,16.32,0.88,3.02,1.79,21938.7,6662200.0,221.13490295410156,4.33,119.659,0.6756930980757666,485529387.0,48.6,614.91,-22.55
2025-07-04,322.169,328.682,262.358,126.96,126.43,4.3,231000.0,3.88,4.35,4.86,0.47,-0.07,17.48,0.8,2.8,1.67,22020.4,6659598.0,134.2220001220703,4.33,119.2382,0.6158120244021469,499980756.0,49.0,625.34,-25.1
2025-07-11,322.169,328.682,262.358,126.96,126.43,4.3,228000.0,3.9,4.43,4.96,0.53,0.02,16.4,0.83,2.97,1.72,22020.4,6661912.0,134.2220001220703,4.33,119.9214,0.6739554948583256,527238966.0,49.0,623.62,-25.55
2025-07-18,322.169,328.682,262.358,126.96,126.43,4.3,221000.0,3.88,4.44,5.0,0.56,0.04,16.41,0.8,2.93,1.73,22020.4,6659273.0,134.2220001220703,4.33,120.356,0.6376661067377529,480694426.0,49.0,627.58,-24.25
2025-07-25,322.169,328.682,262.358,126.96,126.43,4.3,218000.0,3.91,4.4,4.92,0.49,-0.02,14.93,0.78,2.84,1.69,22020.4,6657715.0,134.2220001220703,4.33,119.9857,0.7208655667710546,512440500.0,49.0,637.1,-25.25
2025-08-01,323.291,329.7,262.11,127.293,126.714,4.3,219000.0,3.69,4.23,4.81,0.54,-0.12,20.38,0.82,3.13,1.75,22087.1,6642578.0,138.98846435546875,4.33,121.2122,0.8534214268010508,536926742.0,48.4,621.72,-22.65
2025-08-08,323.291,329.7,262.11,127.293,126.714,4.3,226000.0,3.76,4.27,4.85,0.51,-0.05,15.15,0.8,2.94,1.74,22087.1,6640843.0,138.98846435546875,4.33,120.3329,0.7015093860965201,562037976.0,48.4,637.18,-24.1
2025-08-15,323.291,329.7,262.11,127.293,126.714,4.3,224000.0,3.75,4.33,4.92,0.58,0.03,15.09,0.75,2.88,1.69,22087.1,6643615.0,138.98846435546875,4.33,120.3377,0.6280369558818176,515680789.0,48.4,643.44,-24.2
2025-08-22,323.291,329.7,262.11,127.293,126.714,4.3,233000.0,3.68,4.26,4.88,0.58,-0.01,14.22,0.77,2.88,1.73,22087.1,6618415.0,138.98846435546875,4.33,120.2774,0.671761051338325,537887090.0,48.4,645.31,-25.4
2025-08-29,323.291,329.7,262.11,127.293,126.714,4.3,229000.0,3.59,4.23,4.92,0.64,0.0,15.36,0.8,2.82,1.8,22087.1,6603384.0,138.98846435546875,4.33,120.2082,0.6589386511316923,559267610.0,48.4,645.05,-23.05
2025-09-05,324.245,330.418,262.054,127.625,126.954,4.4,236000.0,3.51,4.1,4.78,0.59,0.03,15.18,0.79,2.83,1.78,22170.4,6602071.0,126.74058532714844,4.22,120.1282,0.6890013636581753,577597247.0,48.9,647.24,-23.35
2025-09-12,324.245,330.418,262.054,127.625,126.954,4.4,259000.0,3.56,4.06,4.68,0.5,-0.02,14.76,0.77,2.79,1.7,22170.4,6605962.0,126.74058532714844,4.22,120.0611,0.5968226048037372,611735081.0,48.9,657.41,-25.0
2025-09-19,324.245,330.418,262.054,127.625,126.954,4.4,233000.0,3.57,4.14,4.75,0.57,0.11,15.45,0.74,2.72,1.68,22170.4,6608597.0,126.74058532714844,4.22,119.7858,0.6011603275992404,528677640.0,48.9,663.7,-24.45
2025-09-26,324.245,330.418,262.054,127.625,126.954,4.4,219000.0,3.63,4.2,4.77,0.57,0.18,15.29,0.75,2.75,1.65,22170.4,6608395.0,126.74058532714844,4.22,120.4349,0.6681589229083702,566497880.0,48.9,661.82,-21.6
2025-10-03,324.245,330.418,260.591,127.871,127.243,4.4,225000.0,3.58,4.13,4.71,0.55,0.1,16.65,0.75,2.8,1.66,22245.1,6587119.0,154.51292419433594,4.09,120.0881,0.6566940812480193,595791016.0,48.9,669.21,-22.55
2025-10-10,324.245,330.418,260.591,127.871,127.243,4.4,233000.0,3.52,4.05,4.63,0.53,0.03,21.66,0.81,3.18,1.72,22245.1,6590815.0,154.51292419433594,4.09,121.1163,0.7824039128417795,630197547.0,48.9,653.02,-22.75
2025-10-17,324.245,330.418,260.591,127.871,127.243,4.4,222000.0,3.46,4.02,4.6,0.56,0.02,20.78,0.8,3.04,1.7,22245.1,6596454.0,154.51292419433594,4.09,120.7028,0.8203797274237542,579125643.0,48.9,664.39,-23.5
2025-10-24,324.245,330.418,260.591,127.871,127.243,4.4,231000.0,3.48,4.02,4.59,0.54,0.09,16.37,0.77,2.88,1.65,22245.1,6589533.0,154.51292419433594,4.09,120.9345,0.7142532750190169,607096405.0,48.9,677.25,-23.25
2025-10-31,324.245,330.418,260.591,127.871,127.243,4.4,221000.0,3.6,4.11,4.67,0.51,0.22,17.44,0.8,2.94,1.69,22245.1,6587034.0,154.51292419433594,4.09,121.3859,0.7186333233865517,628110877.0,48.8,682.06,-22.25
2025-11-07,325.063,331.043,261.914,128.152,127.469,4.5,228000.0,3.55,4.11,4.7,0.56,0.19,19.08,0.84,3.15,1.75,22277.3,6572732.0,104.35176849365234,3.88,121.388,0.8067153323210857,651159743.0,48.8,670.97,-20.85
2025-11-14,325.063,331.043,261.914,128.152,127.469,4.5,228000.0,3.62,4.14,4.74,0.52,0.19,19.83,0.83,3.07,1.77,22277.3,6580462.0,104.35176849365234,3.88,120.9666,0.8062590274251653,670758488.0,48.8,671.93,-21.75
2025-11-21,325.063,331.043,261.914,128.152,127.469,4.5,222000.0,3.51,4.06,4.71,0.55,0.16,23.43,0.86,3.19,1.82,22277.3,6555283.0,104.35176849365234,3.88,121.8653,0.8437825537787784,602095041.0,48.8,659.03,-22.1
2025-11-28,325.063,331.043,261.914,128.152,127.469,4.5,218000.0,3.47,4.02,4.67,0.55,0.14,16.35,0.82,2.95,1.78,22277.3,6552419.0,104.35176849365234,3.88,121.0527,0.5902872137794878,614743232.0,48.8,683.39,-20.4
2025-12-05,326.031,331.814,261.333,128.576,127.886,4.4,216000.0,3.56,4.14,4.79,0.58,0.43,15.41,0.79,2.85,1.74,22353.4,6535781.0,132.48622131347656,3.72,120.6863,0.6746399340495398,643805039.0,48.0,685.69,-20.75
2025-12-12,326.031,331.814,261.333,128.576,127.886,4.4,235000.0,3.52,4.19,4.85,0.67,0.56,15.74,0.8,2.91,1.76,22353.4,6539303.0,132.48622131347656,3.72,120.1442,0.6620595557503764,665338663.0,48.0,681.76,-17.25
2025-12-19,326.031,331.814,261.333,128.576,127.886,4.4,224000.0,3.48,4.16,4.82,0.68,0.54,14.91,0.8,2.9,1.76,22353.4,6556861.0,132.48622131347656,3.72,120.1652,0.7382941864519338,559066819.0,48.0,680.59,-17.95
2025-12-26,326.031,331.814,261.333,128.576,127.886,4.4,215000.0,3.46,4.14,4.81,0.68,0.5,13.6,0.79,2.86,1.75,22353.4,6581231.0,132.48622131347656,3.72,119.4723,0.6772349974694652,571348784.0,48.0,690.31,-17.25
2026-01-02,326.588,332.793,263.608,129.023,128.455,4.3,203000.0,3.47,4.19,4.86,0.72,0.54,14.51,0.79,2.83,1.74,22429.3,6640618.0,168.62986755371094,3.64,119.6059,0.6764994816009855,577316664.0,47.9,683.17,-16.55
2026-01-09,326.588,332.793,263.608,129.023,128.455,4.3,207000.0,3.54,4.18,4.82,0.64,0.56,14.49,0.78,2.74,1.7,22429.3,6573602.0,168.62986755371094,3.64,120.2215,0.7018482656469697,615043667.0,47.9,694.07,-16.25
2026-01-16,326.588,332.793,263.608,129.023,128.455,4.3,201000.0,3.59,4.24,4.83,0.65,0.57,15.86,0.75,2.65,1.63,22429.3,6581700.0,168.62986755371094,3.64,120.0838,0.7312422160624176,471291174.0,47.9,691.66,-16.25
2026-01-23,326.588,332.793,263.608,129.023,128.455,4.3,210000.0,3.6,4.24,4.82,0.64,0.54,16.09,0.73,2.68,1.61,22429.3,6584580.0,168.62986755371094,3.64,118.8976,0.7645764318354337,499990902.0,47.9,689.23,-16.25
2026-01-30,326.588,332.793,263.608,129.023,128.455,4.3,211000.0,3.52,4.26,4.87,0.74,0.59,17.44,0.74,2.8,1.62,22429.3,6587568.0,168.62986755371094,3.64,117.8996,0.7891907613349718,532641829.0,47.9,691.97,-16.05
2026-02-06,327.46,333.512,269.553,129.539,128.961,4.4,230000.0,3.5,4.22,4.85,0.72,0.54,17.76,0.76,2.87,1.65,22626.9,6605909.0,119.86540985107422,3.64,118.2407,0.7557096195265445,569260820.0,52.6,690.62,-16.65
2026-02-13,327.46,333.512,269.553,129.539,128.961,4.4,230000.0,3.4,4.04,4.69,0.64,0.36,20.6,0.79,2.95,1.72,22626.9,6622382.0,119.86540985107422,3.64,117.5258,0.767022020513835,593918462.0,52.6,681.75,-17.75
2026-02-20,327.46,333.512,269.553,129.539,128.961,4.4,208000.0,3.48,4.08,4.72,0.6,0.39,19.09,0.78,2.86,1.69,22626.9,6613395.0,119.86540985107422,3.64,117.9917,0.8302924493103345,525122857.0,52.6,689.43,-18.25
2026-02-27,327.46,333.512,269.553,129.539,128.961,4.4,211000.0,3.38,3.97,4.64,0.59,0.3,19.86,0.85,3.1,1.8,22626.9,6613797.0,119.86540985107422,3.64,117.8223,0.7924417389944601,560491759.0,52.6,685.99,-17.45
2026-03-06,330.293,334.165,275.979,130.403,129.343,4.3,214000.0,3.56,4.15,4.77,0.59,0.46,29.49,0.84,3.13,1.75,22686.2,6628894.0,330.94464111328125,3.64,119.491,0.91441175310442,592959503.0,52.4,672.38,-17.75
2026-03-13,330.293,334.165,275.979,130.403,129.343,4.3,213000.0,3.73,4.28,4.9,0.55,0.56,27.19,0.93,3.28,1.83,22686.2,6646344.0,330.94464111328125,3.64,120.5518,0.8527724154799898,614915379.0,52.4,662.29,-18.1
2026-03-20,330.293,334.165,275.979,130.403,129.343,4.3,205000.0,3.88,4.39,4.96,0.51,0.65,26.78,0.88,3.24,1.79,22686.2,6655939.0,330.94464111328125,3.64,120.2757,0.926324359150146,512339312.0,52.4,648.57,-15.75
2026-03-27,330.293,334.165,275.979,130.403,129.343,4.3,211000.0,3.88,4.44,4.98,0.56,0.71,31.05,0.91,3.42,1.78,22686.2,6657161.0,330.94464111328125,3.64,120.8851,0.9700923221468475,544939524.0,52.4,634.09,-19.0
2026-04-03,332.407,335.423,282.7,130.938,129.667,4.3,203000.0,3.84,4.35,4.91,0.51,0.64,23.87,0.86,3.13,1.74,22804.5,6675344.0,254.42950439453125,3.64,120.6565,0.9822061926134449,557597405.0,52.7,655.83,-17.35
2026-04-10,332.407,335.423,282.7,130.938,129.667,4.3,218000.0,3.81,4.31,4.91,0.5,0.62,19.23,0.82,2.94,1.72,22804.5,6693871.0,254.42950439453125,3.64,118.8552,0.7922692690718346,584738685.0,52.7,679.46,-17.75
2026-04-17,332.407,335.423,282.7,130.938,129.667,4.3,208000.0,3.71,4.26,4.88,0.55,0.56,17.48,0.8,2.83,1.72,22804.5,6705696.0,254.42950439453125,3.64,118.0795,0.6149991089105703,535273661.0,52.7,710.14,-17.0
2026-04-24,332.407,335.423,282.7,130.938,129.667,4.3,215000.0,3.78,4.31,4.91,0.53,0.62,18.71,0.8,2.86,1.7,22804.5,6707419.0,254.42950439453125,3.64,118.7294,0.7337677546108402,564646497.0,52.7,713.94,-17.25
2026-05-01,333.979,336.121,292.504,131.527,130.082,4.3,190000.0,3.88,4.39,4.97,0.51,0.71,16.99,0.81,2.77,1.69,23052.3,6699950.0,203.55667114257812,3.63,118.3926,0.6729608495061143,587798228.0,52.7,720.65,-16.75
2026-05-08,333.979,336.121,292.504,131.527,130.082,4.3,199000.0,3.9,4.38,4.95,0.48,0.69,17.19,0.79,2.81,1.65,23052.3,6709505.0,203.55667114257812,3.63,118.0392,0.6725274200798405,624334429.0,52.7,737.62,-16.55
2026-05-15,333.979,336.121,292.504,131.527,130.082,4.3,212000.0,4.09,4.59,5.12,0.5,0.9,18.43,0.75,2.8,1.62,23052.3,6728502.0,203.55667114257812,3.63,119.2825,0.7369347830294837,578061868.0,52.7,739.17,-15.75
2026-05-22,333.979,336.121,292.504,131.527,130.082,4.3,210000.0,4.13,4.56,5.07,0.43,0.88,16.7,0.74,2.74,1.57,23052.3,6713643.0,203.55667114257812,3.63,119.2868,0.649909201513371,604368393.0,52.7,745.64,-14.45
2026-05-29,333.979,336.121,292.504,131.527,130.082,4.3,212000.0,3.98,4.45,4.99,0.47,0.76,15.32,0.73,2.72,1.57,23052.3,6704383.0,203.55667114257812,3.63,118.8783,0.5582313721277505,625997911.0,52.7,756.48,-14.25
2026-06-05,333.979,336.121,292.504,131.527,130.082,4.3,225000.0,4.17,4.55,5.01,0.38,0.77,21.51,0.74,2.76,1.51,23052.3,6711495.0,173.63955688476562,3.63,120.0831,0.8672780110820619,657320622.0,54.0,737.55,-14.25
2026-06-12,333.979,336.121,292.504,131.527,130.082,4.3,230000.0,4.09,4.48,4.97,0.39,0.7,17.68,0.74,2.71,1.53,23052.3,6725397.0,173.63955688476562,3.63,119.5073,0.6664911025735587,678982715.0,54.0,741.75,-14.0
2026-06-19,333.979,336.121,292.504,131.527,130.082,4.3,227000.0,4.19,4.46,4.9,0.27,0.63,16.78,0.74,2.66,1.51,23052.3,6736424.0,173.63955688476562,3.63,120.3958,0.7988833690118607,553728436.0,54.0,746.74,-14.25
2026-06-26,333.979,336.121,292.504,131.527,130.082,4.3,215000.0,4.07,4.38,4.87,0.31,0.55,18.41,0.77,2.83,1.56,23052.3,6735645.0,173.63955688476562,3.63,120.8866,0.914944024073954,590382184.0,54.0,728.99,-14.75
2026-07-03,333.979,336.121,292.504,131.527,130.082,4.3,215000.0,4.14,4.44,4.91,0.31,0.63,16.45,0.76,2.75,1.53,23052.3,6735645.0,173.63955688476562,3.63,120.8866,0.7332265371270873,619272463.0,53.3,745.76,-14.75
